[1786180887] Log start
[1786180887] llama_generate_text: build = 3029 (b864b50c)
[1786180887] llama_generate_text: built with Clang 18.1.6 for 
[1786180887] llama_generate_text: seed  = 1786180887
[1786180887] llama_generate_text: llama backend init
[1786180887] llama_generate_text: load the model and apply lora adapter, if any
[1786180890] warming up the model with an empty run
[1786180890] n_ctx: 7008
[1786180890] 
[1786180890] system_info: n_threads = 4 / 12 | AVX = 1 | AVX_VNNI = 0 | AVX2 = 1 | AVX512 = 0 | AVX512_VBMI = 0 | AVX512_VNNI = 0 | AVX512_BF16 = 0 | FMA = 1 | NEON = 0 | SVE = 0 | ARM_FMA = 0 | F16C = 1 | FP16_VA = 0 | WASM_SIMD = 0 | BLAS = 1 | SSE3 = 1 | SSSE3 = 1 | VSX = 0 | MATMUL_INT8 = 0 | LLAMAFILE = 1 | 
[1786180890] add_bos: 0
[1786180890] tokenize the prompt
[1786180890] prompt: "Role: archive_ai
Goal: Generate consistent archive content.
Rule FCT: Never invent established facts.
Rule UNK: Use UNKNOWN when evidence is insufficient.
Rule CON: Never contradict established facts.
Rule FMT: Follow output schema.
Rule CHR: Generate a concise character-facing profile statement.
Rule NME: Name the subject using the provided character identity.
Rule SOC: Keep the description grounded in 1940s Indonesian society.
Rule WLD: Use the selected world context and historical period.
Rule LOC: Keep institutions, places, and era references consistent with the selected context.
Rule EVE: Avoid anachronistic administrative or technical details.
Rule LANG: Produce output in the configured language.
Rule IDN: If no language is specified, default to Bahasa Indonesia.
Output language: English

Context:
{
	"ethnicities": [
		{
			"id": "indonesia",
			"name": "Indonesian",
			"name_style": "Indonesia"
		},
		{
			"id": "dutch",
			"name": "Dutch",
			"name_style": "Dutch"
		},
		{
			"id": "japanese",
			"name": "Japanese",
			"name_style": "Japanese"
		},
		{
			"id": "indo_european",
			"name": "Indo-European (Dutch-Indonesian)",
			"name_style": "Mixed Dutch-Indonesian"
		},
		{
			"id": "chinese_indonesian",
			"name": "Chinese Indonesian",
			"name_style": "Chinese-Indonesian"
		}
	],
	"generation_constraints": {
		"fiction_policy": {
			"allow_alternate_history": false,
			"allow_fictional_characters": true,
			"allow_fictional_locations": true,
			"allow_real_historical_figures": false,
			"real_events_reference": true
		},
		"forbidden_elements": {
			"anachronistic_items": [
				"plastic products",
				"synthetic materials",
				"modern clothing brands",
				"modern weapons",
				"modern appliances",
				"modern architecture"
			],
			"fantasy_and_fiction": [
				"magic",
				"supernatural powers",
				"monsters",
				"aliens",
				"time travel",
				"parallel universe",
				"fictional technology"
			],
			"modern_concepts": [
				"modern corporation",
				"modern legal system",
				"modern government structure",
				"modern banking",
				"cryptocurrency",
				"online communication",
				"modern education system",
				"modern medical facilities"
			],
			"social_context": [
				"anachronistic social values",
				"modern slang",
				"modern internet culture",
				"modern political terminology"
			],
			"technology": [
				"smartphone",
				"mobile phone",
				"computer",
				"internet",
				"social media",
				"digital database",
				"modern camera",
				"television",
				"radio communication beyond historical capability",
				"modern vehicles",
				"GPS",
				"artificial intelligence"
			]
		}
	},
	"institutions": [
		{
			"authority": "Local governance",
			"id": "village_administration",
			"name": "Village Administration",
			"timeline": [
				{
					"controller": "local_authority",
					"document_types": [
						"birth_record",
						"ownership_record",
						"witness_statement",
						"residency_certificate"
					],
					"end_year": 1949.0,
					"languages": [
						"indonesian",
						"kutai_malay"
					],
					"start_year": 1940.0
				}
			]
		},
		{
			"authority": "Regional government management",
			"id": "district_administration",
			"name": "District Administration",
			"timeline": [
				{
					"controller": "dutch_colonial",
					"document_types": [
						"official_notice",
						"administrative_report",
						"tax_record",
						"residency_certificate"
					],
					"end_year": 1942.0,
					"languages": [
						"dutch"
					],
					"start_year": 1940.0
				},
				{
					"controller": "japanese_occupation",
					"document_types": [
						"official_notice",
						"administrative_report"
					],
					"end_year": 1945.0,
					"languages": [
						"japanese",
						"indonesian"
					],
					"start_year": 1942.0
				},
				{
					"controller": "indonesian_republic",
					"document_types": [
						"official_notice",
						"administrative_report",
						"residency_certificate"
					],
					"end_year": 1949.0,
					"languages": [
						"indonesian"
					],
					"start_year": 1945.0
				}
			]
		},
		{
			"authority": "Historical record management and document verification",
			"id": "records_department",
			"name": "District Records Department",
			"timeline": [
				{
					"controller": "dutch_colonial",
					"document_types": [
						"archive_report",
						"record_summary",
						"document_verification"
					],
					"end_year": 1942.0,
					"languages": [
						"dutch"
					],
					"start_year": 1940.0
				},
				{
					"controller": "japanese_occupation",
					"document_types": [
						"archive_report",
						"record_summary"
					],
					"end_year": 1945.0,
					"languages": [
						"japanese",
						"indonesian"
					],
					"start_year": 1942.0
				},
				{
					"controller": "indonesian_republic",
					"document_types": [
						"archive_report",
						"record_summary",
						"document_verification"
					],
					"end_year": 1949.0,
					"languages": [
						"indonesian"
					],
					"start_year": 1945.0
				}
			]
		},
		{
			"authority": "Colonial government records",
			"id": "dutch_colonial_administration",
			"name": "Dutch Colonial Administration",
			"timeline": [
				{
					"controller": "dutch_colonial",
					"document_types": [
						"land_record",
						"tax_record",
						"official_notice",
						"administrative_report"
					],
					"end_year": 1942.0,
					"languages": [
						"dutch"
					],
					"start_year": 1940.0
				}
			]
		},
		{
			"authority": "Military government records",
			"id": "japanese_occupation_administration",
			"name": "Japanese Occupation Administration",
			"timeline": [
				{
					"controller": "japanese_occupation",
					"document_types": [
						"official_notice",
						"administrative_report",
						"inventory_record"
					],
					"end_year": 1945.0,
					"languages": [
						"japanese",
						"indonesian"
					],
					"start_year": 1942.0
				}
			]
		},
		{
			"authority": "Early independence government records",
			"id": "indonesian_republic_administration",
			"name": "Indonesian Republic Administration",
			"timeline": [
				{
					"controller": "indonesian_republic",
					"document_types": [
						"official_notice",
						"residency_certificate",
						"citizenship_certificate",
						"administrative_report"
					],
					"end_year": 1949.0,
					"languages": [
						"indonesian"
					],
					"start_year": 1945.0
				}
			]
		},
		{
			"authority": "Agricultural business management",
			"id": "plantation_company",
			"name": "Plantation Company",
			"timeline": [
				{
					"controller": "private_company",
					"document_types": [
						"employment_contract",
						"inventory_record",
						"employment_record",
						"ownership_record"
					],
					"end_year": 1949.0,
					"languages": [
						"dutch",
						"indonesian"
					],
					"start_year": 1940.0
				}
			]
		},
		{
			"authority": "Industrial resource management",
			"id": "oil_company",
			"name": "Oil Company",
			"timeline": [
				{
					"controller": "dutch_company",
					"document_types": [
						"contract",
						"inventory_record",
						"employment_record",
						"report"
					],
					"end_year": 1942.0,
					"languages": [
						"dutch"
					],
					"start_year": 1940.0
				},
				{
					"controller": "japanese_controlled_company",
					"document_types": [
						"inventory_record",
						"administrative_report"
					],
					"end_year": 1945.0,
					"languages": [
						"japanese",
						"indonesian"
					],
					"start_year": 1942.0
				},
				{
					"controller": "indonesian_company",
					"document_types": [
						"contract",
						"employment_record",
						"inventory_record"
					],
					"end_year": 1949.0,
					"languages": [
						"indonesian"
					],
					"start_year": 1945.0
				}
			]
		},
		{
			"authority": "Trade and commerce records",
			"id": "merchant_association",
			"name": "Merchant Association",
			"timeline": [
				{
					"controller": "civilian",
					"document_types": [
						"contract",
						"inventory_record",
						"personal_letter"
					],
					"end_year": 1949.0,
					"languages": [
						"indonesian",
						"kutai_malay"
					],
					"start_year": 1940.0
				}
			]
		},
		{
			"authority": "Community and family records",
			"id": "religious_institution",
			"name": "Religious Institution",
			"timeline": [
				{
					"controller": "community",
					"document_types": [
						"birth_record",
						"marriage_record",
						"marriage_certificate",
						"divorce_certificate"
					],
					"end_year": 1949.0,
					"languages": [
						"indonesian",
						"kutai_malay"
					],
					"start_year": 1940.0
				}
			]
		},
		{
			"authority": "Local customary decisions",
			"id": "traditional_council",
			"name": "Traditional Community Council",
			"timeline": [
				{
					"controller": "local_authority",
					"document_types": [
						"witness_statement",
						"customary_ownership_record",
						"customary_confirmation_letter"
					],
					"end_year": 1949.0,
					"languages": [
						"kutai_malay"
					],
					"start_year": 1940.0
				}
			]
		},
		{
			"authority": "Education records",
			"id": "school_administration",
			"name": "School Administration",
			"timeline": [
				{
					"controller": "dutch_colonial",
					"document_types": [
						"student_record",
						"academic_certificate",
						"attendance_record"
					],
					"end_year": 1942.0,
					"languages": [
						"dutch",
						"indonesian"
					],
					"start_year": 1940.0
				},
				{
					"controller": "japanese_occupation",
					"document_types": [
						"student_record",
						"academic_certificate",
						"attendance_record"
					],
					"end_year": 1945.0,
					"languages": [
						"japanese",
						"indonesian"
					],
					"start_year": 1942.0
				},
				{
					"controller": "indonesian_republic",
					"document_types": [
						"student_record",
						"academic_certificate",
						"attendance_record"
					],
					"end_year": 1949.0,
					"languages": [
						"indonesian"
					],
					"start_year": 1945.0
				}
			]
		},
		{
			"authority": "Health records",
			"id": "medical_institution",
			"name": "Medical Institution",
			"timeline": [
				{
					"controller": "civilian",
					"document_types": [
						"medical_record",
						"medical_certificate",
						"report"
					],
					"end_year": 1949.0,
					"languages": [
						"dutch",
						"indonesian"
					],
					"start_year": 1940.0
				}
			]
		},
		{
			"authority": "Investigation and security records",
			"id": "security_office",
			"name": "Security Office",
			"timeline": [
				{
					"controller": "dutch_colonial",
					"document_types": [
						"investigation_report",
						"official_notice",
						"witness_statement"
					],
					"end_year": 1942.0,
					"languages": [
						"dutch",
						"indonesian"
					],
					"start_year": 1940.0
				},
				{
					"controller": "japanese_occupation",
					"document_types": [
						"investigation_report",
						"official_notice"
					],
					"end_year": 1945.0,
					"languages": [
						"japanese",
						"indonesian"
					],
					"start_year": 1942.0
				}
			]
		},
		{
			"authority": "Private historical records",
			"id": "family_archive",
			"name": "Family Archive",
			"timeline": [
				{
					"controller": "private",
					"document_types": [
						"personal_letter",
						"diary_entry",
						"certificate"
					],
					"end_year": 1949.0,
					"languages": [
						"indonesian",
						"kutai_malay",
						"dutch"
					],
					"start_year": 1940.0
				}
			]
		}
	],
	"languages": [
		{
			"generation": {
				"allowed": true,
				"full_document_generation": true
			},
			"id": "indonesian",
			"name": "Indonesian",
			"usage": [
				"local communication",
				"community records",
				"personal letters"
			]
		},
		{
			"generation": {
				"allowed": true,
				"full_document_generation": true
			},
			"id": "dutch",
			"name": "Dutch",
			"usage": [
				"colonial administration",
				"official records",
				"legal documents"
			]
		},
		{
			"generation": {
				"allowed": true,
				"full_document_generation": true
			},
			"id": "japanese",
			"name": "Japanese",
			"usage": [
				"occupation administration",
				"military records"
			]
		},
		{
			"generation": {
				"allowed": true,
				"full_document_generation": false
			},
			"id": "kutai_malay",
			"name": "Kutai Malay",
			"usage": [
				"personal letters"
			]
		}
	],
	"overview": {
		"description": "A fictional historical setting inspired by Indonesia (Balikpapan) during the 1940s, where society undergoes political transition and administrative changes.",
		"historical_context": [
			"Late Dutch colonial period",
			"Japanese occupation period (1942-1945)",
			"Indonesian independence period after 1945",
			"Political and administrative transition",
			"Located in Balikpapan City"
		],
		"id": "indonesia_1940s",
		"name": "Indonesia 1940s Archive",
		"time_period": {
			"description": "A period involving late colonial administration, Japanese occupation, and early independence era.",
			"end_year": 1949.0,
			"start_year": 1940.0
		}
	},
	"required_elements": {
		"document_properties": [
			"author",
			"date",
			"location",
			"institution",
			"language"
		],
		"setting": [
			"1940s Indonesian society",
			"historical administration",
			"physical documents",
			"paper-based records"
		],
		"technology_level": [
			"handwritten documents",
			"typewriters",
			"postal communication",
			"printed records"
		]
	}
}

User request:
Generate a one-sentence character biography for Inoue Reiko (female, japanese)."
[1786180890] tokens: [ 'Role':9030, ':':25, ' archive':18132, '_ai':69415, '':198, 'Goal':39992, ':':25, ' Generate':19813, ' consistent':12966, ' archive':18132, ' content':2213, '.':624, 'Rule':11337, ' F':434, 'CT':1162, ':':25, ' Never':14695, ' invent':17023, ' established':9555, ' facts':13064, '.':624, 'Rule':11337, ' UN':6643, 'K':42, ':':25, ' Use':5443, ' UNKNOWN':61395, ' when':979, ' evidence':5904, ' is':374, ' insufficient':38313, '.':624, 'Rule':11337, ' CON':3418, ':':25, ' Never':14695, ' contradict':42461, ' established':9555, ' facts':13064, '.':624, 'Rule':11337, ' F':434, 'MT':8505, ':':25, ' Follow':11112, ' output':2550, ' schema':10802, '.':624, 'Rule':11337, ' CHR':61576, ':':25, ' Generate':19813, ' a':264, ' concise':63594, ' character':3668, '-facing':63306, ' profile':5526, ' statement':5114, '.':624, 'Rule':11337, ' N':451, 'ME':7462, ':':25, ' Name':3988, ' the':279, ' subject':3832, ' using':1667, ' the':279, ' provided':3897, ' character':3668, ' identity':9569, '.':624, 'Rule':11337, ' SOC':37650, ':':25, ' Keep':13655, ' the':279, ' description':4008, ' grounded':44345, ' in':304, ' ':220, '1':16, '9':24, '4':19, '0':15, 's':82, ' Indonesian':58829, ' society':8232, '.':624, 'Rule':11337, ' W':467, 'LD':12335, ':':25, ' Use':5443, ' the':279, ' selected':4091, ' world':1879, ' context':2266, ' and':323, ' historical':13656, ' period':4168, '.':624, 'Rule':11337, ' LOC':27096, ':':25, ' Keep':13655, ' institutions':14336, ',':11, ' places':7482, ',':11, ' and':323, ' era':11385, ' references':15057, ' consistent':12966, ' with':448, ' the':279, ' selected':4091, ' context':2266, '.':624, 'Rule':11337, ' EVE':86635, ':':25, ' Avoid':34006, ' an':458, 'ach':610, 'ron':2248, 'istic':4532, ' administrative':22707, ' or':476, ' technical':10916, ' details':3565, '.':624, 'Rule':11337, ' LANG':65997, ':':25, ' Produce':86888, ' output':2550, ' in':304, ' the':279, ' configured':19755, ' language':4128, '.':624, 'Rule':11337, ' ID':3034, 'N':45, ':':25, ' If':1416, ' no':902, ' language':4128, ' is':374, ' specified':5189, ',':11, ' default':1638, ' to':311, ' Bah':31329, 'asa':15428, ' Indonesia':23968, '.':624, 'Output':5097, ' language':4128, ':':25, ' English':6364, '':271, 'Context':1972, ':':510, '{':515, '':197, '"':1, 'ethnic':80418, 'ities':1361, '":':788, ' [':2278, '':197, '':197, '{':515, '':298, '':197, '"id':28700, '":':788, ' "':330, 'ind':484, 'onesia':56672, '",':756, '':298, '':197, '"name':31486, '":':788, ' "':330, 'Ind':1425, 'ones':3154, 'ian':1103, '",':756, '':298, '':197, '"name':31486, '_style':15117, '":':788, ' "':330, 'Ind':1425, 'onesia':56672, '"':698, '':197, '':197, '},':1583, '':197, '':197, '{':515, '':298, '':197, '"id':28700, '":':788, ' "':330, 'd':67, 'utch':14061, '",':756, '':298, '':197, '"name':31486, '":':788, ' "':330, 'D':35, 'utch':14061, '",':756, '':298, '':197, '"name':31486, '_style':15117, '":':788, ' "':330, 'D':35, 'utch':14061, '"':698, '':197, '':197, '},':1583, '':197, '':197, '{':515, '':298, '':197, '"id':28700, '":':788, ' "':330, 'j':73, 'apanese':28689, '",':756, '':298, '':197, '"name':31486, '":':788, ' "':330, 'Japanese':51466, '",':756, '':298, '':197, '"name':31486, '_style':15117, '":':788, ' "':330, 'Japanese':51466, '"':698, '':197, '':197, '},':1583, '':197, '':197, '{':515, '':298, '':197, '"id':28700, '":':788, ' "':330, 'indo':34999, '_e':2204, 'uropean':73287, '",':756, '':298, '':197, '"name':31486, '":':788, ' "':330, 'Ind':1425, 'o':78, '-European':87635, ' (':320, 'D':35, 'utch':14061, '-':12, 'Ind':1425, 'ones':3154, 'ian':1103, ')",':15752, '':298, '':197, '"name':31486, '_style':15117, '":':788, ' "':330, 'Mixed':86433, ' Dutch':23234, '-':12, 'Ind':1425, 'ones':3154, 'ian':1103, '"':698, '':197, '':197, '},':1583, '':197, '':197, '{':515, '':298, '':197, '"id':28700, '":':788, ' "':330, 'ch':331, 'inese':7346, '_ind':9122, 'ones':3154, 'ian':1103, '",':756, '':298, '':197, '"name':31486, '":':788, ' "':330, 'Chinese':44923, ' Indonesian':58829, '",':756, '':298, '':197, '"name':31486, '_style':15117, '":':788, ' "':330, 'Chinese':44923, '-':12, 'Ind':1425, 'ones':3154, 'ian':1103, '"':698, '':197, '':197, '}':532, '':197, '],':1259, '':197, '"':1, 'generation':80057, '_constraints':60267, '":':788, ' {':341, '':197, '':197, '"':1, 'fiction':57062, '_policy':22773, '":':788, ' {':341, '':298, '':197, '"':1, 'allow':7183, '_altern':79728, 'ate':349, '_history':19802, '":':788, ' false':895, ',':345, '':298, '':197, '"':1, 'allow':7183, '_f':761, 'iction':2479, 'al':278, '_characters':79060, '":':788, ' true':830, ',':345, '':298, '':197, '"':1, 'allow':7183, '_f':761, 'iction':2479, 'al':278, '_locations':45032, '":':788, ' true':830, ',':345, '':298, '':197, '"':1, 'allow':7183, '_real':15266, '_h':1523, 'istorical':95698, '_fig':62141, 'ures':1413, '":':788, ' false':895, ',':345, '':298, '':197, '"':1, 'real':7951, '_events':19691, '_reference':25433, '":':788, ' true':830, '':198, '':197, '':197, '},':1583, '':197, '':197, '"':1, 'for':1958, 'bidden':22108, '_elements':22801, '":':788, ' {':341, '':298, '':197, '"':1, 'an':276, 'ach':610, 'ron':2248, 'istic':4532, '_items':12134, '":':788, ' [':2278, '':571, '':197, '"':1, 'pl':500, 'astic':5064, ' products':3871, '",':756, '':571, '':197, '"':1, 'syn':20339, 'thetic':17556, ' materials':7236, '",':756, '':571, '':197, '"':1, 'modern':49789, ' clothing':17438, ' brands':15721, '",':756, '':571, '':197, '"':1, 'modern':49789, ' weapons':9893, '",':756, '':571, '':197, '"':1, 'modern':49789, ' appliances':33702, '",':756, '':571, '':197, '"':1, 'modern':49789, ' architecture':17646, '"':698, '':298, '':197, '],':1259, '':298, '':197, '"':1, 'fant':60727, 'asy':6405, '_and':8378, '_f':761, 'iction':2479, '":':788, ' [':2278, '':571, '':197, '"':1, 'magic':37451, '",':756, '':571, '':197, '"':1, 'sup':12776, 'ern':932, 'atural':4585, ' powers':13430, '",':756, '':571, '':197, '"':1, 'mon':1645, 'sters':12570, '",':756, '':571, '':197, '"':1, 'ali':7956, 'ens':724, '",':756, '':571, '':197, '"time':32139, ' travel':5821, '",':756, '':571, '':197, '"':1, 'parallel':46103, ' universe':15494, '",':756, '':571, '':197, '"':1, 'fiction':57062, 'al':278, ' technology':5440, '"':698, '':298, '':197, '],':1259, '':298, '':197, '"':1, 'modern':49789, '_con':3382, 'cepts':57771, '":':788, ' [':2278, '':571, '':197, '"':1, 'modern':49789, ' corporation':26669, '",':756, '':571, '':197, '"':1, 'modern':49789, ' legal':5777, ' system':1849, '",':756, '':571, '':197, '"':1, 'modern':49789, ' government':3033, ' structure':5944, '",':756, '':571, '':197, '"':1, 'modern':49789, ' banking':22798, '",':756, '':571, '':197, '"':1, 'crypt':48125, 'ocurrency':77480, '",':756, '':571, '':197, '"':1, 'online':25649, ' communication':10535, '",':756, '':571, '':197, '"':1, 'modern':49789, ' education':6731, ' system':1849, '",':756, '':571, '':197, '"':1, 'modern':49789, ' medical':6457, ' facilities':12786, '"':698, '':298, '':197, '],':1259, '':298, '':197, '"':1, 'social':22386, '_context':8467, '":':788, ' [':2278, '':571, '':197, '"':1, 'an':276, 'ach':610, 'ron':2248, 'istic':4532, ' social':3590, ' values':2750, '",':756, '':571, '':197, '"':1, 'modern':49789, ' slang':79912, '",':756, '':571, '':197, '"':1, 'modern':49789, ' internet':7602, ' culture':7674, '",':756, '':571, '':197, '"':1, 'modern':49789, ' political':4948, ' terminology':56626, '"':698, '':298, '':197, '],':1259, '':298, '':197, '"':1, 'technology':58242, '":':788, ' [':2278, '':571, '':197, '"':1, 'smart':39803, 'phone':4844, '",':756, '':571, '':197, '"':1, 'mobile':14933, ' phone':4540, '",':756, '':571, '':197, '"':1, 'computer':43111, '",':756, '':571, '':197, '"':1, 'internet':85743, '",':756, '':571, '':197, '"':1, 'social':22386, ' media':3687, '",':756, '':571, '':197, '"d':44917, 'igital':10233, ' database':4625, '",':756, '':571, '':197, '"':1, 'modern':49789, ' camera':6249, '",':756, '':571, '':197, '"':1, 'te':665, 'levision':10864, '",':756, '':571, '':197, '"':1, 'radio':12636, ' communication':10535, ' beyond':7797, ' historical':13656, ' capability':22302, '",':756, '':571, '':197, '"':1, 'modern':49789, ' vehicles':11474, '",':756, '':571, '':197, '"':1, 'GPS':63176, '",':756, '':571, '':197, '"':1, 'art':471, 'ificial':16488, ' intelligence':11229, '"':698, '':298, '':197, ']':921, '':197, '':197, '}':532, '':197, '},':1583, '':197, '"in':54401, 'stitutions':92678, '":':788, ' [':2278, '':197, '':197, '{':515, '':298, '':197, '"':1, 'authority':84454, '":':788, ' "':330, 'Local':7319, ' governance':34086, '",':756, '':298, '':197, '"id':28700, '":':788, ' "':330, 'v':85, 'illage':47064, '_admin':12207, 'istration':4048, '",':756, '':298, '':197, '"name':31486, '":':788, ' "':330, 'V':53, 'illage':47064, ' Administration':16713, '",':756, '':298, '':197, '"':1, 'timeline':48960, '":':788, ' [':2278, '':571, '':197, '{':515, '':464, '':197, '"':1, 'controller':7152, '":':788, ' "':330, 'local':2438, '_author':22938, 'ity':487, '",':756, '':464, '':197, '"':1, 'document':6062, '_types':9763, '":':788, ' [':2278, '':1144, '':197, '"':1, 'birth':27713, '_record':14192, '",':756, '':1144, '':197, '"':1, 'ownership':78147, '_record':14192, '",':756, '':1144, '':197, '"w':80377, 'itness':8091, '_statement':37404, '",':756, '':1144, '':197, '"':1, 'res':416, 'idency':25775, '_certificate':63047, '"':698, '':464, '':197, '],':1259, '':464, '':197, '"':1, 'end':408, '_year':14645, '":':788, ' ':220, '1':16, '9':24, '4':19, '9':24, '.':13, '0':15, ',':345, '':464, '':197, '"':1, 'languages':42824, '":':788, ' [':2278, '':1144, '':197, '"':1, 'ind':484, 'ones':3154, 'ian':1103, '",':756, '':1144, '':197, '"k':62911, 'ut':332, 'ai':2143, '_m':717, 'al':278, 'ay':352, '"':698, '':464, '':197, '],':1259, '':464, '':197, '"':1, 'start':2468, '_year':14645, '":':788, ' ':220, '1':16, '9':24, '4':19, '0':15, '.':13, '0':15, '':198, '':571, '':197, '}':532, '':298, '':197, ']':921, '':197, '':197, '},':1583, '':197, '':197, '{':515, '':298, '':197, '"':1, 'authority':84454, '":':788, ' "':330, 'Regional':89807, ' government':3033, ' management':6240, '",':756, '':298, '':197, '"id':28700, '":':788, ' "':330, 'district':35391, '_admin':12207, 'istration':4048, '",':756, '':298, '':197, '"name':31486, '":':788, ' "':330, 'District':47840, ' Administration':16713, '",':756, '':298, '':197, '"':1, 'timeline':48960, '":':788, ' [':2278, '':571, '':197, '{':515, '':464, '':197, '"':1, 'controller':7152, '":':788, ' "':330, 'd':67, 'utch':14061, '_col':10211, 'on':263, 'ial':530, '",':756, '':464, '':197, '"':1, 'document':6062, '_types':9763, '":':788, ' [':2278, '':1144, '':197, '"':1, 'official':32812, '_notice':51807, '",':756, '':1144, '':197, '"':1, 'administr':68849, 'ative':1388, '_report':14813, '",':756, '':1144, '':197, '"':1, 'tax':17616, '_record':14192, '",':756, '':1144, '':197, '"':1, 'res':416, 'idency':25775, '_certificate':63047, '"':698, '':464, '':197, '],':1259, '':464, '':197, '"':1, 'end':408, '_year':14645, '":':788, ' ':220, '1':16, '9':24, '4':19, '2':17, '.':13, '0':15, ',':345, '':464, '':197, '"':1, 'languages':42824, '":':788, ' [':2278, '':1144, '':197, '"d':44917, 'utch':14061, '"':698, '':464, '':197, '],':1259, '':464, '':197, '"':1, 'start':2468, '_year':14645, '":':788, ' ':220, '1':16, '9':24, '4':19, '0':15, '.':13, '0':15, '':198, '':571, '':197, '},':1583, '':571, '':197, '{':515, '':464, '':197, '"':1, 'controller':7152, '":':788, ' "':330, 'j':73, 'apanese':28689, '_':62, 'occupation':58262, '",':756, '':464, '':197, '"':1, 'document':6062, '_types':9763, '":':788, ' [':2278, '':1144, '':197, '"':1, 'official':32812, '_notice':51807, '",':756, '':1144, '':197, '"':1, 'administr':68849, 'ative':1388, '_report':14813, '"':698, '':464, '':197, '],':1259, '':464, '':197, '"':1, 'end':408, '_year':14645, '":':788, ' ':220, '1':16, '9':24, '4':19, '5':20, '.':13, '0':15, ',':345, '':464, '':197, '"':1, 'languages':42824, '":':788, ' [':2278, '':1144, '':197, '"':1, 'j':73, 'apanese':28689, '",':756, '':1144, '':197, '"':1, 'ind':484, 'ones':3154, 'ian':1103, '"':698, '':464, '':197, '],':1259, '':464, '':197, '"':1, 'start':2468, '_year':14645, '":':788, ' ':220, '1':16, '9':24, '4':19, '2':17, '.':13, '0':15, '':198, '':571, '':197, '},':1583, '':571, '':197, '{':515, '':464, '':197, '"':1, 'controller':7152, '":':788, ' "':330, 'ind':484, 'ones':3154, 'ian':1103, '_re':1288, 'public':888, '",':756, '':464, '':197, '"':1, 'document':6062, '_types':9763, '":':788, ' [':2278, '':1144, '':197, '"':1, 'official':32812, '_notice':51807, '",':756, '':1144, '':197, '"':1, 'administr':68849, 'ative':1388, '_report':14813, '",':756, '':1144, '':197, '"':1, 'res':416, 'idency':25775, '_certificate':63047, '"':698, '':464, '':197, '],':1259, '':464, '':197, '"':1, 'end':408, '_year':14645, '":':788, ' ':220, '1':16, '9':24, '4':19, '9':24, '.':13, '0':15, ',':345, '':464, '':197, '"':1, 'languages':42824, '":':788, ' [':2278, '':1144, '':197, '"':1, 'ind':484, 'ones':3154, 'ian':1103, '"':698, '':464, '':197, '],':1259, '':464, '':197, '"':1, 'start':2468, '_year':14645, '":':788, ' ':220, '1':16, '9':24, '4':19, '5':20, '.':13, '0':15, '':198, '':571, '':197, '}':532, '':298, '':197, ']':921, '':197, '':197, '},':1583, '':197, '':197, '{':515, '':298, '':197, '"':1, 'authority':84454, '":':788, ' "':330, 'Histor':48983, 'ical':938, ' record':3255, ' management':6240, ' and':323, ' document':2197, ' verification':22901, '",':756, '':298, '':197, '"id':28700, '":':788, ' "':330, 'records':26203, '_department':71886, '",':756, '':298, '':197, '"name':31486, '":':788, ' "':330, 'District':47840, ' Records':21566, ' Department':5887, '",':756, '':298, '':197, '"':1, 'timeline':48960, '":':788, ' [':2278, '':571, '':197, '{':515, '':464, '':197, '"':1, 'controller':7152, '":':788, ' "':330, 'd':67, 'utch':14061, '_col':10211, 'on':263, 'ial':530, '",':756, '':464, '':197, '"':1, 'document':6062, '_types':9763, '":':788, ' [':2278, '':1144, '':197, '"':1, 'archive':16019, '_report':14813, '",':756, '':1144, '':197, '"':1, 'record':8548, '_summary':27251, '",':756, '':1144, '':197, '"':1, 'document':6062, '_verification':84245, '"':698, '':464, '':197, '],':1259, '':464, '':197, '"':1, 'end':408, '_year':14645, '":':788, ' ':220, '1':16, '9':24, '4':19, '2':17, '.':13, '0':15, ',':345, '':464, '':197, '"':1, 'languages':42824, '":':788, ' [':2278, '':1144, '':197, '"d':44917, 'utch':14061, '"':698, '':464, '':197, '],':1259, '':464, '':197, '"':1, 'start':2468, '_year':14645, '":':788, ' ':220, '1':16, '9':24, '4':19, '0':15, '.':13, '0':15, '':198, '':571, '':197, '},':1583, '':571, '':197, '{':515, '':464, '':197, '"':1, 'controller':7152, '":':788, ' "':330, 'j':73, 'apanese':28689, '_':62, 'occupation':58262, '",':756, '':464, '':197, '"':1, 'document':6062, '_types':9763, '":':788, ' [':2278, '':1144, '':197, '"':1, 'archive':16019, '_report':14813, '",':756, '':1144, '':197, '"':1, 'record':8548, '_summary':27251, '"':698, '':464, '':197, '],':1259, '':464, '':197, '"':1, 'end':408, '_year':14645, '":':788, ' ':220, '1':16, '9':24, '4':19, '5':20, '.':13, '0':15, ',':345, '':464, '':197, '"':1, 'languages':42824, '":':788, ' [':2278, '':1144, '':197, '"':1, 'j':73, 'apanese':28689, '",':756, '':1144, '':197, '"':1, 'ind':484, 'ones':3154, 'ian':1103, '"':698, '':464, '':197, '],':1259, '':464, '':197, '"':1, 'start':2468, '_year':14645, '":':788, ' ':220, '1':16, '9':24, '4':19, '2':17, '.':13, '0':15, '':198, '':571, '':197, '},':1583, '':571, '':197, '{':515, '':464, '':197, '"':1, 'controller':7152, '":':788, ' "':330, 'ind':484, 'ones':3154, 'ian':1103, '_re':1288, 'public':888, '",':756, '':464, '':197, '"':1, 'document':6062, '_types':9763, '":':788, ' [':2278, '':1144, '':197, '"':1, 'archive':16019, '_report':14813, '",':756, '':1144, '':197, '"':1, 'record':8548, '_summary':27251, '",':756, '':1144, '':197, '"':1, 'document':6062, '_verification':84245, '"':698, '':464, '':197, '],':1259, '':464, '':197, '"':1, 'end':408, '_year':14645, '":':788, ' ':220, '1':16, '9':24, '4':19, '9':24, '.':13, '0':15, ',':345, '':464, '':197, '"':1, 'languages':42824, '":':788, ' [':2278, '':1144, '':197, '"':1, 'ind':484, 'ones':3154, 'ian':1103, '"':698, '':464, '':197, '],':1259, '':464, '':197, '"':1, 'start':2468, '_year':14645, '":':788, ' ':220, '1':16, '9':24, '4':19, '5':20, '.':13, '0':15, '':198, '':571, '':197, '}':532, '':298, '':197, ']':921, '':197, '':197, '},':1583, '':197, '':197, '{':515, '':298, '':197, '"':1, 'authority':84454, '":':788, ' "':330, 'Colon':88665, 'ial':530, ' government':3033, ' records':7424, '",':756, '':298, '':197, '"id':28700, '":':788, ' "':330, 'd':67, 'utch':14061, '_col':10211, 'on':263, 'ial':530, '_admin':12207, 'istration':4048, '",':756, '':298, '':197, '"name':31486, '":':788, ' "':330, 'D':35, 'utch':14061, ' Colonial':72748, ' Administration':16713, '",':756, '':298, '':197, '"':1, 'timeline':48960, '":':788, ' [':2278, '':571, '':197, '{':515, '':464, '':197, '"':1, 'controller':7152, '":':788, ' "':330, 'd':67, 'utch':14061, '_col':10211, 'on':263, 'ial':530, '",':756, '':464, '':197, '"':1, 'document':6062, '_types':9763, '":':788, ' [':2278, '':1144, '':197, '"':1, 'land':1933, '_record':14192, '",':756, '':1144, '':197, '"':1, 'tax':17616, '_record':14192, '",':756, '':1144, '':197, '"':1, 'official':32812, '_notice':51807, '",':756, '':1144, '':197, '"':1, 'administr':68849, 'ative':1388, '_report':14813, '"':698, '':464, '':197, '],':1259, '':464, '':197, '"':1, 'end':408, '_year':14645, '":':788, ' ':220, '1':16, '9':24, '4':19, '2':17, '.':13, '0':15, ',':345, '':464, '':197, '"':1, 'languages':42824, '":':788, ' [':2278, '':1144, '':197, '"d':44917, 'utch':14061, '"':698, '':464, '':197, '],':1259, '':464, '':197, '"':1, 'start':2468, '_year':14645, '":':788, ' ':220, '1':16, '9':24, '4':19, '0':15, '.':13, '0':15, '':198, '':571, '':197, '}':532, '':298, '':197, ']':921, '':197, '':197, '},':1583, '':197, '':197, '{':515, '':298, '':197, '"':1, 'authority':84454, '":':788, ' "':330, 'Military':85326, ' government':3033, ' records':7424, '",':756, '':298, '':197, '"id':28700, '":':788, ' "':330, 'j':73, 'apanese':28689, '_':62, 'occupation':58262, '_admin':12207, 'istration':4048, '",':756, '':298, '':197, '"name':31486, '":':788, ' "':330, 'Japanese':51466, ' Occupation':98352, ' Administration':16713, '",':756, '':298, '':197, '"':1, 'timeline':48960, '":':788, ' [':2278, '':571, '':197, '{':515, '':464, '':197, '"':1, 'controller':7152, '":':788, ' "':330, 'j':73, 'apanese':28689, '_':62, 'occupation':58262, '",':756, '':464, '':197, '"':1, 'document':6062, '_types':9763, '":':788, ' [':2278, '':1144, '':197, '"':1, 'official':32812, '_notice':51807, '",':756, '':1144, '':197, '"':1, 'administr':68849, 'ative':1388, '_report':14813, '",':756, '':1144, '':197, '"':1, 'inventory':31093, '_record':14192, '"':698, '':464, '':197, '],':1259, '':464, '':197, '"':1, 'end':408, '_year':14645, '":':788, ' ':220, '1':16, '9':24, '4':19, '5':20, '.':13, '0':15, ',':345, '':464, '':197, '"':1, 'languages':42824, '":':788, ' [':2278, '':1144, '':197, '"':1, 'j':73, 'apanese':28689, '",':756, '':1144, '':197, '"':1, 'ind':484, 'ones':3154, 'ian':1103, '"':698, '':464, '':197, '],':1259, '':464, '':197, '"':1, 'start':2468, '_year':14645, '":':788, ' ':220, '1':16, '9':24, '4':19, '2':17, '.':13, '0':15, '':198, '':571, '':197, '}':532, '':298, '':197, ']':921, '':197, '':197, '},':1583, '':197, '':197, '{':515, '':298, '':197, '"':1, 'authority':84454, '":':788, ' "':330, 'Early':41198, ' independence':23665, ' government':3033, ' records':7424, '",':756, '':298, '':197, '"id':28700, '":':788, ' "':330, 'ind':484, 'ones':3154, 'ian':1103, '_re':1288, 'public':888, '_admin':12207, 'istration':4048, '",':756, '':298, '':197, '"name':31486, '":':788, ' "':330, 'Ind':1425, 'ones':3154, 'ian':1103, ' Republic':5429, ' Administration':16713, '",':756, '':298, '':197, '"':1, 'timeline':48960, '":':788, ' [':2278, '':571, '':197, '{':515, '':464, '':197, '"':1, 'controller':7152, '":':788, ' "':330, 'ind':484, 'ones':3154, 'ian':1103, '_re':1288, 'public':888, '",':756, '':464, '':197, '"':1, 'document':6062, '_types':9763, '":':788, ' [':2278, '':1144, '':197, '"':1, 'official':32812, '_notice':51807, '",':756, '':1144, '':197, '"':1, 'res':416, 'idency':25775, '_certificate':63047, '",':756, '':1144, '':197, '"':1, 'cit':53861, 'izens':28960, 'hip':2151, '_certificate':63047, '",':756, '':1144, '':197, '"':1, 'administr':68849, 'ative':1388, '_report':14813, '"':698, '':464, '':197, '],':1259, '':464, '':197, '"':1, 'end':408, '_year':14645, '":':788, ' ':220, '1':16, '9':24, '4':19, '9':24, '.':13, '0':15, ',':345, '':464, '':197, '"':1, 'languages':42824, '":':788, ' [':2278, '':1144, '':197, '"':1, 'ind':484, 'ones':3154, 'ian':1103, '"':698, '':464, '':197, '],':1259, '':464, '':197, '"':1, 'start':2468, '_year':14645, '":':788, ' ':220, '1':16, '9':24, '4':19, '5':20, '.':13, '0':15, '':198, '':571, '':197, '}':532, '':298, '':197, ']':921, '':197, '':197, '},':1583, '':197, '':197, '{':515, '':298, '':197, '"':1, 'authority':84454, '":':788, ' "':330, 'A':32, 'gricult':12835, 'ural':4176, ' business':2562, ' management':6240, '",':756, '':298, '':197, '"id':28700, '":':788, ' "':330, 'plant':20827, 'ation':367, '_company':33403, '",':756, '':298, '':197, '"name':31486, '":':788, ' "':330, 'Plant':54647, 'ation':367, ' Company':8188, '",':756, '':298, '':197, '"':1, 'timeline':48960, '":':788, ' [':2278, '':571, '':197, '{':515, '':464, '':197, '"':1, 'controller':7152, '":':788, ' "':330, 'private':1996, '_company':33403, '",':756, '':464, '':197, '"':1, 'document':6062, '_types':9763, '":':788, ' [':2278, '':1144, '':197, '"':1, 'employment':20461, '_contract':51499, '",':756, '':1144, '':197, '"':1, 'inventory':31093, '_record':14192, '",':756, '':1144, '':197, '"':1, 'employment':20461, '_record':14192, '",':756, '':1144, '':197, '"':1, 'ownership':78147, '_record':14192, '"':698, '':464, '':197, '],':1259, '':464, '':197, '"':1, 'end':408, '_year':14645, '":':788, ' ':220, '1':16, '9':24, '4':19, '9':24, '.':13, '0':15, ',':345, '':464, '':197, '"':1, 'languages':42824, '":':788, ' [':2278, '':1144, '':197, '"d':44917, 'utch':14061, '",':756, '':1144, '':197, '"':1, 'ind':484, 'ones':3154, 'ian':1103, '"':698, '':464, '':197, '],':1259, '':464, '':197, '"':1, 'start':2468, '_year':14645, '":':788, ' ':220, '1':16, '9':24, '4':19, '0':15, '.':13, '0':15, '':198, '':571, '':197, '}':532, '':298, '':197, ']':921, '':197, '':197, '},':1583, '':197, '':197, '{':515, '':298, '':197, '"':1, 'authority':84454, '":':788, ' "':330, 'Industrial':83112, ' resource':5101, ' management':6240, '",':756, '':298, '':197, '"id':28700, '":':788, ' "':330, 'oil':73813, '_company':33403, '",':756, '':298, '':197, '"name':31486, '":':788, ' "':330, 'Oil':76909, ' Company':8188, '",':756, '':298, '':197, '"':1, 'timeline':48960, '":':788, ' [':2278, '':571, '':197, '{':515, '':464, '':197, '"':1, 'controller':7152, '":':788, ' "':330, 'd':67, 'utch':14061, '_company':33403, '",':756, '':464, '':197, '"':1, 'document':6062, '_types':9763, '":':788, ' [':2278, '':1144, '':197, '"':1, 'contract':20257, '",':756, '':1144, '':197, '"':1, 'inventory':31093, '_record':14192, '",':756, '':1144, '':197, '"':1, 'employment':20461, '_record':14192, '",':756, '':1144, '':197, '"':1, 'report':11736, '"':698, '':464, '':197, '],':1259, '':464, '':197, '"':1, 'end':408, '_year':14645, '":':788, ' ':220, '1':16, '9':24, '4':19, '2':17, '.':13, '0':15, ',':345, '':464, '':197, '"':1, 'languages':42824, '":':788, ' [':2278, '':1144, '':197, '"d':44917, 'utch':14061, '"':698, '':464, '':197, '],':1259, '':464, '':197, '"':1, 'start':2468, '_year':14645, '":':788, ' ':220, '1':16, '9':24, '4':19, '0':15, '.':13, '0':15, '':198, '':571, '':197, '},':1583, '':571, '':197, '{':515, '':464, '':197, '"':1, 'controller':7152, '":':788, ' "':330, 'j':73, 'apanese':28689, '_control':13436, 'led':832, '_company':33403, '",':756, '':464, '':197, '"':1, 'document':6062, '_types':9763, '":':788, ' [':2278, '':1144, '':197, '"':1, 'inventory':31093, '_record':14192, '",':756, '':1144, '':197, '"':1, 'administr':68849, 'ative':1388, '_report':14813, '"':698, '':464, '':197, '],':1259, '':464, '':197, '"':1, 'end':408, '_year':14645, '":':788, ' ':220, '1':16, '9':24, '4':19, '5':20, '.':13, '0':15, ',':345, '':464, '':197, '"':1, 'languages':42824, '":':788, ' [':2278, '':1144, '':197, '"':1, 'j':73, 'apanese':28689, '",':756, '':1144, '':197, '"':1, 'ind':484, 'ones':3154, 'ian':1103, '"':698, '':464, '':197, '],':1259, '':464, '':197, '"':1, 'start':2468, '_year':14645, '":':788, ' ':220, '1':16, '9':24, '4':19, '2':17, '.':13, '0':15, '':198, '':571, '':197, '},':1583, '':571, '':197, '{':515, '':464, '':197, '"':1, 'controller':7152, '":':788, ' "':330, 'ind':484, 'ones':3154, 'ian':1103, '_company':33403, '",':756, '':464, '':197, '"':1, 'document':6062, '_types':9763, '":':788, ' [':2278, '':1144, '':197, '"':1, 'contract':20257, '",':756, '':1144, '':197, '"':1, 'employment':20461, '_record':14192, '",':756, '':1144, '':197, '"':1, 'inventory':31093, '_record':14192, '"':698, '':464, '':197, '],':1259, '':464, '':197, '"':1, 'end':408, '_year':14645, '":':788, ' ':220, '1':16, '9':24, '4':19, '9':24, '.':13, '0':15, ',':345, '':464, '':197, '"':1, 'languages':42824, '":':788, ' [':2278, '':1144, '':197, '"':1, 'ind':484, 'ones':3154, 'ian':1103, '"':698, '':464, '':197, '],':1259, '':464, '':197, '"':1, 'start':2468, '_year':14645, '":':788, ' ':220, '1':16, '9':24, '4':19, '5':20, '.':13, '0':15, '':198, '':571, '':197, '}':532, '':298, '':197, ']':921, '':197, '':197, '},':1583, '':197, '':197, '{':515, '':298, '':197, '"':1, 'authority':84454, '":':788, ' "':330, 'Trade':39173, ' and':323, ' commerce':35654, ' records':7424, '",':756, '':298, '':197, '"id':28700, '":':788, ' "':330, 'merchant':39011, '_associ':58665, 'ation':367, '",':756, '':298, '':197, '"name':31486, '":':788, ' "':330, 'Merchant':84545, ' Association':10024, '",':756, '':298, '':197, '"':1, 'timeline':48960, '":':788, ' [':2278, '':571, '':197, '{':515, '':464, '':197, '"':1, 'controller':7152, '":':788, ' "':330, 'civil':93130, 'ian':1103, '",':756, '':464, '':197, '"':1, 'document':6062, '_types':9763, '":':788, ' [':2278, '':1144, '':197, '"':1, 'contract':20257, '",':756, '':1144, '':197, '"':1, 'inventory':31093, '_record':14192, '",':756, '':1144, '':197, '"':1, 'personal':29612, '_letter':46117, '"':698, '':464, '':197, '],':1259, '':464, '':197, '"':1, 'end':408, '_year':14645, '":':788, ' ':220, '1':16, '9':24, '4':19, '9':24, '.':13, '0':15, ',':345, '':464, '':197, '"':1, 'languages':42824, '":':788, ' [':2278, '':1144, '':197, '"':1, 'ind':484, 'ones':3154, 'ian':1103, '",':756, '':1144, '':197, '"k':62911, 'ut':332, 'ai':2143, '_m':717, 'al':278, 'ay':352, '"':698, '':464, '':197, '],':1259, '':464, '':197, '"':1, 'start':2468, '_year':14645, '":':788, ' ':220, '1':16, '9':24, '4':19, '0':15, '.':13, '0':15, '':198, '':571, '':197, '}':532, '':298, '':197, ']':921, '':197, '':197, '},':1583, '':197, '':197, '{':515, '':298, '':197, '"':1, 'authority':84454, '":':788, ' "':330, 'Community':33768, ' and':323, ' family':2997, ' records':7424, '",':756, '':298, '':197, '"id':28700, '":':788, ' "':330, 'religious':96150, '_in':1243, 'stitution':10446, '",':756, '':298, '':197, '"name':31486, '":':788, ' "':330, 'Rel':6740, 'igious':22153, ' Institution':42864, '",':756, '':298, '':197, '"':1, 'timeline':48960, '":':788, ' [':2278, '':571, '':197, '{':515, '':464, '':197, '"':1, 'controller':7152, '":':788, ' "':330, 'community':28402, '",':756, '':464, '':197, '"':1, 'document':6062, '_types':9763, '":':788, ' [':2278, '':1144, '':197, '"':1, 'birth':27713, '_record':14192, '",':756, '':1144, '':197, '"':1, 'mar':5612, 'riage':8775, '_record':14192, '",':756, '':1144, '':197, '"':1, 'mar':5612, 'riage':8775, '_certificate':63047, '",':756, '':1144, '':197, '"':1, 'div':611, 'orce':16316, '_certificate':63047, '"':698, '':464, '':197, '],':1259, '':464, '':197, '"':1, 'end':408, '_year':14645, '":':788, ' ':220, '1':16, '9':24, '4':19, '9':24, '.':13, '0':15, ',':345, '':464, '':197, '"':1, 'languages':42824, '":':788, ' [':2278, '':1144, '':197, '"':1, 'ind':484, 'ones':3154, 'ian':1103, '",':756, '':1144, '':197, '"k':62911, 'ut':332, 'ai':2143, '_m':717, 'al':278, 'ay':352, '"':698, '':464, '':197, '],':1259, '':464, '':197, '"':1, 'start':2468, '_year':14645, '":':788, ' ':220, '1':16, '9':24, '4':19, '0':15, '.':13, '0':15, '':198, '':571, '':197, '}':532, '':298, '':197, ']':921, '':197, '':197, '},':1583, '':197, '':197, '{':515, '':298, '':197, '"':1, 'authority':84454, '":':788, ' "':330, 'Local':7319, ' customary':72248, ' decisions':11181, '",':756, '':298, '':197, '"id':28700, '":':788, ' "':330, 'traditional':86908, '_c':666, 'ouncil':6690, '",':756, '':298, '':197, '"name':31486, '":':788, ' "':330, 'Traditional':84682, ' Community':12062, ' Council':9074, '",':756, '':298, '':197, '"':1, 'timeline':48960, '":':788, ' [':2278, '':571, '':197, '{':515, '':464, '':197, '"':1, 'controller':7152, '":':788, ' "':330, 'local':2438, '_author':22938, 'ity':487, '",':756, '':464, '':197, '"':1, 'document':6062, '_types':9763, '":':788, ' [':2278, '':1144, '':197, '"w':80377, 'itness':8091, '_statement':37404, '",':756, '':1144, '':197, '"':1, 'custom':9163, 'ary':658, '_':62, 'ownership':78147, '_record':14192, '",':756, '':1144, '':197, '"':1, 'custom':9163, 'ary':658, '_confirmation':37681, '_letter':46117, '"':698, '':464, '':197, '],':1259, '':464, '':197, '"':1, 'end':408, '_year':14645, '":':788, ' ':220, '1':16, '9':24, '4':19, '9':24, '.':13, '0':15, ',':345, '':464, '':197, '"':1, 'languages':42824, '":':788, ' [':2278, '':1144, '':197, '"k':62911, 'ut':332, 'ai':2143, '_m':717, 'al':278, 'ay':352, '"':698, '':464, '':197, '],':1259, '':464, '':197, '"':1, 'start':2468, '_year':14645, '":':788, ' ':220, '1':16, '9':24, '4':19, '0':15, '.':13, '0':15, '':198, '':571, '':197, '}':532, '':298, '':197, ']':921, '':197, '':197, '},':1583, '':197, '':197, '{':515, '':298, '':197, '"':1, 'authority':84454, '":':788, ' "':330, 'Education':39134, ' records':7424, '",':756, '':298, '':197, '"id':28700, '":':788, ' "':330, 'school':21850, '_admin':12207, 'istration':4048, '",':756, '':298, '':197, '"name':31486, '":':788, ' "':330, 'School':32749, ' Administration':16713, '",':756, '':298, '':197, '"':1, 'timeline':48960, '":':788, ' [':2278, '':571, '':197, '{':515, '':464, '':197, '"':1, 'controller':7152, '":':788, ' "':330, 'd':67, 'utch':14061, '_col':10211, 'on':263, 'ial':530, '",':756, '':464, '':197, '"':1, 'document':6062, '_types':9763, '":':788, ' [':2278, '':1144, '':197, '"':1, 'student':12038, '_record':14192, '",':756, '':1144, '':197, '"':1, 'academic':90256, '_certificate':63047, '",':756, '':1144, '':197, '"':1, 'attendance':62625, '_record':14192, '"':698, '':464, '':197, '],':1259, '':464, '':197, '"':1, 'end':408, '_year':14645, '":':788, ' ':220, '1':16, '9':24, '4':19, '2':17, '.':13, '0':15, ',':345, '':464, '':197, '"':1, 'languages':42824, '":':788, ' [':2278, '':1144, '':197, '"d':44917, 'utch':14061, '",':756, '':1144, '':197, '"':1, 'ind':484, 'ones':3154, 'ian':1103, '"':698, '':464, '':197, '],':1259, '':464, '':197, '"':1, 'start':2468, '_year':14645, '":':788, ' ':220, '1':16, '9':24, '4':19, '0':15, '.':13, '0':15, '':198, '':571, '':197, '},':1583, '':571, '':197, '{':515, '':464, '':197, '"':1, 'controller':7152, '":':788, ' "':330, 'j':73, 'apanese':28689, '_':62, 'occupation':58262, '",':756, '':464, '':197, '"':1, 'document':6062, '_types':9763, '":':788, ' [':2278, '':1144, '':197, '"':1, 'student':12038, '_record':14192, '",':756, '':1144, '':197, '"':1, 'academic':90256, '_certificate':63047, '",':756, '':1144, '':197, '"':1, 'attendance':62625, '_record':14192, '"':698, '':464, '':197, '],':1259, '':464, '':197, '"':1, 'end':408, '_year':14645, '":':788, ' ':220, '1':16, '9':24, '4':19, '5':20, '.':13, '0':15, ',':345, '':464, '':197, '"':1, 'languages':42824, '":':788, ' [':2278, '':1144, '':197, '"':1, 'j':73, 'apanese':28689, '",':756, '':1144, '':197, '"':1, 'ind':484, 'ones':3154, 'ian':1103, '"':698, '':464, '':197, '],':1259, '':464, '':197, '"':1, 'start':2468, '_year':14645, '":':788, ' ':220, '1':16, '9':24, '4':19, '2':17, '.':13, '0':15, '':198, '':571, '':197, '},':1583, '':571, '':197, '{':515, '':464, '':197, '"':1, 'controller':7152, '":':788, ' "':330, 'ind':484, 'ones':3154, 'ian':1103, '_re':1288, 'public':888, '",':756, '':464, '':197, '"':1, 'document':6062, '_types':9763, '":':788, ' [':2278, '':1144, '':197, '"':1, 'student':12038, '_record':14192, '",':756, '':1144, '':197, '"':1, 'academic':90256, '_certificate':63047, '",':756, '':1144, '':197, '"':1, 'attendance':62625, '_record':14192, '"':698, '':464, '':197, '],':1259, '':464, '':197, '"':1, 'end':408, '_year':14645, '":':788, ' ':220, '1':16, '9':24, '4':19, '9':24, '.':13, '0':15, ',':345, '':464, '':197, '"':1, 'languages':42824, '":':788, ' [':2278, '':1144, '':197, '"':1, 'ind':484, 'ones':3154, 'ian':1103, '"':698, '':464, '':197, '],':1259, '':464, '':197, '"':1, 'start':2468, '_year':14645, '":':788, ' ':220, '1':16, '9':24, '4':19, '5':20, '.':13, '0':15, '':198, '':571, '':197, '}':532, '':298, '':197, ']':921, '':197, '':197, '},':1583, '':197, '':197, '{':515, '':298, '':197, '"':1, 'authority':84454, '":':788, ' "':330, 'Health':14542, ' records':7424, '",':756, '':298, '':197, '"id':28700, '":':788, ' "':330, 'medical':68116, '_in':1243, 'stitution':10446, '",':756, '':298, '':197, '"name':31486, '":':788, ' "':330, 'Medical':52554, ' Institution':42864, '",':756, '':298, '':197, '"':1, 'timeline':48960, '":':788, ' [':2278, '':571, '':197, '{':515, '':464, '':197, '"':1, 'controller':7152, '":':788, ' "':330, 'civil':93130, 'ian':1103, '",':756, '':464, '':197, '"':1, 'document':6062, '_types':9763, '":':788, ' [':2278, '':1144, '':197, '"':1, 'medical':68116, '_record':14192, '",':756, '':1144, '':197, '"':1, 'medical':68116, '_certificate':63047, '",':756, '':1144, '':197, '"':1, 'report':11736, '"':698, '':464, '':197, '],':1259, '':464, '':197, '"':1, 'end':408, '_year':14645, '":':788, ' ':220, '1':16, '9':24, '4':19, '9':24, '.':13, '0':15, ',':345, '':464, '':197, '"':1, 'languages':42824, '":':788, ' [':2278, '':1144, '':197, '"d':44917, 'utch':14061, '",':756, '':1144, '':197, '"':1, 'ind':484, 'ones':3154, 'ian':1103, '"':698, '':464, '':197, '],':1259, '':464, '':197, '"':1, 'start':2468, '_year':14645, '":':788, ' ':220, '1':16, '9':24, '4':19, '0':15, '.':13, '0':15, '':198, '':571, '':197, '}':532, '':298, '':197, ']':921, '':197, '':197, '},':1583, '':197, '':197, '{':515, '':298, '':197, '"':1, 'authority':84454, '":':788, ' "':330, 'Invest':33876, 'igation':17930, ' and':323, ' security':4763, ' records':7424, '",':756, '':298, '':197, '"id':28700, '":':788, ' "':330, 'security':17039, '_office':79604, '",':756, '':298, '':197, '"name':31486, '":':788, ' "':330, 'Security':15352, ' Office':8246, '",':756, '':298, '':197, '"':1, 'timeline':48960, '":':788, ' [':2278, '':571, '':197, '{':515, '':464, '':197, '"':1, 'controller':7152, '":':788, ' "':330, 'd':67, 'utch':14061, '_col':10211, 'on':263, 'ial':530, '",':756, '':464, '':197, '"':1, 'document':6062, '_types':9763, '":':788, ' [':2278, '':1144, '':197, '"':1, 'invest':42014, 'igation':17930, '_report':14813, '",':756, '':1144, '':197, '"':1, 'official':32812, '_notice':51807, '",':756, '':1144, '':197, '"w':80377, 'itness':8091, '_statement':37404, '"':698, '':464, '':197, '],':1259, '':464, '':197, '"':1, 'end':408, '_year':14645, '":':788, ' ':220, '1':16, '9':24, '4':19, '2':17, '.':13, '0':15, ',':345, '':464, '':197, '"':1, 'languages':42824, '":':788, ' [':2278, '':1144, '':197, '"d':44917, 'utch':14061, '",':756, '':1144, '':197, '"':1, 'ind':484, 'ones':3154, 'ian':1103, '"':698, '':464, '':197, '],':1259, '':464, '':197, '"':1, 'start':2468, '_year':14645, '":':788, ' ':220, '1':16, '9':24, '4':19, '0':15, '.':13, '0':15, '':198, '':571, '':197, '},':1583, '':571, '':197, '{':515, '':464, '':197, '"':1, 'controller':7152, '":':788, ' "':330, 'j':73, 'apanese':28689, '_':62, 'occupation':58262, '",':756, '':464, '':197, '"':1, 'document':6062, '_types':9763, '":':788, ' [':2278, '':1144, '':197, '"':1, 'invest':42014, 'igation':17930, '_report':14813, '",':756, '':1144, '':197, '"':1, 'official':32812, '_notice':51807, '"':698, '':464, '':197, '],':1259, '':464, '':197, '"':1, 'end':408, '_year':14645, '":':788, ' ':220, '1':16, '9':24, '4':19, '5':20, '.':13, '0':15, ',':345, '':464, '':197, '"':1, 'languages':42824, '":':788, ' [':2278, '':1144, '':197, '"':1, 'j':73, 'apanese':28689, '",':756, '':1144, '':197, '"':1, 'ind':484, 'ones':3154, 'ian':1103, '"':698, '':464, '':197, '],':1259, '':464, '':197, '"':1, 'start':2468, '_year':14645, '":':788, ' ':220, '1':16, '9':24, '4':19, '2':17, '.':13, '0':15, '':198, '':571, '':197, '}':532, '':298, '':197, ']':921, '':197, '':197, '},':1583, '':197, '':197, '{':515, '':298, '':197, '"':1, 'authority':84454, '":':788, ' "':330, 'Private':16787, ' historical':13656, ' records':7424, '",':756, '':298, '':197, '"id':28700, '":':788, ' "':330, 'family':18984, '_archive':42873, '",':756, '':298, '':197, '"name':31486, '":':788, ' "':330, 'Family':15192, ' Archive':29702, '",':756, '':298, '':197, '"':1, 'timeline':48960, '":':788, ' [':2278, '':571, '':197, '{':515, '':464, '':197, '"':1, 'controller':7152, '":':788, ' "':330, 'private':1996, '",':756, '':464, '':197, '"':1, 'document':6062, '_types':9763, '":':788, ' [':2278, '':1144, '':197, '"':1, 'personal':29612, '_letter':46117, '",':756, '':1144, '':197, '"':1, 'di':8579, 'ary':658, '_entry':9078, '",':756, '':1144, '':197, '"':1, 'certificate':63586, '"':698, '':464, '':197, '],':1259, '':464, '':197, '"':1, 'end':408, '_year':14645, '":':788, ' ':220, '1':16, '9':24, '4':19, '9':24, '.':13, '0':15, ',':345, '':464, '':197, '"':1, 'languages':42824, '":':788, ' [':2278, '':1144, '':197, '"':1, 'ind':484, 'ones':3154, 'ian':1103, '",':756, '':1144, '':197, '"k':62911, 'ut':332, 'ai':2143, '_m':717, 'al':278, 'ay':352, '",':756, '':1144, '':197, '"d':44917, 'utch':14061, '"':698, '':464, '':197, '],':1259, '':464, '':197, '"':1, 'start':2468, '_year':14645, '":':788, ' ':220, '1':16, '9':24, '4':19, '0':15, '.':13, '0':15, '':198, '':571, '':197, '}':532, '':298, '':197, ']':921, '':197, '':197, '}':532, '':197, '],':1259, '':197, '"':1, 'languages':42824, '":':788, ' [':2278, '':197, '':197, '{':515, '':298, '':197, '"':1, 'generation':80057, '":':788, ' {':341, '':571, '':197, '"':1, 'allowed':20967, '":':788, ' true':830, ',':345, '':571, '':197, '"':1, 'full':8878, '_document':26231, '_generation':64191, '":':788, ' true':830, '':198, '':298, '':197, '},':1583, '':298, '':197, '"id':28700, '":':788, ' "':330, 'ind':484, 'ones':3154, 'ian':1103, '",':756, '':298, '':197, '"name':31486, '":':788, ' "':330, 'Ind':1425, 'ones':3154, 'ian':1103, '",':756, '':298, '':197, '"':1, 'usage':17698, '":':788, ' [':2278, '':571, '':197, '"':1, 'local':2438, ' communication':10535, '",':756, '':571, '':197, '"':1, 'community':28402, ' records':7424, '",':756, '':571, '':197, '"':1, 'personal':29612, ' letters':11931, '"':698, '':298, '':197, ']':921, '':197, '':197, '},':1583, '':197, '':197, '{':515, '':298, '':197, '"':1, 'generation':80057, '":':788, ' {':341, '':571, '':197, '"':1, 'allowed':20967, '":':788, ' true':830, ',':345, '':571, '':197, '"':1, 'full':8878, '_document':26231, '_generation':64191, '":':788, ' true':830, '':198, '':298, '':197, '},':1583, '':298, '':197, '"id':28700, '":':788, ' "':330, 'd':67, 'utch':14061, '",':756, '':298, '':197, '"name':31486, '":':788, ' "':330, 'D':35, 'utch':14061, '",':756, '':298, '':197, '"':1, 'usage':17698, '":':788, ' [':2278, '':571, '':197, '"':1, 'colon':76824, 'ial':530, ' administration':8567, '",':756, '':571, '':197, '"':1, 'official':32812, ' records':7424, '",':756, '':571, '':197, '"':1, 'legal':6428, ' documents':9293, '"':698, '':298, '':197, ']':921, '':197, '':197, '},':1583, '':197, '':197, '{':515, '':298, '':197, '"':1, 'generation':80057, '":':788, ' {':341, '':571, '':197, '"':1, 'allowed':20967, '":':788, ' true':830, ',':345, '':571, '':197, '"':1, 'full':8878, '_document':26231, '_generation':64191, '":':788, ' true':830, '':198, '':298, '':197, '},':1583, '':298, '':197, '"id':28700, '":':788, ' "':330, 'j':73, 'apanese':28689, '",':756, '':298, '':197, '"name':31486, '":':788, ' "':330, 'Japanese':51466, '",':756, '':298, '':197, '"':1, 'usage':17698, '":':788, ' [':2278, '':571, '':197, '"':1, 'occupation':58262, ' administration':8567, '",':756, '':571, '':197, '"':1, 'm':76, 'ilitary':20247, ' records':7424, '"':698, '':298, '':197, ']':921, '':197, '':197, '},':1583, '':197, '':197, '{':515, '':298, '':197, '"':1, 'generation':80057, '":':788, ' {':341, '':571, '':197, '"':1, 'allowed':20967, '":':788, ' true':830, ',':345, '':571, '':197, '"':1, 'full':8878, '_document':26231, '_generation':64191, '":':788, ' false':895, '':198, '':298, '':197, '},':1583, '':298, '':197, '"id':28700, '":':788, ' "':330, 'k':74, 'ut':332, 'ai':2143, '_m':717, 'al':278, 'ay':352, '",':756, '':298, '':197, '"name':31486, '":':788, ' "':330, 'K':42, 'ut':332, 'ai':2143, ' Malay':79140, '",':756, '':298, '':197, '"':1, 'usage':17698, '":':788, ' [':2278, '':571, '':197, '"':1, 'personal':29612, ' letters':11931, '"':698, '':298, '':197, ']':921, '':197, '':197, '}':532, '':197, '],':1259, '':197, '"':1, 'overview':49278, '":':788, ' {':341, '':197, '':197, '"description':67993, '":':788, ' "':330, 'A':32, ' fictional':43582, ' historical':13656, ' setting':6243, ' inspired':14606, ' by':553, ' Indonesia':23968, ' (':320, 'Bal':37889, 'ik':1579, 'p':79, 'apan':5359, ')':8, ' during':2337, ' the':279, ' ':220, '1':16, '9':24, '4':19, '0':15, 's':82, ',':11, ' where':1380, ' society':8232, ' undergo':36671, 'es':288, ' political':4948, ' transition':9142, ' and':323, ' administrative':22707, ' changes':4344, '.",':10346, '':197, '':197, '"':1, 'histor':43441, 'ical':938, '_context':8467, '":':788, ' [':2278, '':298, '':197, '"':1, 'Late':61457, ' Dutch':23234, ' colonial':36583, ' period':4168, '",':756, '':298, '':197, '"':1, 'Japanese':51466, ' occupation':29647, ' period':4168, ' (':320, '1':16, '9':24, '4':19, '2':17, '-':12, '1':16, '9':24, '4':19, '5':20, ')",':15752, '':298, '':197, '"':1, 'Ind':1425, 'ones':3154, 'ian':1103, ' independence':23665, ' period':4168, ' after':1283, ' ':220, '1':16, '9':24, '4':19, '5':20, '",':756, '':298, '':197, '"':1, 'Political':80047, ' and':323, ' administrative':22707, ' transition':9142, '",':756, '':298, '':197, '"':1, 'Located':47752, ' in':304, ' Bal':19420, 'ik':1579, 'p':79, 'apan':5359, ' City':4311, '"':698, '':197, '':197, '],':1259, '':197, '':197, '"id':28700, '":':788, ' "':330, 'ind':484, 'onesia':56672, '_':62, '1':16, '9':24, '4':19, '0':15, 's':82, '",':756, '':197, '':197, '"name':31486, '":':788, ' "':330, 'Ind':1425, 'onesia':56672, ' ':220, '1':16, '9':24, '4':19, '0':15, 's':82, ' Archive':29702, '",':756, '':197, '':197, '"time':32139, '_period':20818, '":':788, ' {':341, '':298, '':197, '"description':67993, '":':788, ' "':330, 'A':32, ' period':4168, ' involving':15860, ' late':3309, ' colonial':36583, ' administration':8567, ',':11, ' Japanese':10769, ' occupation':29647, ',':11, ' and':323, ' early':4124, ' independence':23665, ' era':11385, '.",':10346, '':298, '':197, '"':1, 'end':408, '_year':14645, '":':788, ' ':220, '1':16, '9':24, '4':19, '9':24, '.':13, '0':15, ',':345, '':298, '':197, '"':1, 'start':2468, '_year':14645, '":':788, ' ':220, '1':16, '9':24, '4':19, '0':15, '.':13, '0':15, '':198, '':197, '':197, '}':532, '':197, '},':1583, '':197, '"':1, 'required':6279, '_elements':22801, '":':788, ' {':341, '':197, '':197, '"':1, 'document':6062, '_properties':25158, '":':788, ' [':2278, '':298, '':197, '"':1, 'author':3094, '",':756, '':298, '':197, '"':1, 'date':1028, '",':756, '':298, '':197, '"':1, 'location':2527, '",':756, '':298, '':197, '"in':54401, 'stitution':10446, '",':756, '':298, '':197, '"':1, 'language':11528, '"':698, '':197, '':197, '],':1259, '':197, '':197, '"':1, 'setting':15320, '":':788, ' [':2278, '':298, '':197, '"':1, '1':16, '9':24, '4':19, '0':15, 's':82, ' Indonesian':58829, ' society':8232, '",':756, '':298, '':197, '"':1, 'histor':43441, 'ical':938, ' administration':8567, '",':756, '':298, '':197, '"':1, 'physical':46592, ' documents':9293, '",':756, '':298, '':197, '"':1, 'paper':19166, '-based':5980, ' records':7424, '"':698, '':197, '':197, '],':1259, '':197, '':197, '"':1, 'technology':58242, '_level':8274, '":':788, ' [':2278, '':298, '':197, '"':1, 'hand':10661, 'written':25569, ' documents':9293, '",':756, '':298, '':197, '"':1, 'typ':3653, 'ew':365, 'riters':31829, '",':756, '':298, '':197, '"':1, 'postal':33170, ' communication':10535, '",':756, '':298, '':197, '"':1, 'printed':52213, ' records':7424, '"':698, '':197, '':197, ']':921, '':197, '}':532, '}':630, 'User':1474, ' request':1681, ':':510, 'Generate':31115, ' a':264, ' one':825, '-s':1331, 'entence':18380, ' character':3668, ' biography':47245, ' for':369, ' In':758, 'ou':283, 'e':68, ' Re':1032, 'iko':23630, ' (':320, 'female':42634, ',':11, ' japanese':52948, ').':568 ]
[1786180890] recalculate the cached logits (check): embd_inp.empty() false, n_matching_session_tokens 0, embd_inp.size() 4280, session_tokens.size() 0, embd_inp.size() 4280
[1786180890] inp_pfx: [ '':271, '###':14374, ' Instruction':29051, ':':1447 ]
[1786180890] inp_sfx: [ '':271, '###':14374, ' Response':5949, ':':1447 ]
[1786180890] cml_pfx: [ '':198, '<|im_start|>':151644, 'user':872, '':198 ]
[1786180890] cml_sfx: [ '<|im_end|>':151645, '':198, '<|im_start|>':151644, 'assistant':77091, '':198 ]
[1786180890] sampling: 
	repeat_last_n = 64, repeat_penalty = 1.150, frequency_penalty = 0.000, presence_penalty = 0.000
	top_k = 40, tfs_z = 1.000, top_p = 0.900, min_p = 0.050, typical_p = 1.000, temp = 0.700
	mirostat = 0, mirostat_lr = 0.100, mirostat_ent = 5.000
[1786180890] sampling order: 
CFG -> Penalties -> top_k -> tfs_z -> typical_p -> top_p -> min_p -> temperature 
[1786180890] generate: n_ctx = 7008, n_batch = 2048, n_predict = 400, n_keep = 0
[1786180890] 

[1786180890] embd_inp.size(): 4280, n_consumed: 0
[1786180890] eval: [ 'Role':9030, ':':25, ' archive':18132, '_ai':69415, '':198, 'Goal':39992, ':':25, ' Generate':19813, ' consistent':12966, ' archive':18132, ' content':2213, '.':624, 'Rule':11337, ' F':434, 'CT':1162, ':':25, ' Never':14695, ' invent':17023, ' established':9555, ' facts':13064, '.':624, 'Rule':11337, ' UN':6643, 'K':42, ':':25, ' Use':5443, ' UNKNOWN':61395, ' when':979, ' evidence':5904, ' is':374, ' insufficient':38313, '.':624, 'Rule':11337, ' CON':3418, ':':25, ' Never':14695, ' contradict':42461, ' established':9555, ' facts':13064, '.':624, 'Rule':11337, ' F':434, 'MT':8505, ':':25, ' Follow':11112, ' output':2550, ' schema':10802, '.':624, 'Rule':11337, ' CHR':61576, ':':25, ' Generate':19813, ' a':264, ' concise':63594, ' character':3668, '-facing':63306, ' profile':5526, ' statement':5114, '.':624, 'Rule':11337, ' N':451, 'ME':7462, ':':25, ' Name':3988, ' the':279, ' subject':3832, ' using':1667, ' the':279, ' provided':3897, ' character':3668, ' identity':9569, '.':624, 'Rule':11337, ' SOC':37650, ':':25, ' Keep':13655, ' the':279, ' description':4008, ' grounded':44345, ' in':304, ' ':220, '1':16, '9':24, '4':19, '0':15, 's':82, ' Indonesian':58829, ' society':8232, '.':624, 'Rule':11337, ' W':467, 'LD':12335, ':':25, ' Use':5443, ' the':279, ' selected':4091, ' world':1879, ' context':2266, ' and':323, ' historical':13656, ' period':4168, '.':624, 'Rule':11337, ' LOC':27096, ':':25, ' Keep':13655, ' institutions':14336, ',':11, ' places':7482, ',':11, ' and':323, ' era':11385, ' references':15057, ' consistent':12966, ' with':448, ' the':279, ' selected':4091, ' context':2266, '.':624, 'Rule':11337, ' EVE':86635, ':':25, ' Avoid':34006, ' an':458, 'ach':610, 'ron':2248, 'istic':4532, ' administrative':22707, ' or':476, ' technical':10916, ' details':3565, '.':624, 'Rule':11337, ' LANG':65997, ':':25, ' Produce':86888, ' output':2550, ' in':304, ' the':279, ' configured':19755, ' language':4128, '.':624, 'Rule':11337, ' ID':3034, 'N':45, ':':25, ' If':1416, ' no':902, ' language':4128, ' is':374, ' specified':5189, ',':11, ' default':1638, ' to':311, ' Bah':31329, 'asa':15428, ' Indonesia':23968, '.':624, 'Output':5097, ' language':4128, ':':25, ' English':6364, '':271, 'Context':1972, ':':510, '{':515, '':197, '"':1, 'ethnic':80418, 'ities':1361, '":':788, ' [':2278, '':197, '':197, '{':515, '':298, '':197, '"id':28700, '":':788, ' "':330, 'ind':484, 'onesia':56672, '",':756, '':298, '':197, '"name':31486, '":':788, ' "':330, 'Ind':1425, 'ones':3154, 'ian':1103, '",':756, '':298, '':197, '"name':31486, '_style':15117, '":':788, ' "':330, 'Ind':1425, 'onesia':56672, '"':698, '':197, '':197, '},':1583, '':197, '':197, '{':515, '':298, '':197, '"id':28700, '":':788, ' "':330, 'd':67, 'utch':14061, '",':756, '':298, '':197, '"name':31486, '":':788, ' "':330, 'D':35, 'utch':14061, '",':756, '':298, '':197, '"name':31486, '_style':15117, '":':788, ' "':330, 'D':35, 'utch':14061, '"':698, '':197, '':197, '},':1583, '':197, '':197, '{':515, '':298, '':197, '"id':28700, '":':788, ' "':330, 'j':73, 'apanese':28689, '",':756, '':298, '':197, '"name':31486, '":':788, ' "':330, 'Japanese':51466, '",':756, '':298, '':197, '"name':31486, '_style':15117, '":':788, ' "':330, 'Japanese':51466, '"':698, '':197, '':197, '},':1583, '':197, '':197, '{':515, '':298, '':197, '"id':28700, '":':788, ' "':330, 'indo':34999, '_e':2204, 'uropean':73287, '",':756, '':298, '':197, '"name':31486, '":':788, ' "':330, 'Ind':1425, 'o':78, '-European':87635, ' (':320, 'D':35, 'utch':14061, '-':12, 'Ind':1425, 'ones':3154, 'ian':1103, ')",':15752, '':298, '':197, '"name':31486, '_style':15117, '":':788, ' "':330, 'Mixed':86433, ' Dutch':23234, '-':12, 'Ind':1425, 'ones':3154, 'ian':1103, '"':698, '':197, '':197, '},':1583, '':197, '':197, '{':515, '':298, '':197, '"id':28700, '":':788, ' "':330, 'ch':331, 'inese':7346, '_ind':9122, 'ones':3154, 'ian':1103, '",':756, '':298, '':197, '"name':31486, '":':788, ' "':330, 'Chinese':44923, ' Indonesian':58829, '",':756, '':298, '':197, '"name':31486, '_style':15117, '":':788, ' "':330, 'Chinese':44923, '-':12, 'Ind':1425, 'ones':3154, 'ian':1103, '"':698, '':197, '':197, '}':532, '':197, '],':1259, '':197, '"':1, 'generation':80057, '_constraints':60267, '":':788, ' {':341, '':197, '':197, '"':1, 'fiction':57062, '_policy':22773, '":':788, ' {':341, '':298, '':197, '"':1, 'allow':7183, '_altern':79728, 'ate':349, '_history':19802, '":':788, ' false':895, ',':345, '':298, '':197, '"':1, 'allow':7183, '_f':761, 'iction':2479, 'al':278, '_characters':79060, '":':788, ' true':830, ',':345, '':298, '':197, '"':1, 'allow':7183, '_f':761, 'iction':2479, 'al':278, '_locations':45032, '":':788, ' true':830, ',':345, '':298, '':197, '"':1, 'allow':7183, '_real':15266, '_h':1523, 'istorical':95698, '_fig':62141, 'ures':1413, '":':788, ' false':895, ',':345, '':298, '':197, '"':1, 'real':7951, '_events':19691, '_reference':25433, '":':788, ' true':830, '':198, '':197, '':197, '},':1583, '':197, '':197, '"':1, 'for':1958, 'bidden':22108, '_elements':22801, '":':788, ' {':341, '':298, '':197, '"':1, 'an':276, 'ach':610, 'ron':2248, 'istic':4532, '_items':12134, '":':788, ' [':2278, '':571, '':197, '"':1, 'pl':500, 'astic':5064, ' products':3871, '",':756, '':571, '':197, '"':1, 'syn':20339, 'thetic':17556, ' materials':7236, '",':756, '':571, '':197, '"':1, 'modern':49789, ' clothing':17438, ' brands':15721, '",':756, '':571, '':197, '"':1, 'modern':49789, ' weapons':9893, '",':756, '':571, '':197, '"':1, 'modern':49789, ' appliances':33702, '",':756, '':571, '':197, '"':1, 'modern':49789, ' architecture':17646, '"':698, '':298, '':197, '],':1259, '':298, '':197, '"':1, 'fant':60727, 'asy':6405, '_and':8378, '_f':761, 'iction':2479, '":':788, ' [':2278, '':571, '':197, '"':1, 'magic':37451, '",':756, '':571, '':197, '"':1, 'sup':12776, 'ern':932, 'atural':4585, ' powers':13430, '",':756, '':571, '':197, '"':1, 'mon':1645, 'sters':12570, '",':756, '':571, '':197, '"':1, 'ali':7956, 'ens':724, '",':756, '':571, '':197, '"time':32139, ' travel':5821, '",':756, '':571, '':197, '"':1, 'parallel':46103, ' universe':15494, '",':756, '':571, '':197, '"':1, 'fiction':57062, 'al':278, ' technology':5440, '"':698, '':298, '':197, '],':1259, '':298, '':197, '"':1, 'modern':49789, '_con':3382, 'cepts':57771, '":':788, ' [':2278, '':571, '':197, '"':1, 'modern':49789, ' corporation':26669, '",':756, '':571, '':197, '"':1, 'modern':49789, ' legal':5777, ' system':1849, '",':756, '':571, '':197, '"':1, 'modern':49789, ' government':3033, ' structure':5944, '",':756, '':571, '':197, '"':1, 'modern':49789, ' banking':22798, '",':756, '':571, '':197, '"':1, 'crypt':48125, 'ocurrency':77480, '",':756, '':571, '':197, '"':1, 'online':25649, ' communication':10535, '",':756, '':571, '':197, '"':1, 'modern':49789, ' education':6731, ' system':1849, '",':756, '':571, '':197, '"':1, 'modern':49789, ' medical':6457, ' facilities':12786, '"':698, '':298, '':197, '],':1259, '':298, '':197, '"':1, 'social':22386, '_context':8467, '":':788, ' [':2278, '':571, '':197, '"':1, 'an':276, 'ach':610, 'ron':2248, 'istic':4532, ' social':3590, ' values':2750, '",':756, '':571, '':197, '"':1, 'modern':49789, ' slang':79912, '",':756, '':571, '':197, '"':1, 'modern':49789, ' internet':7602, ' culture':7674, '",':756, '':571, '':197, '"':1, 'modern':49789, ' political':4948, ' terminology':56626, '"':698, '':298, '':197, '],':1259, '':298, '':197, '"':1, 'technology':58242, '":':788, ' [':2278, '':571, '':197, '"':1, 'smart':39803, 'phone':4844, '",':756, '':571, '':197, '"':1, 'mobile':14933, ' phone':4540, '",':756, '':571, '':197, '"':1, 'computer':43111, '",':756, '':571, '':197, '"':1, 'internet':85743, '",':756, '':571, '':197, '"':1, 'social':22386, ' media':3687, '",':756, '':571, '':197, '"d':44917, 'igital':10233, ' database':4625, '",':756, '':571, '':197, '"':1, 'modern':49789, ' camera':6249, '",':756, '':571, '':197, '"':1, 'te':665, 'levision':10864, '",':756, '':571, '':197, '"':1, 'radio':12636, ' communication':10535, ' beyond':7797, ' historical':13656, ' capability':22302, '",':756, '':571, '':197, '"':1, 'modern':49789, ' vehicles':11474, '",':756, '':571, '':197, '"':1, 'GPS':63176, '",':756, '':571, '':197, '"':1, 'art':471, 'ificial':16488, ' intelligence':11229, '"':698, '':298, '':197, ']':921, '':197, '':197, '}':532, '':197, '},':1583, '':197, '"in':54401, 'stitutions':92678, '":':788, ' [':2278, '':197, '':197, '{':515, '':298, '':197, '"':1, 'authority':84454, '":':788, ' "':330, 'Local':7319, ' governance':34086, '",':756, '':298, '':197, '"id':28700, '":':788, ' "':330, 'v':85, 'illage':47064, '_admin':12207, 'istration':4048, '",':756, '':298, '':197, '"name':31486, '":':788, ' "':330, 'V':53, 'illage':47064, ' Administration':16713, '",':756, '':298, '':197, '"':1, 'timeline':48960, '":':788, ' [':2278, '':571, '':197, '{':515, '':464, '':197, '"':1, 'controller':7152, '":':788, ' "':330, 'local':2438, '_author':22938, 'ity':487, '",':756, '':464, '':197, '"':1, 'document':6062, '_types':9763, '":':788, ' [':2278, '':1144, '':197, '"':1, 'birth':27713, '_record':14192, '",':756, '':1144, '':197, '"':1, 'ownership':78147, '_record':14192, '",':756, '':1144, '':197, '"w':80377, 'itness':8091, '_statement':37404, '",':756, '':1144, '':197, '"':1, 'res':416, 'idency':25775, '_certificate':63047, '"':698, '':464, '':197, '],':1259, '':464, '':197, '"':1, 'end':408, '_year':14645, '":':788, ' ':220, '1':16, '9':24, '4':19, '9':24, '.':13, '0':15, ',':345, '':464, '':197, '"':1, 'languages':42824, '":':788, ' [':2278, '':1144, '':197, '"':1, 'ind':484, 'ones':3154, 'ian':1103, '",':756, '':1144, '':197, '"k':62911, 'ut':332, 'ai':2143, '_m':717, 'al':278, 'ay':352, '"':698, '':464, '':197, '],':1259, '':464, '':197, '"':1, 'start':2468, '_year':14645, '":':788, ' ':220, '1':16, '9':24, '4':19, '0':15, '.':13, '0':15, '':198, '':571, '':197, '}':532, '':298, '':197, ']':921, '':197, '':197, '},':1583, '':197, '':197, '{':515, '':298, '':197, '"':1, 'authority':84454, '":':788, ' "':330, 'Regional':89807, ' government':3033, ' management':6240, '",':756, '':298, '':197, '"id':28700, '":':788, ' "':330, 'district':35391, '_admin':12207, 'istration':4048, '",':756, '':298, '':197, '"name':31486, '":':788, ' "':330, 'District':47840, ' Administration':16713, '",':756, '':298, '':197, '"':1, 'timeline':48960, '":':788, ' [':2278, '':571, '':197, '{':515, '':464, '':197, '"':1, 'controller':7152, '":':788, ' "':330, 'd':67, 'utch':14061, '_col':10211, 'on':263, 'ial':530, '",':756, '':464, '':197, '"':1, 'document':6062, '_types':9763, '":':788, ' [':2278, '':1144, '':197, '"':1, 'official':32812, '_notice':51807, '",':756, '':1144, '':197, '"':1, 'administr':68849, 'ative':1388, '_report':14813, '",':756, '':1144, '':197, '"':1, 'tax':17616, '_record':14192, '",':756, '':1144, '':197, '"':1, 'res':416, 'idency':25775, '_certificate':63047, '"':698, '':464, '':197, '],':1259, '':464, '':197, '"':1, 'end':408, '_year':14645, '":':788, ' ':220, '1':16, '9':24, '4':19, '2':17, '.':13, '0':15, ',':345, '':464, '':197, '"':1, 'languages':42824, '":':788, ' [':2278, '':1144, '':197, '"d':44917, 'utch':14061, '"':698, '':464, '':197, '],':1259, '':464, '':197, '"':1, 'start':2468, '_year':14645, '":':788, ' ':220, '1':16, '9':24, '4':19, '0':15, '.':13, '0':15, '':198, '':571, '':197, '},':1583, '':571, '':197, '{':515, '':464, '':197, '"':1, 'controller':7152, '":':788, ' "':330, 'j':73, 'apanese':28689, '_':62, 'occupation':58262, '",':756, '':464, '':197, '"':1, 'document':6062, '_types':9763, '":':788, ' [':2278, '':1144, '':197, '"':1, 'official':32812, '_notice':51807, '",':756, '':1144, '':197, '"':1, 'administr':68849, 'ative':1388, '_report':14813, '"':698, '':464, '':197, '],':1259, '':464, '':197, '"':1, 'end':408, '_year':14645, '":':788, ' ':220, '1':16, '9':24, '4':19, '5':20, '.':13, '0':15, ',':345, '':464, '':197, '"':1, 'languages':42824, '":':788, ' [':2278, '':1144, '':197, '"':1, 'j':73, 'apanese':28689, '",':756, '':1144, '':197, '"':1, 'ind':484, 'ones':3154, 'ian':1103, '"':698, '':464, '':197, '],':1259, '':464, '':197, '"':1, 'start':2468, '_year':14645, '":':788, ' ':220, '1':16, '9':24, '4':19, '2':17, '.':13, '0':15, '':198, '':571, '':197, '},':1583, '':571, '':197, '{':515, '':464, '':197, '"':1, 'controller':7152, '":':788, ' "':330, 'ind':484, 'ones':3154, 'ian':1103, '_re':1288, 'public':888, '",':756, '':464, '':197, '"':1, 'document':6062, '_types':9763, '":':788, ' [':2278, '':1144, '':197, '"':1, 'official':32812, '_notice':51807, '",':756, '':1144, '':197, '"':1, 'administr':68849, 'ative':1388, '_report':14813, '",':756, '':1144, '':197, '"':1, 'res':416, 'idency':25775, '_certificate':63047, '"':698, '':464, '':197, '],':1259, '':464, '':197, '"':1, 'end':408, '_year':14645, '":':788, ' ':220, '1':16, '9':24, '4':19, '9':24, '.':13, '0':15, ',':345, '':464, '':197, '"':1, 'languages':42824, '":':788, ' [':2278, '':1144, '':197, '"':1, 'ind':484, 'ones':3154, 'ian':1103, '"':698, '':464, '':197, '],':1259, '':464, '':197, '"':1, 'start':2468, '_year':14645, '":':788, ' ':220, '1':16, '9':24, '4':19, '5':20, '.':13, '0':15, '':198, '':571, '':197, '}':532, '':298, '':197, ']':921, '':197, '':197, '},':1583, '':197, '':197, '{':515, '':298, '':197, '"':1, 'authority':84454, '":':788, ' "':330, 'Histor':48983, 'ical':938, ' record':3255, ' management':6240, ' and':323, ' document':2197, ' verification':22901, '",':756, '':298, '':197, '"id':28700, '":':788, ' "':330, 'records':26203, '_department':71886, '",':756, '':298, '':197, '"name':31486, '":':788, ' "':330, 'District':47840, ' Records':21566, ' Department':5887, '",':756, '':298, '':197, '"':1, 'timeline':48960, '":':788, ' [':2278, '':571, '':197, '{':515, '':464, '':197, '"':1, 'controller':7152, '":':788, ' "':330, 'd':67, 'utch':14061, '_col':10211, 'on':263, 'ial':530, '",':756, '':464, '':197, '"':1, 'document':6062, '_types':9763, '":':788, ' [':2278, '':1144, '':197, '"':1, 'archive':16019, '_report':14813, '",':756, '':1144, '':197, '"':1, 'record':8548, '_summary':27251, '",':756, '':1144, '':197, '"':1, 'document':6062, '_verification':84245, '"':698, '':464, '':197, '],':1259, '':464, '':197, '"':1, 'end':408, '_year':14645, '":':788, ' ':220, '1':16, '9':24, '4':19, '2':17, '.':13, '0':15, ',':345, '':464, '':197, '"':1, 'languages':42824, '":':788, ' [':2278, '':1144, '':197, '"d':44917, 'utch':14061, '"':698, '':464, '':197, '],':1259, '':464, '':197, '"':1, 'start':2468, '_year':14645, '":':788, ' ':220, '1':16, '9':24, '4':19, '0':15, '.':13, '0':15, '':198, '':571, '':197, '},':1583, '':571, '':197, '{':515, '':464, '':197, '"':1, 'controller':7152, '":':788, ' "':330, 'j':73, 'apanese':28689, '_':62, 'occupation':58262, '",':756, '':464, '':197, '"':1, 'document':6062, '_types':9763, '":':788, ' [':2278, '':1144, '':197, '"':1, 'archive':16019, '_report':14813, '",':756, '':1144, '':197, '"':1, 'record':8548, '_summary':27251, '"':698, '':464, '':197, '],':1259, '':464, '':197, '"':1, 'end':408, '_year':14645, '":':788, ' ':220, '1':16, '9':24, '4':19, '5':20, '.':13, '0':15, ',':345, '':464, '':197, '"':1, 'languages':42824, '":':788, ' [':2278, '':1144, '':197, '"':1, 'j':73, 'apanese':28689, '",':756, '':1144, '':197, '"':1, 'ind':484, 'ones':3154, 'ian':1103, '"':698, '':464, '':197, '],':1259, '':464, '':197, '"':1, 'start':2468, '_year':14645, '":':788, ' ':220, '1':16, '9':24, '4':19, '2':17, '.':13, '0':15, '':198, '':571, '':197, '},':1583, '':571, '':197, '{':515, '':464, '':197, '"':1, 'controller':7152, '":':788, ' "':330, 'ind':484, 'ones':3154, 'ian':1103, '_re':1288, 'public':888, '",':756, '':464, '':197, '"':1, 'document':6062, '_types':9763, '":':788, ' [':2278, '':1144, '':197, '"':1, 'archive':16019, '_report':14813, '",':756, '':1144, '':197, '"':1, 'record':8548, '_summary':27251, '",':756, '':1144, '':197, '"':1, 'document':6062, '_verification':84245, '"':698, '':464, '':197, '],':1259, '':464, '':197, '"':1, 'end':408, '_year':14645, '":':788, ' ':220, '1':16, '9':24, '4':19, '9':24, '.':13, '0':15, ',':345, '':464, '':197, '"':1, 'languages':42824, '":':788, ' [':2278, '':1144, '':197, '"':1, 'ind':484, 'ones':3154, 'ian':1103, '"':698, '':464, '':197, '],':1259, '':464, '':197, '"':1, 'start':2468, '_year':14645, '":':788, ' ':220, '1':16, '9':24, '4':19, '5':20, '.':13, '0':15, '':198, '':571, '':197, '}':532, '':298, '':197, ']':921, '':197, '':197, '},':1583, '':197, '':197, '{':515, '':298, '':197, '"':1, 'authority':84454, '":':788, ' "':330, 'Colon':88665, 'ial':530, ' government':3033, ' records':7424, '",':756, '':298, '':197, '"id':28700, '":':788, ' "':330, 'd':67, 'utch':14061, '_col':10211, 'on':263, 'ial':530, '_admin':12207, 'istration':4048, '",':756, '':298, '':197, '"name':31486, '":':788, ' "':330, 'D':35, 'utch':14061, ' Colonial':72748, ' Administration':16713, '",':756, '':298, '':197, '"':1, 'timeline':48960, '":':788, ' [':2278, '':571, '':197, '{':515, '':464, '':197, '"':1, 'controller':7152, '":':788, ' "':330, 'd':67, 'utch':14061, '_col':10211, 'on':263, 'ial':530, '",':756, '':464, '':197, '"':1, 'document':6062, '_types':9763, '":':788, ' [':2278, '':1144, '':197, '"':1, 'land':1933, '_record':14192, '",':756, '':1144, '':197, '"':1, 'tax':17616, '_record':14192, '",':756, '':1144, '':197, '"':1, 'official':32812, '_notice':51807, '",':756, '':1144, '':197, '"':1, 'administr':68849, 'ative':1388, '_report':14813, '"':698, '':464, '':197, '],':1259, '':464, '':197, '"':1, 'end':408, '_year':14645, '":':788, ' ':220, '1':16, '9':24, '4':19, '2':17, '.':13, '0':15, ',':345, '':464, '':197, '"':1, 'languages':42824, '":':788, ' [':2278, '':1144, '':197, '"d':44917, 'utch':14061, '"':698, '':464, '':197, '],':1259, '':464, '':197, '"':1, 'start':2468, '_year':14645, '":':788, ' ':220, '1':16, '9':24, '4':19, '0':15, '.':13, '0':15, '':198, '':571, '':197, '}':532, '':298, '':197, ']':921, '':197, '':197, '},':1583, '':197, '':197, '{':515, '':298, '':197, '"':1, 'authority':84454, '":':788, ' "':330, 'Military':85326, ' government':3033, ' records':7424, '",':756, '':298, '':197, '"id':28700, '":':788, ' "':330, 'j':73, 'apanese':28689, '_':62, 'occupation':58262, '_admin':12207, 'istration':4048, '",':756, '':298, '':197, '"name':31486, '":':788, ' "':330, 'Japanese':51466, ' Occupation':98352, ' Administration':16713, '",':756, '':298, '':197, '"':1, 'timeline':48960, '":':788, ' [':2278, '':571, '':197, '{':515, '':464, '':197, '"':1, 'controller':7152, '":':788, ' "':330, 'j':73, 'apanese':28689, '_':62, 'occupation':58262, '",':756, '':464, '':197, '"':1, 'document':6062, '_types':9763, '":':788, ' [':2278, '':1144, '':197, '"':1, 'official':32812, '_notice':51807, '",':756, '':1144, '':197, '"':1, 'administr':68849, 'ative':1388, '_report':14813, '",':756, '':1144, '':197, '"':1, 'inventory':31093, '_record':14192, '"':698, '':464, '':197, '],':1259, '':464, '':197, '"':1, 'end':408, '_year':14645, '":':788, ' ':220, '1':16, '9':24, '4':19, '5':20, '.':13, '0':15, ',':345, '':464, '':197, '"':1, 'languages':42824, '":':788, ' [':2278, '':1144, '':197, '"':1, 'j':73, 'apanese':28689, '",':756, '':1144, '':197, '"':1, 'ind':484, 'ones':3154, 'ian':1103, '"':698, '':464, '':197, '],':1259, '':464, '':197, '"':1, 'start':2468, '_year':14645, '":':788, ' ':220, '1':16, '9':24, '4':19, '2':17, '.':13, '0':15, '':198, '':571, '':197, '}':532, '':298, '':197, ']':921, '':197, '':197, '},':1583, '':197, '':197, '{':515, '':298, '':197, '"':1, 'authority':84454, '":':788, ' "':330, 'Early':41198, ' independence':23665, ' government':3033, ' records':7424, '",':756, '':298, '':197, '"id':28700, '":':788, ' "':330, 'ind':484, 'ones':3154, 'ian':1103, '_re':1288, 'public':888, '_admin':12207, 'istration':4048, '",':756, '':298, '':197, '"name':31486, '":':788, ' "':330, 'Ind':1425, 'ones':3154, 'ian':1103, ' Republic':5429, ' Administration':16713, '",':756, '':298, '':197, '"':1, 'timeline':48960, '":':788, ' [':2278, '':571, '':197, '{':515, '':464, '':197, '"':1, 'controller':7152, '":':788, ' "':330, 'ind':484, 'ones':3154, 'ian':1103, '_re':1288, 'public':888, '",':756, '':464, '':197, '"':1, 'document':6062, '_types':9763, '":':788, ' [':2278, '':1144, '':197, '"':1, 'official':32812, '_notice':51807, '",':756, '':1144, '':197, '"':1, 'res':416, 'idency':25775, '_certificate':63047, '",':756, '':1144, '':197, '"':1, 'cit':53861, 'izens':28960, 'hip':2151, '_certificate':63047, '",':756, '':1144, '':197, '"':1, 'administr':68849, 'ative':1388, '_report':14813, '"':698, '':464, '':197, '],':1259, '':464, '':197, '"':1, 'end':408, '_year':14645, '":':788, ' ':220, '1':16, '9':24, '4':19, '9':24, '.':13, '0':15, ',':345, '':464, '':197, '"':1, 'languages':42824, '":':788, ' [':2278, '':1144, '':197, '"':1, 'ind':484, 'ones':3154, 'ian':1103, '"':698, '':464, '':197, '],':1259, '':464, '':197, '"':1, 'start':2468, '_year':14645, '":':788, ' ':220, '1':16, '9':24, '4':19, '5':20, '.':13, '0':15, '':198, '':571, '':197, '}':532, '':298, '':197, ']':921, '':197, '':197, '},':1583, '':197, '':197, '{':515, '':298, '':197, '"':1, 'authority':84454, '":':788, ' "':330, 'A':32, 'gricult':12835, 'ural':4176, ' business':2562, ' management':6240, '",':756, '':298, '':197, '"id':28700, '":':788, ' "':330, 'plant':20827, 'ation':367, '_company':33403, '",':756, '':298, '':197, '"name':31486, '":':788, ' "':330, 'Plant':54647, 'ation':367, ' Company':8188, '",':756, '':298, '':197, '"':1, 'timeline':48960, '":':788, ' [':2278, '':571, '':197, '{':515, '':464, '':197, '"':1, 'controller':7152, '":':788, ' "':330, 'private':1996, '_company':33403, '",':756, '':464, '':197, '"':1, 'document':6062, '_types':9763, '":':788, ' [':2278, '':1144, '':197, '"':1, 'employment':20461, '_contract':51499, '",':756, '':1144, '':197, '"':1, 'inventory':31093, '_record':14192, '",':756, '':1144, '':197, '"':1, 'employment':20461, '_record':14192, '",':756, '':1144, '':197, '"':1, 'ownership':78147, '_record':14192, '"':698, '':464, '':197, '],':1259, '':464, '':197, '"':1, 'end':408, '_year':14645, '":':788, ' ':220, '1':16, '9':24, '4':19, '9':24, '.':13, '0':15, ',':345, '':464, '':197, '"':1, 'languages':42824, '":':788, ' [':2278 ]
[1786180918] n_past = 2048
[1786180918] embd_inp.size(): 4280, n_consumed: 2048
[1786180918] eval: [ '':1144, '':197, '"d':44917, 'utch':14061, '",':756, '':1144, '':197, '"':1, 'ind':484, 'ones':3154, 'ian':1103, '"':698, '':464, '':197, '],':1259, '':464, '':197, '"':1, 'start':2468, '_year':14645, '":':788, ' ':220, '1':16, '9':24, '4':19, '0':15, '.':13, '0':15, '':198, '':571, '':197, '}':532, '':298, '':197, ']':921, '':197, '':197, '},':1583, '':197, '':197, '{':515, '':298, '':197, '"':1, 'authority':84454, '":':788, ' "':330, 'Industrial':83112, ' resource':5101, ' management':6240, '",':756, '':298, '':197, '"id':28700, '":':788, ' "':330, 'oil':73813, '_company':33403, '",':756, '':298, '':197, '"name':31486, '":':788, ' "':330, 'Oil':76909, ' Company':8188, '",':756, '':298, '':197, '"':1, 'timeline':48960, '":':788, ' [':2278, '':571, '':197, '{':515, '':464, '':197, '"':1, 'controller':7152, '":':788, ' "':330, 'd':67, 'utch':14061, '_company':33403, '",':756, '':464, '':197, '"':1, 'document':6062, '_types':9763, '":':788, ' [':2278, '':1144, '':197, '"':1, 'contract':20257, '",':756, '':1144, '':197, '"':1, 'inventory':31093, '_record':14192, '",':756, '':1144, '':197, '"':1, 'employment':20461, '_record':14192, '",':756, '':1144, '':197, '"':1, 'report':11736, '"':698, '':464, '':197, '],':1259, '':464, '':197, '"':1, 'end':408, '_year':14645, '":':788, ' ':220, '1':16, '9':24, '4':19, '2':17, '.':13, '0':15, ',':345, '':464, '':197, '"':1, 'languages':42824, '":':788, ' [':2278, '':1144, '':197, '"d':44917, 'utch':14061, '"':698, '':464, '':197, '],':1259, '':464, '':197, '"':1, 'start':2468, '_year':14645, '":':788, ' ':220, '1':16, '9':24, '4':19, '0':15, '.':13, '0':15, '':198, '':571, '':197, '},':1583, '':571, '':197, '{':515, '':464, '':197, '"':1, 'controller':7152, '":':788, ' "':330, 'j':73, 'apanese':28689, '_control':13436, 'led':832, '_company':33403, '",':756, '':464, '':197, '"':1, 'document':6062, '_types':9763, '":':788, ' [':2278, '':1144, '':197, '"':1, 'inventory':31093, '_record':14192, '",':756, '':1144, '':197, '"':1, 'administr':68849, 'ative':1388, '_report':14813, '"':698, '':464, '':197, '],':1259, '':464, '':197, '"':1, 'end':408, '_year':14645, '":':788, ' ':220, '1':16, '9':24, '4':19, '5':20, '.':13, '0':15, ',':345, '':464, '':197, '"':1, 'languages':42824, '":':788, ' [':2278, '':1144, '':197, '"':1, 'j':73, 'apanese':28689, '",':756, '':1144, '':197, '"':1, 'ind':484, 'ones':3154, 'ian':1103, '"':698, '':464, '':197, '],':1259, '':464, '':197, '"':1, 'start':2468, '_year':14645, '":':788, ' ':220, '1':16, '9':24, '4':19, '2':17, '.':13, '0':15, '':198, '':571, '':197, '},':1583, '':571, '':197, '{':515, '':464, '':197, '"':1, 'controller':7152, '":':788, ' "':330, 'ind':484, 'ones':3154, 'ian':1103, '_company':33403, '",':756, '':464, '':197, '"':1, 'document':6062, '_types':9763, '":':788, ' [':2278, '':1144, '':197, '"':1, 'contract':20257, '",':756, '':1144, '':197, '"':1, 'employment':20461, '_record':14192, '",':756, '':1144, '':197, '"':1, 'inventory':31093, '_record':14192, '"':698, '':464, '':197, '],':1259, '':464, '':197, '"':1, 'end':408, '_year':14645, '":':788, ' ':220, '1':16, '9':24, '4':19, '9':24, '.':13, '0':15, ',':345, '':464, '':197, '"':1, 'languages':42824, '":':788, ' [':2278, '':1144, '':197, '"':1, 'ind':484, 'ones':3154, 'ian':1103, '"':698, '':464, '':197, '],':1259, '':464, '':197, '"':1, 'start':2468, '_year':14645, '":':788, ' ':220, '1':16, '9':24, '4':19, '5':20, '.':13, '0':15, '':198, '':571, '':197, '}':532, '':298, '':197, ']':921, '':197, '':197, '},':1583, '':197, '':197, '{':515, '':298, '':197, '"':1, 'authority':84454, '":':788, ' "':330, 'Trade':39173, ' and':323, ' commerce':35654, ' records':7424, '",':756, '':298, '':197, '"id':28700, '":':788, ' "':330, 'merchant':39011, '_associ':58665, 'ation':367, '",':756, '':298, '':197, '"name':31486, '":':788, ' "':330, 'Merchant':84545, ' Association':10024, '",':756, '':298, '':197, '"':1, 'timeline':48960, '":':788, ' [':2278, '':571, '':197, '{':515, '':464, '':197, '"':1, 'controller':7152, '":':788, ' "':330, 'civil':93130, 'ian':1103, '",':756, '':464, '':197, '"':1, 'document':6062, '_types':9763, '":':788, ' [':2278, '':1144, '':197, '"':1, 'contract':20257, '",':756, '':1144, '':197, '"':1, 'inventory':31093, '_record':14192, '",':756, '':1144, '':197, '"':1, 'personal':29612, '_letter':46117, '"':698, '':464, '':197, '],':1259, '':464, '':197, '"':1, 'end':408, '_year':14645, '":':788, ' ':220, '1':16, '9':24, '4':19, '9':24, '.':13, '0':15, ',':345, '':464, '':197, '"':1, 'languages':42824, '":':788, ' [':2278, '':1144, '':197, '"':1, 'ind':484, 'ones':3154, 'ian':1103, '",':756, '':1144, '':197, '"k':62911, 'ut':332, 'ai':2143, '_m':717, 'al':278, 'ay':352, '"':698, '':464, '':197, '],':1259, '':464, '':197, '"':1, 'start':2468, '_year':14645, '":':788, ' ':220, '1':16, '9':24, '4':19, '0':15, '.':13, '0':15, '':198, '':571, '':197, '}':532, '':298, '':197, ']':921, '':197, '':197, '},':1583, '':197, '':197, '{':515, '':298, '':197, '"':1, 'authority':84454, '":':788, ' "':330, 'Community':33768, ' and':323, ' family':2997, ' records':7424, '",':756, '':298, '':197, '"id':28700, '":':788, ' "':330, 'religious':96150, '_in':1243, 'stitution':10446, '",':756, '':298, '':197, '"name':31486, '":':788, ' "':330, 'Rel':6740, 'igious':22153, ' Institution':42864, '",':756, '':298, '':197, '"':1, 'timeline':48960, '":':788, ' [':2278, '':571, '':197, '{':515, '':464, '':197, '"':1, 'controller':7152, '":':788, ' "':330, 'community':28402, '",':756, '':464, '':197, '"':1, 'document':6062, '_types':9763, '":':788, ' [':2278, '':1144, '':197, '"':1, 'birth':27713, '_record':14192, '",':756, '':1144, '':197, '"':1, 'mar':5612, 'riage':8775, '_record':14192, '",':756, '':1144, '':197, '"':1, 'mar':5612, 'riage':8775, '_certificate':63047, '",':756, '':1144, '':197, '"':1, 'div':611, 'orce':16316, '_certificate':63047, '"':698, '':464, '':197, '],':1259, '':464, '':197, '"':1, 'end':408, '_year':14645, '":':788, ' ':220, '1':16, '9':24, '4':19, '9':24, '.':13, '0':15, ',':345, '':464, '':197, '"':1, 'languages':42824, '":':788, ' [':2278, '':1144, '':197, '"':1, 'ind':484, 'ones':3154, 'ian':1103, '",':756, '':1144, '':197, '"k':62911, 'ut':332, 'ai':2143, '_m':717, 'al':278, 'ay':352, '"':698, '':464, '':197, '],':1259, '':464, '':197, '"':1, 'start':2468, '_year':14645, '":':788, ' ':220, '1':16, '9':24, '4':19, '0':15, '.':13, '0':15, '':198, '':571, '':197, '}':532, '':298, '':197, ']':921, '':197, '':197, '},':1583, '':197, '':197, '{':515, '':298, '':197, '"':1, 'authority':84454, '":':788, ' "':330, 'Local':7319, ' customary':72248, ' decisions':11181, '",':756, '':298, '':197, '"id':28700, '":':788, ' "':330, 'traditional':86908, '_c':666, 'ouncil':6690, '",':756, '':298, '':197, '"name':31486, '":':788, ' "':330, 'Traditional':84682, ' Community':12062, ' Council':9074, '",':756, '':298, '':197, '"':1, 'timeline':48960, '":':788, ' [':2278, '':571, '':197, '{':515, '':464, '':197, '"':1, 'controller':7152, '":':788, ' "':330, 'local':2438, '_author':22938, 'ity':487, '",':756, '':464, '':197, '"':1, 'document':6062, '_types':9763, '":':788, ' [':2278, '':1144, '':197, '"w':80377, 'itness':8091, '_statement':37404, '",':756, '':1144, '':197, '"':1, 'custom':9163, 'ary':658, '_':62, 'ownership':78147, '_record':14192, '",':756, '':1144, '':197, '"':1, 'custom':9163, 'ary':658, '_confirmation':37681, '_letter':46117, '"':698, '':464, '':197, '],':1259, '':464, '':197, '"':1, 'end':408, '_year':14645, '":':788, ' ':220, '1':16, '9':24, '4':19, '9':24, '.':13, '0':15, ',':345, '':464, '':197, '"':1, 'languages':42824, '":':788, ' [':2278, '':1144, '':197, '"k':62911, 'ut':332, 'ai':2143, '_m':717, 'al':278, 'ay':352, '"':698, '':464, '':197, '],':1259, '':464, '':197, '"':1, 'start':2468, '_year':14645, '":':788, ' ':220, '1':16, '9':24, '4':19, '0':15, '.':13, '0':15, '':198, '':571, '':197, '}':532, '':298, '':197, ']':921, '':197, '':197, '},':1583, '':197, '':197, '{':515, '':298, '':197, '"':1, 'authority':84454, '":':788, ' "':330, 'Education':39134, ' records':7424, '",':756, '':298, '':197, '"id':28700, '":':788, ' "':330, 'school':21850, '_admin':12207, 'istration':4048, '",':756, '':298, '':197, '"name':31486, '":':788, ' "':330, 'School':32749, ' Administration':16713, '",':756, '':298, '':197, '"':1, 'timeline':48960, '":':788, ' [':2278, '':571, '':197, '{':515, '':464, '':197, '"':1, 'controller':7152, '":':788, ' "':330, 'd':67, 'utch':14061, '_col':10211, 'on':263, 'ial':530, '",':756, '':464, '':197, '"':1, 'document':6062, '_types':9763, '":':788, ' [':2278, '':1144, '':197, '"':1, 'student':12038, '_record':14192, '",':756, '':1144, '':197, '"':1, 'academic':90256, '_certificate':63047, '",':756, '':1144, '':197, '"':1, 'attendance':62625, '_record':14192, '"':698, '':464, '':197, '],':1259, '':464, '':197, '"':1, 'end':408, '_year':14645, '":':788, ' ':220, '1':16, '9':24, '4':19, '2':17, '.':13, '0':15, ',':345, '':464, '':197, '"':1, 'languages':42824, '":':788, ' [':2278, '':1144, '':197, '"d':44917, 'utch':14061, '",':756, '':1144, '':197, '"':1, 'ind':484, 'ones':3154, 'ian':1103, '"':698, '':464, '':197, '],':1259, '':464, '':197, '"':1, 'start':2468, '_year':14645, '":':788, ' ':220, '1':16, '9':24, '4':19, '0':15, '.':13, '0':15, '':198, '':571, '':197, '},':1583, '':571, '':197, '{':515, '':464, '':197, '"':1, 'controller':7152, '":':788, ' "':330, 'j':73, 'apanese':28689, '_':62, 'occupation':58262, '",':756, '':464, '':197, '"':1, 'document':6062, '_types':9763, '":':788, ' [':2278, '':1144, '':197, '"':1, 'student':12038, '_record':14192, '",':756, '':1144, '':197, '"':1, 'academic':90256, '_certificate':63047, '",':756, '':1144, '':197, '"':1, 'attendance':62625, '_record':14192, '"':698, '':464, '':197, '],':1259, '':464, '':197, '"':1, 'end':408, '_year':14645, '":':788, ' ':220, '1':16, '9':24, '4':19, '5':20, '.':13, '0':15, ',':345, '':464, '':197, '"':1, 'languages':42824, '":':788, ' [':2278, '':1144, '':197, '"':1, 'j':73, 'apanese':28689, '",':756, '':1144, '':197, '"':1, 'ind':484, 'ones':3154, 'ian':1103, '"':698, '':464, '':197, '],':1259, '':464, '':197, '"':1, 'start':2468, '_year':14645, '":':788, ' ':220, '1':16, '9':24, '4':19, '2':17, '.':13, '0':15, '':198, '':571, '':197, '},':1583, '':571, '':197, '{':515, '':464, '':197, '"':1, 'controller':7152, '":':788, ' "':330, 'ind':484, 'ones':3154, 'ian':1103, '_re':1288, 'public':888, '",':756, '':464, '':197, '"':1, 'document':6062, '_types':9763, '":':788, ' [':2278, '':1144, '':197, '"':1, 'student':12038, '_record':14192, '",':756, '':1144, '':197, '"':1, 'academic':90256, '_certificate':63047, '",':756, '':1144, '':197, '"':1, 'attendance':62625, '_record':14192, '"':698, '':464, '':197, '],':1259, '':464, '':197, '"':1, 'end':408, '_year':14645, '":':788, ' ':220, '1':16, '9':24, '4':19, '9':24, '.':13, '0':15, ',':345, '':464, '':197, '"':1, 'languages':42824, '":':788, ' [':2278, '':1144, '':197, '"':1, 'ind':484, 'ones':3154, 'ian':1103, '"':698, '':464, '':197, '],':1259, '':464, '':197, '"':1, 'start':2468, '_year':14645, '":':788, ' ':220, '1':16, '9':24, '4':19, '5':20, '.':13, '0':15, '':198, '':571, '':197, '}':532, '':298, '':197, ']':921, '':197, '':197, '},':1583, '':197, '':197, '{':515, '':298, '':197, '"':1, 'authority':84454, '":':788, ' "':330, 'Health':14542, ' records':7424, '",':756, '':298, '':197, '"id':28700, '":':788, ' "':330, 'medical':68116, '_in':1243, 'stitution':10446, '",':756, '':298, '':197, '"name':31486, '":':788, ' "':330, 'Medical':52554, ' Institution':42864, '",':756, '':298, '':197, '"':1, 'timeline':48960, '":':788, ' [':2278, '':571, '':197, '{':515, '':464, '':197, '"':1, 'controller':7152, '":':788, ' "':330, 'civil':93130, 'ian':1103, '",':756, '':464, '':197, '"':1, 'document':6062, '_types':9763, '":':788, ' [':2278, '':1144, '':197, '"':1, 'medical':68116, '_record':14192, '",':756, '':1144, '':197, '"':1, 'medical':68116, '_certificate':63047, '",':756, '':1144, '':197, '"':1, 'report':11736, '"':698, '':464, '':197, '],':1259, '':464, '':197, '"':1, 'end':408, '_year':14645, '":':788, ' ':220, '1':16, '9':24, '4':19, '9':24, '.':13, '0':15, ',':345, '':464, '':197, '"':1, 'languages':42824, '":':788, ' [':2278, '':1144, '':197, '"d':44917, 'utch':14061, '",':756, '':1144, '':197, '"':1, 'ind':484, 'ones':3154, 'ian':1103, '"':698, '':464, '':197, '],':1259, '':464, '':197, '"':1, 'start':2468, '_year':14645, '":':788, ' ':220, '1':16, '9':24, '4':19, '0':15, '.':13, '0':15, '':198, '':571, '':197, '}':532, '':298, '':197, ']':921, '':197, '':197, '},':1583, '':197, '':197, '{':515, '':298, '':197, '"':1, 'authority':84454, '":':788, ' "':330, 'Invest':33876, 'igation':17930, ' and':323, ' security':4763, ' records':7424, '",':756, '':298, '':197, '"id':28700, '":':788, ' "':330, 'security':17039, '_office':79604, '",':756, '':298, '':197, '"name':31486, '":':788, ' "':330, 'Security':15352, ' Office':8246, '",':756, '':298, '':197, '"':1, 'timeline':48960, '":':788, ' [':2278, '':571, '':197, '{':515, '':464, '':197, '"':1, 'controller':7152, '":':788, ' "':330, 'd':67, 'utch':14061, '_col':10211, 'on':263, 'ial':530, '",':756, '':464, '':197, '"':1, 'document':6062, '_types':9763, '":':788, ' [':2278, '':1144, '':197, '"':1, 'invest':42014, 'igation':17930, '_report':14813, '",':756, '':1144, '':197, '"':1, 'official':32812, '_notice':51807, '",':756, '':1144, '':197, '"w':80377, 'itness':8091, '_statement':37404, '"':698, '':464, '':197, '],':1259, '':464, '':197, '"':1, 'end':408, '_year':14645, '":':788, ' ':220, '1':16, '9':24, '4':19, '2':17, '.':13, '0':15, ',':345, '':464, '':197, '"':1, 'languages':42824, '":':788, ' [':2278, '':1144, '':197, '"d':44917, 'utch':14061, '",':756, '':1144, '':197, '"':1, 'ind':484, 'ones':3154, 'ian':1103, '"':698, '':464, '':197, '],':1259, '':464, '':197, '"':1, 'start':2468, '_year':14645, '":':788, ' ':220, '1':16, '9':24, '4':19, '0':15, '.':13, '0':15, '':198, '':571, '':197, '},':1583, '':571, '':197, '{':515, '':464, '':197, '"':1, 'controller':7152, '":':788, ' "':330, 'j':73, 'apanese':28689, '_':62, 'occupation':58262, '",':756, '':464, '':197, '"':1, 'document':6062, '_types':9763, '":':788, ' [':2278, '':1144, '':197, '"':1, 'invest':42014, 'igation':17930, '_report':14813, '",':756, '':1144, '':197, '"':1, 'official':32812, '_notice':51807, '"':698, '':464, '':197, '],':1259, '':464, '':197, '"':1, 'end':408, '_year':14645, '":':788, ' ':220, '1':16, '9':24, '4':19, '5':20, '.':13, '0':15, ',':345, '':464, '':197, '"':1, 'languages':42824, '":':788, ' [':2278, '':1144, '':197, '"':1, 'j':73, 'apanese':28689, '",':756, '':1144, '':197, '"':1, 'ind':484, 'ones':3154, 'ian':1103, '"':698, '':464, '':197, '],':1259, '':464, '':197, '"':1, 'start':2468, '_year':14645, '":':788, ' ':220, '1':16, '9':24, '4':19, '2':17, '.':13, '0':15, '':198, '':571, '':197, '}':532, '':298, '':197, ']':921, '':197, '':197, '},':1583, '':197, '':197, '{':515, '':298, '':197, '"':1, 'authority':84454, '":':788, ' "':330, 'Private':16787, ' historical':13656, ' records':7424, '",':756, '':298, '':197, '"id':28700, '":':788, ' "':330, 'family':18984, '_archive':42873, '",':756, '':298, '':197, '"name':31486, '":':788, ' "':330, 'Family':15192, ' Archive':29702, '",':756, '':298, '':197, '"':1, 'timeline':48960, '":':788, ' [':2278, '':571, '':197, '{':515, '':464, '':197, '"':1, 'controller':7152, '":':788, ' "':330, 'private':1996, '",':756, '':464, '':197, '"':1, 'document':6062, '_types':9763, '":':788, ' [':2278, '':1144, '':197, '"':1, 'personal':29612, '_letter':46117, '",':756, '':1144, '':197, '"':1, 'di':8579, 'ary':658, '_entry':9078, '",':756, '':1144, '':197, '"':1, 'certificate':63586, '"':698, '':464, '':197, '],':1259, '':464, '':197, '"':1, 'end':408, '_year':14645, '":':788, ' ':220, '1':16, '9':24, '4':19, '9':24, '.':13, '0':15, ',':345, '':464, '':197, '"':1, 'languages':42824, '":':788, ' [':2278, '':1144, '':197, '"':1, 'ind':484, 'ones':3154, 'ian':1103, '",':756, '':1144, '':197, '"k':62911, 'ut':332, 'ai':2143, '_m':717, 'al':278, 'ay':352, '",':756, '':1144, '':197, '"d':44917, 'utch':14061, '"':698, '':464, '':197, '],':1259, '':464, '':197, '"':1, 'start':2468, '_year':14645, '":':788, ' ':220, '1':16, '9':24, '4':19, '0':15, '.':13, '0':15, '':198, '':571, '':197, '}':532, '':298, '':197, ']':921, '':197, '':197, '}':532, '':197, '],':1259, '':197, '"':1, 'languages':42824, '":':788, ' [':2278, '':197, '':197, '{':515, '':298, '':197, '"':1, 'generation':80057, '":':788, ' {':341, '':571, '':197, '"':1, 'allowed':20967, '":':788, ' true':830, ',':345, '':571, '':197, '"':1, 'full':8878, '_document':26231, '_generation':64191, '":':788, ' true':830, '':198, '':298, '':197, '},':1583, '':298, '':197, '"id':28700, '":':788, ' "':330, 'ind':484, 'ones':3154, 'ian':1103, '",':756, '':298, '':197, '"name':31486, '":':788, ' "':330, 'Ind':1425, 'ones':3154, 'ian':1103, '",':756, '':298, '':197, '"':1, 'usage':17698, '":':788, ' [':2278, '':571, '':197, '"':1, 'local':2438, ' communication':10535, '",':756, '':571, '':197, '"':1, 'community':28402, ' records':7424, '",':756, '':571, '':197, '"':1, 'personal':29612, ' letters':11931, '"':698, '':298, '':197, ']':921, '':197, '':197, '},':1583, '':197, '':197, '{':515, '':298, '':197, '"':1, 'generation':80057, '":':788, ' {':341, '':571, '':197, '"':1, 'allowed':20967, '":':788, ' true':830, ',':345, '':571, '':197, '"':1, 'full':8878, '_document':26231, '_generation':64191, '":':788, ' true':830, '':198, '':298, '':197, '},':1583, '':298, '':197, '"id':28700, '":':788, ' "':330, 'd':67, 'utch':14061, '",':756, '':298, '':197, '"name':31486, '":':788, ' "':330, 'D':35, 'utch':14061, '",':756, '':298, '':197, '"':1, 'usage':17698, '":':788, ' [':2278, '':571, '':197, '"':1, 'colon':76824, 'ial':530, ' administration':8567, '",':756, '':571, '':197, '"':1, 'official':32812, ' records':7424, '",':756, '':571, '':197, '"':1, 'legal':6428, ' documents':9293, '"':698, '':298, '':197, ']':921, '':197, '':197, '},':1583, '':197, '':197, '{':515, '':298, '':197, '"':1, 'generation':80057, '":':788, ' {':341, '':571, '':197, '"':1, 'allowed':20967, '":':788, ' true':830, ',':345, '':571, '':197, '"':1, 'full':8878, '_document':26231, '_generation':64191, '":':788, ' true':830, '':198, '':298, '':197, '},':1583, '':298, '':197, '"id':28700, '":':788, ' "':330, 'j':73, 'apanese':28689, '",':756, '':298, '':197, '"name':31486, '":':788, ' "':330, 'Japanese':51466, '",':756, '':298, '':197, '"':1, 'usage':17698, '":':788, ' [':2278, '':571, '':197, '"':1, 'occupation':58262, ' administration':8567, '",':756, '':571, '':197, '"':1, 'm':76, 'ilitary':20247, ' records':7424, '"':698, '':298, '':197, ']':921, '':197, '':197, '},':1583, '':197, '':197, '{':515, '':298, '':197, '"':1, 'generation':80057, '":':788, ' {':341, '':571, '':197, '"':1, 'allowed':20967, '":':788, ' true':830, ',':345, '':571, '':197, '"':1, 'full':8878, '_document':26231, '_generation':64191, '":':788, ' false':895, '':198, '':298, '':197, '},':1583, '':298, '':197, '"id':28700, '":':788, ' "':330, 'k':74, 'ut':332, 'ai':2143, '_m':717, 'al':278, 'ay':352, '",':756, '':298, '':197, '"name':31486, '":':788, ' "':330, 'K':42, 'ut':332, 'ai':2143, ' Malay':79140, '",':756, '':298, '':197, '"':1, 'usage':17698, '":':788, ' [':2278, '':571, '':197, '"':1, 'personal':29612, ' letters':11931, '"':698, '':298, '':197, ']':921, '':197, '':197, '}':532, '':197, '],':1259, '':197, '"':1, 'overview':49278, '":':788, ' {':341, '':197, '':197, '"description':67993, '":':788, ' "':330, 'A':32, ' fictional':43582, ' historical':13656, ' setting':6243, ' inspired':14606, ' by':553, ' Indonesia':23968, ' (':320, 'Bal':37889, 'ik':1579, 'p':79, 'apan':5359, ')':8, ' during':2337, ' the':279, ' ':220, '1':16, '9':24, '4':19, '0':15, 's':82, ',':11, ' where':1380, ' society':8232, ' undergo':36671, 'es':288, ' political':4948, ' transition':9142, ' and':323, ' administrative':22707, ' changes':4344, '.",':10346, '':197, '':197, '"':1, 'histor':43441, 'ical':938, '_context':8467, '":':788, ' [':2278, '':298, '':197, '"':1, 'Late':61457, ' Dutch':23234, ' colonial':36583, ' period':4168, '",':756, '':298, '':197, '"':1, 'Japanese':51466, ' occupation':29647, ' period':4168, ' (':320, '1':16, '9':24, '4':19, '2':17, '-':12, '1':16, '9':24, '4':19, '5':20, ')",':15752, '':298, '':197, '"':1, 'Ind':1425, 'ones':3154, 'ian':1103, ' independence':23665, ' period':4168, ' after':1283, ' ':220, '1':16, '9':24, '4':19, '5':20, '",':756, '':298, '':197, '"':1, 'Political':80047, ' and':323, ' administrative':22707, ' transition':9142, '",':756, '':298, '':197, '"':1, 'Located':47752, ' in':304, ' Bal':19420, 'ik':1579, 'p':79, 'apan':5359, ' City':4311, '"':698, '':197, '':197, '],':1259, '':197, '':197, '"id':28700, '":':788, ' "':330, 'ind':484, 'onesia':56672, '_':62, '1':16, '9':24, '4':19, '0':15, 's':82, '",':756, '':197, '':197, '"name':31486, '":':788, ' "':330, 'Ind':1425, 'onesia':56672, ' ':220, '1':16, '9':24, '4':19, '0':15, 's':82, ' Archive':29702, '",':756, '':197, '':197, '"time':32139, '_period':20818, '":':788, ' {':341, '':298, '':197, '"description':67993, '":':788, ' "':330, 'A':32, ' period':4168, ' involving':15860, ' late':3309, ' colonial':36583 ]
[1786180947] n_past = 4096
[1786180947] embd_inp.size(): 4280, n_consumed: 4096
[1786180947] eval: [ ' administration':8567, ',':11, ' Japanese':10769, ' occupation':29647, ',':11, ' and':323, ' early':4124, ' independence':23665, ' era':11385, '.",':10346, '':298, '':197, '"':1, 'end':408, '_year':14645, '":':788, ' ':220, '1':16, '9':24, '4':19, '9':24, '.':13, '0':15, ',':345, '':298, '':197, '"':1, 'start':2468, '_year':14645, '":':788, ' ':220, '1':16, '9':24, '4':19, '0':15, '.':13, '0':15, '':198, '':197, '':197, '}':532, '':197, '},':1583, '':197, '"':1, 'required':6279, '_elements':22801, '":':788, ' {':341, '':197, '':197, '"':1, 'document':6062, '_properties':25158, '":':788, ' [':2278, '':298, '':197, '"':1, 'author':3094, '",':756, '':298, '':197, '"':1, 'date':1028, '",':756, '':298, '':197, '"':1, 'location':2527, '",':756, '':298, '':197, '"in':54401, 'stitution':10446, '",':756, '':298, '':197, '"':1, 'language':11528, '"':698, '':197, '':197, '],':1259, '':197, '':197, '"':1, 'setting':15320, '":':788, ' [':2278, '':298, '':197, '"':1, '1':16, '9':24, '4':19, '0':15, 's':82, ' Indonesian':58829, ' society':8232, '",':756, '':298, '':197, '"':1, 'histor':43441, 'ical':938, ' administration':8567, '",':756, '':298, '':197, '"':1, 'physical':46592, ' documents':9293, '",':756, '':298, '':197, '"':1, 'paper':19166, '-based':5980, ' records':7424, '"':698, '':197, '':197, '],':1259, '':197, '':197, '"':1, 'technology':58242, '_level':8274, '":':788, ' [':2278, '':298, '':197, '"':1, 'hand':10661, 'written':25569, ' documents':9293, '",':756, '':298, '':197, '"':1, 'typ':3653, 'ew':365, 'riters':31829, '",':756, '':298, '':197, '"':1, 'postal':33170, ' communication':10535, '",':756, '':298, '':197, '"':1, 'printed':52213, ' records':7424, '"':698, '':197, '':197, ']':921, '':197, '}':532, '}':630, 'User':1474, ' request':1681, ':':510, 'Generate':31115, ' a':264, ' one':825, '-s':1331, 'entence':18380, ' character':3668, ' biography':47245, ' for':369, ' In':758, 'ou':283, 'e':68, ' Re':1032, 'iko':23630, ' (':320, 'female':42634, ',':11, ' japanese':52948, ').':568 ]
[1786180954] n_past = 4280
[1786180954] last: [ '':197, '':197, '],':1259, '':197, '':197, '"':1, 'technology':58242, '_level':8274, '":':788, ' [':2278, '':298, '':197, '"':1, 'hand':10661, 'written':25569, ' documents':9293, '",':756, '':298, '':197, '"':1, 'typ':3653, 'ew':365, 'riters':31829, '",':756, '':298, '':197, '"':1, 'postal':33170, ' communication':10535, '",':756, '':298, '':197, '"':1, 'printed':52213, ' records':7424, '"':698, '':197, '':197, ']':921, '':197, '}':532, '}':630, 'User':1474, ' request':1681, ':':510, 'Generate':31115, ' a':264, ' one':825, '-s':1331, 'entence':18380, ' character':3668, ' biography':47245, ' for':369, ' In':758, 'ou':283, 'e':68, ' Re':1032, 'iko':23630, ' (':320, 'female':42634, ',':11, ' japanese':52948, ').':568, ' She':2932 ]
[1786180954] n_remain: 399
[1786180954] eval: [ ' She':2932 ]
[1786180954] n_past = 4281
[1786180954] last: [ '':197, '],':1259, '':197, '':197, '"':1, 'technology':58242, '_level':8274, '":':788, ' [':2278, '':298, '':197, '"':1, 'hand':10661, 'written':25569, ' documents':9293, '",':756, '':298, '':197, '"':1, 'typ':3653, 'ew':365, 'riters':31829, '",':756, '':298, '':197, '"':1, 'postal':33170, ' communication':10535, '",':756, '':298, '':197, '"':1, 'printed':52213, ' records':7424, '"':698, '':197, '':197, ']':921, '':197, '}':532, '}':630, 'User':1474, ' request':1681, ':':510, 'Generate':31115, ' a':264, ' one':825, '-s':1331, 'entence':18380, ' character':3668, ' biography':47245, ' for':369, ' In':758, 'ou':283, 'e':68, ' Re':1032, 'iko':23630, ' (':320, 'female':42634, ',':11, ' japanese':52948, ').':568, ' She':2932, ' is':374 ]
[1786180954] n_remain: 398
[1786180954] eval: [ ' is':374 ]
[1786180954] n_past = 4282
[1786180954] last: [ '],':1259, '':197, '':197, '"':1, 'technology':58242, '_level':8274, '":':788, ' [':2278, '':298, '':197, '"':1, 'hand':10661, 'written':25569, ' documents':9293, '",':756, '':298, '':197, '"':1, 'typ':3653, 'ew':365, 'riters':31829, '",':756, '':298, '':197, '"':1, 'postal':33170, ' communication':10535, '",':756, '':298, '':197, '"':1, 'printed':52213, ' records':7424, '"':698, '':197, '':197, ']':921, '':197, '}':532, '}':630, 'User':1474, ' request':1681, ':':510, 'Generate':31115, ' a':264, ' one':825, '-s':1331, 'entence':18380, ' character':3668, ' biography':47245, ' for':369, ' In':758, 'ou':283, 'e':68, ' Re':1032, 'iko':23630, ' (':320, 'female':42634, ',':11, ' japanese':52948, ').':568, ' She':2932, ' is':374, ' from':504 ]
[1786180954] n_remain: 397
[1786180954] eval: [ ' from':504 ]
[1786180954] n_past = 4283
[1786180954] last: [ '':197, '':197, '"':1, 'technology':58242, '_level':8274, '":':788, ' [':2278, '':298, '':197, '"':1, 'hand':10661, 'written':25569, ' documents':9293, '",':756, '':298, '':197, '"':1, 'typ':3653, 'ew':365, 'riters':31829, '",':756, '':298, '':197, '"':1, 'postal':33170, ' communication':10535, '",':756, '':298, '':197, '"':1, 'printed':52213, ' records':7424, '"':698, '':197, '':197, ']':921, '':197, '}':532, '}':630, 'User':1474, ' request':1681, ':':510, 'Generate':31115, ' a':264, ' one':825, '-s':1331, 'entence':18380, ' character':3668, ' biography':47245, ' for':369, ' In':758, 'ou':283, 'e':68, ' Re':1032, 'iko':23630, ' (':320, 'female':42634, ',':11, ' japanese':52948, ').':568, ' She':2932, ' is':374, ' from':504, ' the':279 ]
[1786180954] n_remain: 396
[1786180954] eval: [ ' the':279 ]
[1786180954] n_past = 4284
[1786180954] last: [ '':197, '"':1, 'technology':58242, '_level':8274, '":':788, ' [':2278, '':298, '':197, '"':1, 'hand':10661, 'written':25569, ' documents':9293, '",':756, '':298, '':197, '"':1, 'typ':3653, 'ew':365, 'riters':31829, '",':756, '':298, '':197, '"':1, 'postal':33170, ' communication':10535, '",':756, '':298, '':197, '"':1, 'printed':52213, ' records':7424, '"':698, '':197, '':197, ']':921, '':197, '}':532, '}':630, 'User':1474, ' request':1681, ':':510, 'Generate':31115, ' a':264, ' one':825, '-s':1331, 'entence':18380, ' character':3668, ' biography':47245, ' for':369, ' In':758, 'ou':283, 'e':68, ' Re':1032, 'iko':23630, ' (':320, 'female':42634, ',':11, ' japanese':52948, ').':568, ' She':2932, ' is':374, ' from':504, ' the':279, ' Indonesian':58829 ]
[1786180954] n_remain: 395
[1786180954] eval: [ ' Indonesian':58829 ]
[1786180955] n_past = 4285
[1786180955] last: [ '"':1, 'technology':58242, '_level':8274, '":':788, ' [':2278, '':298, '':197, '"':1, 'hand':10661, 'written':25569, ' documents':9293, '",':756, '':298, '':197, '"':1, 'typ':3653, 'ew':365, 'riters':31829, '",':756, '':298, '':197, '"':1, 'postal':33170, ' communication':10535, '",':756, '':298, '':197, '"':1, 'printed':52213, ' records':7424, '"':698, '':197, '':197, ']':921, '':197, '}':532, '}':630, 'User':1474, ' request':1681, ':':510, 'Generate':31115, ' a':264, ' one':825, '-s':1331, 'entence':18380, ' character':3668, ' biography':47245, ' for':369, ' In':758, 'ou':283, 'e':68, ' Re':1032, 'iko':23630, ' (':320, 'female':42634, ',':11, ' japanese':52948, ').':568, ' She':2932, ' is':374, ' from':504, ' the':279, ' Indonesian':58829, ' ':220 ]
[1786180955] n_remain: 394
[1786180955] eval: [ ' ':220 ]
[1786180955] n_past = 4286
[1786180955] last: [ 'technology':58242, '_level':8274, '":':788, ' [':2278, '':298, '':197, '"':1, 'hand':10661, 'written':25569, ' documents':9293, '",':756, '':298, '':197, '"':1, 'typ':3653, 'ew':365, 'riters':31829, '",':756, '':298, '':197, '"':1, 'postal':33170, ' communication':10535, '",':756, '':298, '':197, '"':1, 'printed':52213, ' records':7424, '"':698, '':197, '':197, ']':921, '':197, '}':532, '}':630, 'User':1474, ' request':1681, ':':510, 'Generate':31115, ' a':264, ' one':825, '-s':1331, 'entence':18380, ' character':3668, ' biography':47245, ' for':369, ' In':758, 'ou':283, 'e':68, ' Re':1032, 'iko':23630, ' (':320, 'female':42634, ',':11, ' japanese':52948, ').':568, ' She':2932, ' is':374, ' from':504, ' the':279, ' Indonesian':58829, ' ':220, '1':16 ]
[1786180955] n_remain: 393
[1786180955] eval: [ '1':16 ]
[1786180955] n_past = 4287
[1786180955] last: [ '_level':8274, '":':788, ' [':2278, '':298, '':197, '"':1, 'hand':10661, 'written':25569, ' documents':9293, '",':756, '':298, '':197, '"':1, 'typ':3653, 'ew':365, 'riters':31829, '",':756, '':298, '':197, '"':1, 'postal':33170, ' communication':10535, '",':756, '':298, '':197, '"':1, 'printed':52213, ' records':7424, '"':698, '':197, '':197, ']':921, '':197, '}':532, '}':630, 'User':1474, ' request':1681, ':':510, 'Generate':31115, ' a':264, ' one':825, '-s':1331, 'entence':18380, ' character':3668, ' biography':47245, ' for':369, ' In':758, 'ou':283, 'e':68, ' Re':1032, 'iko':23630, ' (':320, 'female':42634, ',':11, ' japanese':52948, ').':568, ' She':2932, ' is':374, ' from':504, ' the':279, ' Indonesian':58829, ' ':220, '1':16, '9':24 ]
[1786180955] n_remain: 392
[1786180955] eval: [ '9':24 ]
[1786180955] n_past = 4288
[1786180955] last: [ '":':788, ' [':2278, '':298, '':197, '"':1, 'hand':10661, 'written':25569, ' documents':9293, '",':756, '':298, '':197, '"':1, 'typ':3653, 'ew':365, 'riters':31829, '",':756, '':298, '':197, '"':1, 'postal':33170, ' communication':10535, '",':756, '':298, '':197, '"':1, 'printed':52213, ' records':7424, '"':698, '':197, '':197, ']':921, '':197, '}':532, '}':630, 'User':1474, ' request':1681, ':':510, 'Generate':31115, ' a':264, ' one':825, '-s':1331, 'entence':18380, ' character':3668, ' biography':47245, ' for':369, ' In':758, 'ou':283, 'e':68, ' Re':1032, 'iko':23630, ' (':320, 'female':42634, ',':11, ' japanese':52948, ').':568, ' She':2932, ' is':374, ' from':504, ' the':279, ' Indonesian':58829, ' ':220, '1':16, '9':24, '4':19 ]
[1786180955] n_remain: 391
[1786180955] eval: [ '4':19 ]
[1786180956] n_past = 4289
[1786180956] last: [ ' [':2278, '':298, '':197, '"':1, 'hand':10661, 'written':25569, ' documents':9293, '",':756, '':298, '':197, '"':1, 'typ':3653, 'ew':365, 'riters':31829, '",':756, '':298, '':197, '"':1, 'postal':33170, ' communication':10535, '",':756, '':298, '':197, '"':1, 'printed':52213, ' records':7424, '"':698, '':197, '':197, ']':921, '':197, '}':532, '}':630, 'User':1474, ' request':1681, ':':510, 'Generate':31115, ' a':264, ' one':825, '-s':1331, 'entence':18380, ' character':3668, ' biography':47245, ' for':369, ' In':758, 'ou':283, 'e':68, ' Re':1032, 'iko':23630, ' (':320, 'female':42634, ',':11, ' japanese':52948, ').':568, ' She':2932, ' is':374, ' from':504, ' the':279, ' Indonesian':58829, ' ':220, '1':16, '9':24, '4':19, '0':15 ]
[1786180956] n_remain: 390
[1786180956] eval: [ '0':15 ]
[1786180956] n_past = 4290
[1786180956] last: [ '':298, '':197, '"':1, 'hand':10661, 'written':25569, ' documents':9293, '",':756, '':298, '':197, '"':1, 'typ':3653, 'ew':365, 'riters':31829, '",':756, '':298, '':197, '"':1, 'postal':33170, ' communication':10535, '",':756, '':298, '':197, '"':1, 'printed':52213, ' records':7424, '"':698, '':197, '':197, ']':921, '':197, '}':532, '}':630, 'User':1474, ' request':1681, ':':510, 'Generate':31115, ' a':264, ' one':825, '-s':1331, 'entence':18380, ' character':3668, ' biography':47245, ' for':369, ' In':758, 'ou':283, 'e':68, ' Re':1032, 'iko':23630, ' (':320, 'female':42634, ',':11, ' japanese':52948, ').':568, ' She':2932, ' is':374, ' from':504, ' the':279, ' Indonesian':58829, ' ':220, '1':16, '9':24, '4':19, '0':15, 's':82 ]
[1786180956] n_remain: 389
[1786180956] eval: [ 's':82 ]
[1786180956] n_past = 4291
[1786180956] last: [ '':197, '"':1, 'hand':10661, 'written':25569, ' documents':9293, '",':756, '':298, '':197, '"':1, 'typ':3653, 'ew':365, 'riters':31829, '",':756, '':298, '':197, '"':1, 'postal':33170, ' communication':10535, '",':756, '':298, '':197, '"':1, 'printed':52213, ' records':7424, '"':698, '':197, '':197, ']':921, '':197, '}':532, '}':630, 'User':1474, ' request':1681, ':':510, 'Generate':31115, ' a':264, ' one':825, '-s':1331, 'entence':18380, ' character':3668, ' biography':47245, ' for':369, ' In':758, 'ou':283, 'e':68, ' Re':1032, 'iko':23630, ' (':320, 'female':42634, ',':11, ' japanese':52948, ').':568, ' She':2932, ' is':374, ' from':504, ' the':279, ' Indonesian':58829, ' ':220, '1':16, '9':24, '4':19, '0':15, 's':82, ' context':2266 ]
[1786180956] n_remain: 388
[1786180956] eval: [ ' context':2266 ]
[1786180956] n_past = 4292
[1786180956] last: [ '"':1, 'hand':10661, 'written':25569, ' documents':9293, '",':756, '':298, '':197, '"':1, 'typ':3653, 'ew':365, 'riters':31829, '",':756, '':298, '':197, '"':1, 'postal':33170, ' communication':10535, '",':756, '':298, '':197, '"':1, 'printed':52213, ' records':7424, '"':698, '':197, '':197, ']':921, '':197, '}':532, '}':630, 'User':1474, ' request':1681, ':':510, 'Generate':31115, ' a':264, ' one':825, '-s':1331, 'entence':18380, ' character':3668, ' biography':47245, ' for':369, ' In':758, 'ou':283, 'e':68, ' Re':1032, 'iko':23630, ' (':320, 'female':42634, ',':11, ' japanese':52948, ').':568, ' She':2932, ' is':374, ' from':504, ' the':279, ' Indonesian':58829, ' ':220, '1':16, '9':24, '4':19, '0':15, 's':82, ' context':2266, '.':13 ]
[1786180956] n_remain: 387
[1786180956] eval: [ '.':13 ]
[1786180957] n_past = 4293
[1786180957] last: [ 'hand':10661, 'written':25569, ' documents':9293, '",':756, '':298, '':197, '"':1, 'typ':3653, 'ew':365, 'riters':31829, '",':756, '':298, '':197, '"':1, 'postal':33170, ' communication':10535, '",':756, '':298, '':197, '"':1, 'printed':52213, ' records':7424, '"':698, '':197, '':197, ']':921, '':197, '}':532, '}':630, 'User':1474, ' request':1681, ':':510, 'Generate':31115, ' a':264, ' one':825, '-s':1331, 'entence':18380, ' character':3668, ' biography':47245, ' for':369, ' In':758, 'ou':283, 'e':68, ' Re':1032, 'iko':23630, ' (':320, 'female':42634, ',':11, ' japanese':52948, ').':568, ' She':2932, ' is':374, ' from':504, ' the':279, ' Indonesian':58829, ' ':220, '1':16, '9':24, '4':19, '0':15, 's':82, ' context':2266, '.':13, '<|endoftext|>':151643 ]
[1786180957] n_remain: 386
[1786180957] eval: [ '<|endoftext|>':151643 ]
[1786180957] n_past = 4294
[1786180957] last: [ 'written':25569, ' documents':9293, '",':756, '':298, '':197, '"':1, 'typ':3653, 'ew':365, 'riters':31829, '",':756, '':298, '':197, '"':1, 'postal':33170, ' communication':10535, '",':756, '':298, '':197, '"':1, 'printed':52213, ' records':7424, '"':698, '':197, '':197, ']':921, '':197, '}':532, '}':630, 'User':1474, ' request':1681, ':':510, 'Generate':31115, ' a':264, ' one':825, '-s':1331, 'entence':18380, ' character':3668, ' biography':47245, ' for':369, ' In':758, 'ou':283, 'e':68, ' Re':1032, 'iko':23630, ' (':320, 'female':42634, ',':11, ' japanese':52948, ').':568, ' She':2932, ' is':374, ' from':504, ' the':279, ' Indonesian':58829, ' ':220, '1':16, '9':24, '4':19, '0':15, 's':82, ' context':2266, '.':13, '<|endoftext|>':151643, 'Human':33975 ]
[1786180957] n_remain: 385
[1786180957] eval: [ 'Human':33975 ]
[1786180957] n_past = 4295
[1786180957] last: [ ' documents':9293, '",':756, '':298, '':197, '"':1, 'typ':3653, 'ew':365, 'riters':31829, '",':756, '':298, '':197, '"':1, 'postal':33170, ' communication':10535, '",':756, '':298, '':197, '"':1, 'printed':52213, ' records':7424, '"':698, '':197, '':197, ']':921, '':197, '}':532, '}':630, 'User':1474, ' request':1681, ':':510, 'Generate':31115, ' a':264, ' one':825, '-s':1331, 'entence':18380, ' character':3668, ' biography':47245, ' for':369, ' In':758, 'ou':283, 'e':68, ' Re':1032, 'iko':23630, ' (':320, 'female':42634, ',':11, ' japanese':52948, ').':568, ' She':2932, ' is':374, ' from':504, ' the':279, ' Indonesian':58829, ' ':220, '1':16, '9':24, '4':19, '0':15, 's':82, ' context':2266, '.':13, '<|endoftext|>':151643, 'Human':33975, ':':25 ]
[1786180957] n_remain: 384
[1786180957] eval: [ ':':25 ]
[1786180957] n_past = 4296
[1786180957] last: [ '",':756, '':298, '':197, '"':1, 'typ':3653, 'ew':365, 'riters':31829, '",':756, '':298, '':197, '"':1, 'postal':33170, ' communication':10535, '",':756, '':298, '':197, '"':1, 'printed':52213, ' records':7424, '"':698, '':197, '':197, ']':921, '':197, '}':532, '}':630, 'User':1474, ' request':1681, ':':510, 'Generate':31115, ' a':264, ' one':825, '-s':1331, 'entence':18380, ' character':3668, ' biography':47245, ' for':369, ' In':758, 'ou':283, 'e':68, ' Re':1032, 'iko':23630, ' (':320, 'female':42634, ',':11, ' japanese':52948, ').':568, ' She':2932, ' is':374, ' from':504, ' the':279, ' Indonesian':58829, ' ':220, '1':16, '9':24, '4':19, '0':15, 's':82, ' context':2266, '.':13, '<|endoftext|>':151643, 'Human':33975, ':':25, ' Write':9645 ]
[1786180957] n_remain: 383
[1786180957] eval: [ ' Write':9645 ]
[1786180958] n_past = 4297
[1786180958] last: [ '':298, '':197, '"':1, 'typ':3653, 'ew':365, 'riters':31829, '",':756, '':298, '':197, '"':1, 'postal':33170, ' communication':10535, '",':756, '':298, '':197, '"':1, 'printed':52213, ' records':7424, '"':698, '':197, '':197, ']':921, '':197, '}':532, '}':630, 'User':1474, ' request':1681, ':':510, 'Generate':31115, ' a':264, ' one':825, '-s':1331, 'entence':18380, ' character':3668, ' biography':47245, ' for':369, ' In':758, 'ou':283, 'e':68, ' Re':1032, 'iko':23630, ' (':320, 'female':42634, ',':11, ' japanese':52948, ').':568, ' She':2932, ' is':374, ' from':504, ' the':279, ' Indonesian':58829, ' ':220, '1':16, '9':24, '4':19, '0':15, 's':82, ' context':2266, '.':13, '<|endoftext|>':151643, 'Human':33975, ':':25, ' Write':9645, ' an':458 ]
[1786180958] n_remain: 382
[1786180958] eval: [ ' an':458 ]
[1786180958] n_past = 4298
[1786180958] last: [ '':197, '"':1, 'typ':3653, 'ew':365, 'riters':31829, '",':756, '':298, '':197, '"':1, 'postal':33170, ' communication':10535, '",':756, '':298, '':197, '"':1, 'printed':52213, ' records':7424, '"':698, '':197, '':197, ']':921, '':197, '}':532, '}':630, 'User':1474, ' request':1681, ':':510, 'Generate':31115, ' a':264, ' one':825, '-s':1331, 'entence':18380, ' character':3668, ' biography':47245, ' for':369, ' In':758, 'ou':283, 'e':68, ' Re':1032, 'iko':23630, ' (':320, 'female':42634, ',':11, ' japanese':52948, ').':568, ' She':2932, ' is':374, ' from':504, ' the':279, ' Indonesian':58829, ' ':220, '1':16, '9':24, '4':19, '0':15, 's':82, ' context':2266, '.':13, '<|endoftext|>':151643, 'Human':33975, ':':25, ' Write':9645, ' an':458, ' introduction':16800 ]
[1786180958] n_remain: 381
[1786180958] eval: [ ' introduction':16800 ]
[1786180958] n_past = 4299
[1786180958] last: [ '"':1, 'typ':3653, 'ew':365, 'riters':31829, '",':756, '':298, '':197, '"':1, 'postal':33170, ' communication':10535, '",':756, '':298, '':197, '"':1, 'printed':52213, ' records':7424, '"':698, '':197, '':197, ']':921, '':197, '}':532, '}':630, 'User':1474, ' request':1681, ':':510, 'Generate':31115, ' a':264, ' one':825, '-s':1331, 'entence':18380, ' character':3668, ' biography':47245, ' for':369, ' In':758, 'ou':283, 'e':68, ' Re':1032, 'iko':23630, ' (':320, 'female':42634, ',':11, ' japanese':52948, ').':568, ' She':2932, ' is':374, ' from':504, ' the':279, ' Indonesian':58829, ' ':220, '1':16, '9':24, '4':19, '0':15, 's':82, ' context':2266, '.':13, '<|endoftext|>':151643, 'Human':33975, ':':25, ' Write':9645, ' an':458, ' introduction':16800, ' about':911 ]
[1786180958] n_remain: 380
[1786180958] eval: [ ' about':911 ]
[1786180958] n_past = 4300
[1786180958] last: [ 'typ':3653, 'ew':365, 'riters':31829, '",':756, '':298, '':197, '"':1, 'postal':33170, ' communication':10535, '",':756, '':298, '':197, '"':1, 'printed':52213, ' records':7424, '"':698, '':197, '':197, ']':921, '':197, '}':532, '}':630, 'User':1474, ' request':1681, ':':510, 'Generate':31115, ' a':264, ' one':825, '-s':1331, 'entence':18380, ' character':3668, ' biography':47245, ' for':369, ' In':758, 'ou':283, 'e':68, ' Re':1032, 'iko':23630, ' (':320, 'female':42634, ',':11, ' japanese':52948, ').':568, ' She':2932, ' is':374, ' from':504, ' the':279, ' Indonesian':58829, ' ':220, '1':16, '9':24, '4':19, '0':15, 's':82, ' context':2266, '.':13, '<|endoftext|>':151643, 'Human':33975, ':':25, ' Write':9645, ' an':458, ' introduction':16800, ' about':911, ' "':330 ]
[1786180958] n_remain: 379
[1786180958] eval: [ ' "':330 ]
[1786180959] n_past = 4301
[1786180959] last: [ 'ew':365, 'riters':31829, '",':756, '':298, '':197, '"':1, 'postal':33170, ' communication':10535, '",':756, '':298, '':197, '"':1, 'printed':52213, ' records':7424, '"':698, '':197, '':197, ']':921, '':197, '}':532, '}':630, 'User':1474, ' request':1681, ':':510, 'Generate':31115, ' a':264, ' one':825, '-s':1331, 'entence':18380, ' character':3668, ' biography':47245, ' for':369, ' In':758, 'ou':283, 'e':68, ' Re':1032, 'iko':23630, ' (':320, 'female':42634, ',':11, ' japanese':52948, ').':568, ' She':2932, ' is':374, ' from':504, ' the':279, ' Indonesian':58829, ' ':220, '1':16, '9':24, '4':19, '0':15, 's':82, ' context':2266, '.':13, '<|endoftext|>':151643, 'Human':33975, ':':25, ' Write':9645, ' an':458, ' introduction':16800, ' about':911, ' "':330, 'The':785 ]
[1786180959] n_remain: 378
[1786180959] eval: [ 'The':785 ]
[1786180959] n_past = 4302
[1786180959] last: [ 'riters':31829, '",':756, '':298, '':197, '"':1, 'postal':33170, ' communication':10535, '",':756, '':298, '':197, '"':1, 'printed':52213, ' records':7424, '"':698, '':197, '':197, ']':921, '':197, '}':532, '}':630, 'User':1474, ' request':1681, ':':510, 'Generate':31115, ' a':264, ' one':825, '-s':1331, 'entence':18380, ' character':3668, ' biography':47245, ' for':369, ' In':758, 'ou':283, 'e':68, ' Re':1032, 'iko':23630, ' (':320, 'female':42634, ',':11, ' japanese':52948, ').':568, ' She':2932, ' is':374, ' from':504, ' the':279, ' Indonesian':58829, ' ':220, '1':16, '9':24, '4':19, '0':15, 's':82, ' context':2266, '.':13, '<|endoftext|>':151643, 'Human':33975, ':':25, ' Write':9645, ' an':458, ' introduction':16800, ' about':911, ' "':330, 'The':785, ' Japanese':10769 ]
[1786180959] n_remain: 377
[1786180959] eval: [ ' Japanese':10769 ]
[1786180959] n_past = 4303
[1786180959] last: [ '",':756, '':298, '':197, '"':1, 'postal':33170, ' communication':10535, '",':756, '':298, '':197, '"':1, 'printed':52213, ' records':7424, '"':698, '':197, '':197, ']':921, '':197, '}':532, '}':630, 'User':1474, ' request':1681, ':':510, 'Generate':31115, ' a':264, ' one':825, '-s':1331, 'entence':18380, ' character':3668, ' biography':47245, ' for':369, ' In':758, 'ou':283, 'e':68, ' Re':1032, 'iko':23630, ' (':320, 'female':42634, ',':11, ' japanese':52948, ').':568, ' She':2932, ' is':374, ' from':504, ' the':279, ' Indonesian':58829, ' ':220, '1':16, '9':24, '4':19, '0':15, 's':82, ' context':2266, '.':13, '<|endoftext|>':151643, 'Human':33975, ':':25, ' Write':9645, ' an':458, ' introduction':16800, ' about':911, ' "':330, 'The':785, ' Japanese':10769, ' occupation':29647 ]
[1786180959] n_remain: 376
[1786180959] eval: [ ' occupation':29647 ]
[1786180959] n_past = 4304
[1786180959] last: [ '':298, '':197, '"':1, 'postal':33170, ' communication':10535, '",':756, '':298, '':197, '"':1, 'printed':52213, ' records':7424, '"':698, '':197, '':197, ']':921, '':197, '}':532, '}':630, 'User':1474, ' request':1681, ':':510, 'Generate':31115, ' a':264, ' one':825, '-s':1331, 'entence':18380, ' character':3668, ' biography':47245, ' for':369, ' In':758, 'ou':283, 'e':68, ' Re':1032, 'iko':23630, ' (':320, 'female':42634, ',':11, ' japanese':52948, ').':568, ' She':2932, ' is':374, ' from':504, ' the':279, ' Indonesian':58829, ' ':220, '1':16, '9':24, '4':19, '0':15, 's':82, ' context':2266, '.':13, '<|endoftext|>':151643, 'Human':33975, ':':25, ' Write':9645, ' an':458, ' introduction':16800, ' about':911, ' "':330, 'The':785, ' Japanese':10769, ' occupation':29647, ' of':315 ]
[1786180959] n_remain: 375
[1786180959] eval: [ ' of':315 ]
[1786180959] n_past = 4305
[1786180959] last: [ '':197, '"':1, 'postal':33170, ' communication':10535, '",':756, '':298, '':197, '"':1, 'printed':52213, ' records':7424, '"':698, '':197, '':197, ']':921, '':197, '}':532, '}':630, 'User':1474, ' request':1681, ':':510, 'Generate':31115, ' a':264, ' one':825, '-s':1331, 'entence':18380, ' character':3668, ' biography':47245, ' for':369, ' In':758, 'ou':283, 'e':68, ' Re':1032, 'iko':23630, ' (':320, 'female':42634, ',':11, ' japanese':52948, ').':568, ' She':2932, ' is':374, ' from':504, ' the':279, ' Indonesian':58829, ' ':220, '1':16, '9':24, '4':19, '0':15, 's':82, ' context':2266, '.':13, '<|endoftext|>':151643, 'Human':33975, ':':25, ' Write':9645, ' an':458, ' introduction':16800, ' about':911, ' "':330, 'The':785, ' Japanese':10769, ' occupation':29647, ' of':315, ' Bal':19420 ]
[1786180959] n_remain: 374
[1786180959] eval: [ ' Bal':19420 ]
[1786180960] n_past = 4306
[1786180960] last: [ '"':1, 'postal':33170, ' communication':10535, '",':756, '':298, '':197, '"':1, 'printed':52213, ' records':7424, '"':698, '':197, '':197, ']':921, '':197, '}':532, '}':630, 'User':1474, ' request':1681, ':':510, 'Generate':31115, ' a':264, ' one':825, '-s':1331, 'entence':18380, ' character':3668, ' biography':47245, ' for':369, ' In':758, 'ou':283, 'e':68, ' Re':1032, 'iko':23630, ' (':320, 'female':42634, ',':11, ' japanese':52948, ').':568, ' She':2932, ' is':374, ' from':504, ' the':279, ' Indonesian':58829, ' ':220, '1':16, '9':24, '4':19, '0':15, 's':82, ' context':2266, '.':13, '<|endoftext|>':151643, 'Human':33975, ':':25, ' Write':9645, ' an':458, ' introduction':16800, ' about':911, ' "':330, 'The':785, ' Japanese':10769, ' occupation':29647, ' of':315, ' Bal':19420, 'ik':1579 ]
[1786180960] n_remain: 373
[1786180960] eval: [ 'ik':1579 ]
[1786180960] n_past = 4307
[1786180960] last: [ 'postal':33170, ' communication':10535, '",':756, '':298, '':197, '"':1, 'printed':52213, ' records':7424, '"':698, '':197, '':197, ']':921, '':197, '}':532, '}':630, 'User':1474, ' request':1681, ':':510, 'Generate':31115, ' a':264, ' one':825, '-s':1331, 'entence':18380, ' character':3668, ' biography':47245, ' for':369, ' In':758, 'ou':283, 'e':68, ' Re':1032, 'iko':23630, ' (':320, 'female':42634, ',':11, ' japanese':52948, ').':568, ' She':2932, ' is':374, ' from':504, ' the':279, ' Indonesian':58829, ' ':220, '1':16, '9':24, '4':19, '0':15, 's':82, ' context':2266, '.':13, '<|endoftext|>':151643, 'Human':33975, ':':25, ' Write':9645, ' an':458, ' introduction':16800, ' about':911, ' "':330, 'The':785, ' Japanese':10769, ' occupation':29647, ' of':315, ' Bal':19420, 'ik':1579, 'p':79 ]
[1786180960] n_remain: 372
[1786180960] eval: [ 'p':79 ]
[1786180960] n_past = 4308
[1786180960] last: [ ' communication':10535, '",':756, '':298, '':197, '"':1, 'printed':52213, ' records':7424, '"':698, '':197, '':197, ']':921, '':197, '}':532, '}':630, 'User':1474, ' request':1681, ':':510, 'Generate':31115, ' a':264, ' one':825, '-s':1331, 'entence':18380, ' character':3668, ' biography':47245, ' for':369, ' In':758, 'ou':283, 'e':68, ' Re':1032, 'iko':23630, ' (':320, 'female':42634, ',':11, ' japanese':52948, ').':568, ' She':2932, ' is':374, ' from':504, ' the':279, ' Indonesian':58829, ' ':220, '1':16, '9':24, '4':19, '0':15, 's':82, ' context':2266, '.':13, '<|endoftext|>':151643, 'Human':33975, ':':25, ' Write':9645, ' an':458, ' introduction':16800, ' about':911, ' "':330, 'The':785, ' Japanese':10769, ' occupation':29647, ' of':315, ' Bal':19420, 'ik':1579, 'p':79, 'apan':5359 ]
[1786180960] n_remain: 371
[1786180960] eval: [ 'apan':5359 ]
[1786180960] n_past = 4309
[1786180960] last: [ '",':756, '':298, '':197, '"':1, 'printed':52213, ' records':7424, '"':698, '':197, '':197, ']':921, '':197, '}':532, '}':630, 'User':1474, ' request':1681, ':':510, 'Generate':31115, ' a':264, ' one':825, '-s':1331, 'entence':18380, ' character':3668, ' biography':47245, ' for':369, ' In':758, 'ou':283, 'e':68, ' Re':1032, 'iko':23630, ' (':320, 'female':42634, ',':11, ' japanese':52948, ').':568, ' She':2932, ' is':374, ' from':504, ' the':279, ' Indonesian':58829, ' ':220, '1':16, '9':24, '4':19, '0':15, 's':82, ' context':2266, '.':13, '<|endoftext|>':151643, 'Human':33975, ':':25, ' Write':9645, ' an':458, ' introduction':16800, ' about':911, ' "':330, 'The':785, ' Japanese':10769, ' occupation':29647, ' of':315, ' Bal':19420, 'ik':1579, 'p':79, 'apan':5359, '".':3263 ]
[1786180960] n_remain: 370
[1786180960] eval: [ '".':3263 ]
[1786180960] n_past = 4310
[1786180960] last: [ '':298, '':197, '"':1, 'printed':52213, ' records':7424, '"':698, '':197, '':197, ']':921, '':197, '}':532, '}':630, 'User':1474, ' request':1681, ':':510, 'Generate':31115, ' a':264, ' one':825, '-s':1331, 'entence':18380, ' character':3668, ' biography':47245, ' for':369, ' In':758, 'ou':283, 'e':68, ' Re':1032, 'iko':23630, ' (':320, 'female':42634, ',':11, ' japanese':52948, ').':568, ' She':2932, ' is':374, ' from':504, ' the':279, ' Indonesian':58829, ' ':220, '1':16, '9':24, '4':19, '0':15, 's':82, ' context':2266, '.':13, '<|endoftext|>':151643, 'Human':33975, ':':25, ' Write':9645, ' an':458, ' introduction':16800, ' about':911, ' "':330, 'The':785, ' Japanese':10769, ' occupation':29647, ' of':315, ' Bal':19420, 'ik':1579, 'p':79, 'apan':5359, '".':3263, ' The':576 ]
[1786180960] n_remain: 369
[1786180960] eval: [ ' The':576 ]
[1786180961] n_past = 4311
[1786180961] last: [ '':197, '"':1, 'printed':52213, ' records':7424, '"':698, '':197, '':197, ']':921, '':197, '}':532, '}':630, 'User':1474, ' request':1681, ':':510, 'Generate':31115, ' a':264, ' one':825, '-s':1331, 'entence':18380, ' character':3668, ' biography':47245, ' for':369, ' In':758, 'ou':283, 'e':68, ' Re':1032, 'iko':23630, ' (':320, 'female':42634, ',':11, ' japanese':52948, ').':568, ' She':2932, ' is':374, ' from':504, ' the':279, ' Indonesian':58829, ' ':220, '1':16, '9':24, '4':19, '0':15, 's':82, ' context':2266, '.':13, '<|endoftext|>':151643, 'Human':33975, ':':25, ' Write':9645, ' an':458, ' introduction':16800, ' about':911, ' "':330, 'The':785, ' Japanese':10769, ' occupation':29647, ' of':315, ' Bal':19420, 'ik':1579, 'p':79, 'apan':5359, '".':3263, ' The':576, ' year':1042 ]
[1786180961] n_remain: 368
[1786180961] eval: [ ' year':1042 ]
[1786180961] n_past = 4312
[1786180961] last: [ '"':1, 'printed':52213, ' records':7424, '"':698, '':197, '':197, ']':921, '':197, '}':532, '}':630, 'User':1474, ' request':1681, ':':510, 'Generate':31115, ' a':264, ' one':825, '-s':1331, 'entence':18380, ' character':3668, ' biography':47245, ' for':369, ' In':758, 'ou':283, 'e':68, ' Re':1032, 'iko':23630, ' (':320, 'female':42634, ',':11, ' japanese':52948, ').':568, ' She':2932, ' is':374, ' from':504, ' the':279, ' Indonesian':58829, ' ':220, '1':16, '9':24, '4':19, '0':15, 's':82, ' context':2266, '.':13, '<|endoftext|>':151643, 'Human':33975, ':':25, ' Write':9645, ' an':458, ' introduction':16800, ' about':911, ' "':330, 'The':785, ' Japanese':10769, ' occupation':29647, ' of':315, ' Bal':19420, 'ik':1579, 'p':79, 'apan':5359, '".':3263, ' The':576, ' year':1042, ' should':1265 ]
[1786180961] n_remain: 367
[1786180961] eval: [ ' should':1265 ]
[1786180961] n_past = 4313
[1786180961] last: [ 'printed':52213, ' records':7424, '"':698, '':197, '':197, ']':921, '':197, '}':532, '}':630, 'User':1474, ' request':1681, ':':510, 'Generate':31115, ' a':264, ' one':825, '-s':1331, 'entence':18380, ' character':3668, ' biography':47245, ' for':369, ' In':758, 'ou':283, 'e':68, ' Re':1032, 'iko':23630, ' (':320, 'female':42634, ',':11, ' japanese':52948, ').':568, ' She':2932, ' is':374, ' from':504, ' the':279, ' Indonesian':58829, ' ':220, '1':16, '9':24, '4':19, '0':15, 's':82, ' context':2266, '.':13, '<|endoftext|>':151643, 'Human':33975, ':':25, ' Write':9645, ' an':458, ' introduction':16800, ' about':911, ' "':330, 'The':785, ' Japanese':10769, ' occupation':29647, ' of':315, ' Bal':19420, 'ik':1579, 'p':79, 'apan':5359, '".':3263, ' The':576, ' year':1042, ' should':1265, ' be':387 ]
[1786180961] n_remain: 366
[1786180961] eval: [ ' be':387 ]
[1786180961] n_past = 4314
[1786180961] last: [ ' records':7424, '"':698, '':197, '':197, ']':921, '':197, '}':532, '}':630, 'User':1474, ' request':1681, ':':510, 'Generate':31115, ' a':264, ' one':825, '-s':1331, 'entence':18380, ' character':3668, ' biography':47245, ' for':369, ' In':758, 'ou':283, 'e':68, ' Re':1032, 'iko':23630, ' (':320, 'female':42634, ',':11, ' japanese':52948, ').':568, ' She':2932, ' is':374, ' from':504, ' the':279, ' Indonesian':58829, ' ':220, '1':16, '9':24, '4':19, '0':15, 's':82, ' context':2266, '.':13, '<|endoftext|>':151643, 'Human':33975, ':':25, ' Write':9645, ' an':458, ' introduction':16800, ' about':911, ' "':330, 'The':785, ' Japanese':10769, ' occupation':29647, ' of':315, ' Bal':19420, 'ik':1579, 'p':79, 'apan':5359, '".':3263, ' The':576, ' year':1042, ' should':1265, ' be':387, ' ':220 ]
[1786180961] n_remain: 365
[1786180961] eval: [ ' ':220 ]
[1786180961] n_past = 4315
[1786180961] last: [ '"':698, '':197, '':197, ']':921, '':197, '}':532, '}':630, 'User':1474, ' request':1681, ':':510, 'Generate':31115, ' a':264, ' one':825, '-s':1331, 'entence':18380, ' character':3668, ' biography':47245, ' for':369, ' In':758, 'ou':283, 'e':68, ' Re':1032, 'iko':23630, ' (':320, 'female':42634, ',':11, ' japanese':52948, ').':568, ' She':2932, ' is':374, ' from':504, ' the':279, ' Indonesian':58829, ' ':220, '1':16, '9':24, '4':19, '0':15, 's':82, ' context':2266, '.':13, '<|endoftext|>':151643, 'Human':33975, ':':25, ' Write':9645, ' an':458, ' introduction':16800, ' about':911, ' "':330, 'The':785, ' Japanese':10769, ' occupation':29647, ' of':315, ' Bal':19420, 'ik':1579, 'p':79, 'apan':5359, '".':3263, ' The':576, ' year':1042, ' should':1265, ' be':387, ' ':220, '1':16 ]
[1786180961] n_remain: 364
[1786180961] eval: [ '1':16 ]
[1786180962] n_past = 4316
[1786180962] last: [ '':197, '':197, ']':921, '':197, '}':532, '}':630, 'User':1474, ' request':1681, ':':510, 'Generate':31115, ' a':264, ' one':825, '-s':1331, 'entence':18380, ' character':3668, ' biography':47245, ' for':369, ' In':758, 'ou':283, 'e':68, ' Re':1032, 'iko':23630, ' (':320, 'female':42634, ',':11, ' japanese':52948, ').':568, ' She':2932, ' is':374, ' from':504, ' the':279, ' Indonesian':58829, ' ':220, '1':16, '9':24, '4':19, '0':15, 's':82, ' context':2266, '.':13, '<|endoftext|>':151643, 'Human':33975, ':':25, ' Write':9645, ' an':458, ' introduction':16800, ' about':911, ' "':330, 'The':785, ' Japanese':10769, ' occupation':29647, ' of':315, ' Bal':19420, 'ik':1579, 'p':79, 'apan':5359, '".':3263, ' The':576, ' year':1042, ' should':1265, ' be':387, ' ':220, '1':16, '9':24 ]
[1786180962] n_remain: 363
[1786180962] eval: [ '9':24 ]
[1786180962] n_past = 4317
[1786180962] last: [ '':197, ']':921, '':197, '}':532, '}':630, 'User':1474, ' request':1681, ':':510, 'Generate':31115, ' a':264, ' one':825, '-s':1331, 'entence':18380, ' character':3668, ' biography':47245, ' for':369, ' In':758, 'ou':283, 'e':68, ' Re':1032, 'iko':23630, ' (':320, 'female':42634, ',':11, ' japanese':52948, ').':568, ' She':2932, ' is':374, ' from':504, ' the':279, ' Indonesian':58829, ' ':220, '1':16, '9':24, '4':19, '0':15, 's':82, ' context':2266, '.':13, '<|endoftext|>':151643, 'Human':33975, ':':25, ' Write':9645, ' an':458, ' introduction':16800, ' about':911, ' "':330, 'The':785, ' Japanese':10769, ' occupation':29647, ' of':315, ' Bal':19420, 'ik':1579, 'p':79, 'apan':5359, '".':3263, ' The':576, ' year':1042, ' should':1265, ' be':387, ' ':220, '1':16, '9':24, '4':19 ]
[1786180962] n_remain: 362
[1786180962] eval: [ '4':19 ]
[1786180962] n_past = 4318
[1786180962] last: [ ']':921, '':197, '}':532, '}':630, 'User':1474, ' request':1681, ':':510, 'Generate':31115, ' a':264, ' one':825, '-s':1331, 'entence':18380, ' character':3668, ' biography':47245, ' for':369, ' In':758, 'ou':283, 'e':68, ' Re':1032, 'iko':23630, ' (':320, 'female':42634, ',':11, ' japanese':52948, ').':568, ' She':2932, ' is':374, ' from':504, ' the':279, ' Indonesian':58829, ' ':220, '1':16, '9':24, '4':19, '0':15, 's':82, ' context':2266, '.':13, '<|endoftext|>':151643, 'Human':33975, ':':25, ' Write':9645, ' an':458, ' introduction':16800, ' about':911, ' "':330, 'The':785, ' Japanese':10769, ' occupation':29647, ' of':315, ' Bal':19420, 'ik':1579, 'p':79, 'apan':5359, '".':3263, ' The':576, ' year':1042, ' should':1265, ' be':387, ' ':220, '1':16, '9':24, '4':19, '3':18 ]
[1786180962] n_remain: 361
[1786180962] eval: [ '3':18 ]
[1786180962] n_past = 4319
[1786180962] last: [ '':197, '}':532, '}':630, 'User':1474, ' request':1681, ':':510, 'Generate':31115, ' a':264, ' one':825, '-s':1331, 'entence':18380, ' character':3668, ' biography':47245, ' for':369, ' In':758, 'ou':283, 'e':68, ' Re':1032, 'iko':23630, ' (':320, 'female':42634, ',':11, ' japanese':52948, ').':568, ' She':2932, ' is':374, ' from':504, ' the':279, ' Indonesian':58829, ' ':220, '1':16, '9':24, '4':19, '0':15, 's':82, ' context':2266, '.':13, '<|endoftext|>':151643, 'Human':33975, ':':25, ' Write':9645, ' an':458, ' introduction':16800, ' about':911, ' "':330, 'The':785, ' Japanese':10769, ' occupation':29647, ' of':315, ' Bal':19420, 'ik':1579, 'p':79, 'apan':5359, '".':3263, ' The':576, ' year':1042, ' should':1265, ' be':387, ' ':220, '1':16, '9':24, '4':19, '3':18, ' and':323 ]
[1786180962] n_remain: 360
[1786180962] eval: [ ' and':323 ]
[1786180962] n_past = 4320
[1786180962] last: [ '}':532, '}':630, 'User':1474, ' request':1681, ':':510, 'Generate':31115, ' a':264, ' one':825, '-s':1331, 'entence':18380, ' character':3668, ' biography':47245, ' for':369, ' In':758, 'ou':283, 'e':68, ' Re':1032, 'iko':23630, ' (':320, 'female':42634, ',':11, ' japanese':52948, ').':568, ' She':2932, ' is':374, ' from':504, ' the':279, ' Indonesian':58829, ' ':220, '1':16, '9':24, '4':19, '0':15, 's':82, ' context':2266, '.':13, '<|endoftext|>':151643, 'Human':33975, ':':25, ' Write':9645, ' an':458, ' introduction':16800, ' about':911, ' "':330, 'The':785, ' Japanese':10769, ' occupation':29647, ' of':315, ' Bal':19420, 'ik':1579, 'p':79, 'apan':5359, '".':3263, ' The':576, ' year':1042, ' should':1265, ' be':387, ' ':220, '1':16, '9':24, '4':19, '3':18, ' and':323, ' language':4128 ]
[1786180962] n_remain: 359
[1786180962] eval: [ ' language':4128 ]
[1786180963] n_past = 4321
[1786180963] last: [ '}':630, 'User':1474, ' request':1681, ':':510, 'Generate':31115, ' a':264, ' one':825, '-s':1331, 'entence':18380, ' character':3668, ' biography':47245, ' for':369, ' In':758, 'ou':283, 'e':68, ' Re':1032, 'iko':23630, ' (':320, 'female':42634, ',':11, ' japanese':52948, ').':568, ' She':2932, ' is':374, ' from':504, ' the':279, ' Indonesian':58829, ' ':220, '1':16, '9':24, '4':19, '0':15, 's':82, ' context':2266, '.':13, '<|endoftext|>':151643, 'Human':33975, ':':25, ' Write':9645, ' an':458, ' introduction':16800, ' about':911, ' "':330, 'The':785, ' Japanese':10769, ' occupation':29647, ' of':315, ' Bal':19420, 'ik':1579, 'p':79, 'apan':5359, '".':3263, ' The':576, ' year':1042, ' should':1265, ' be':387, ' ':220, '1':16, '9':24, '4':19, '3':18, ' and':323, ' language':4128, ' is':374 ]
[1786180963] n_remain: 358
[1786180963] eval: [ ' is':374 ]
[1786180963] n_past = 4322
[1786180963] last: [ 'User':1474, ' request':1681, ':':510, 'Generate':31115, ' a':264, ' one':825, '-s':1331, 'entence':18380, ' character':3668, ' biography':47245, ' for':369, ' In':758, 'ou':283, 'e':68, ' Re':1032, 'iko':23630, ' (':320, 'female':42634, ',':11, ' japanese':52948, ').':568, ' She':2932, ' is':374, ' from':504, ' the':279, ' Indonesian':58829, ' ':220, '1':16, '9':24, '4':19, '0':15, 's':82, ' context':2266, '.':13, '<|endoftext|>':151643, 'Human':33975, ':':25, ' Write':9645, ' an':458, ' introduction':16800, ' about':911, ' "':330, 'The':785, ' Japanese':10769, ' occupation':29647, ' of':315, ' Bal':19420, 'ik':1579, 'p':79, 'apan':5359, '".':3263, ' The':576, ' year':1042, ' should':1265, ' be':387, ' ':220, '1':16, '9':24, '4':19, '3':18, ' and':323, ' language':4128, ' is':374, ' dut':10043 ]
[1786180963] n_remain: 357
[1786180963] eval: [ ' dut':10043 ]
[1786180963] n_past = 4323
[1786180963] last: [ ' request':1681, ':':510, 'Generate':31115, ' a':264, ' one':825, '-s':1331, 'entence':18380, ' character':3668, ' biography':47245, ' for':369, ' In':758, 'ou':283, 'e':68, ' Re':1032, 'iko':23630, ' (':320, 'female':42634, ',':11, ' japanese':52948, ').':568, ' She':2932, ' is':374, ' from':504, ' the':279, ' Indonesian':58829, ' ':220, '1':16, '9':24, '4':19, '0':15, 's':82, ' context':2266, '.':13, '<|endoftext|>':151643, 'Human':33975, ':':25, ' Write':9645, ' an':458, ' introduction':16800, ' about':911, ' "':330, 'The':785, ' Japanese':10769, ' occupation':29647, ' of':315, ' Bal':19420, 'ik':1579, 'p':79, 'apan':5359, '".':3263, ' The':576, ' year':1042, ' should':1265, ' be':387, ' ':220, '1':16, '9':24, '4':19, '3':18, ' and':323, ' language':4128, ' is':374, ' dut':10043, 'ch':331 ]
[1786180963] n_remain: 356
[1786180963] eval: [ 'ch':331 ]
[1786180963] n_past = 4324
[1786180963] last: [ ':':510, 'Generate':31115, ' a':264, ' one':825, '-s':1331, 'entence':18380, ' character':3668, ' biography':47245, ' for':369, ' In':758, 'ou':283, 'e':68, ' Re':1032, 'iko':23630, ' (':320, 'female':42634, ',':11, ' japanese':52948, ').':568, ' She':2932, ' is':374, ' from':504, ' the':279, ' Indonesian':58829, ' ':220, '1':16, '9':24, '4':19, '0':15, 's':82, ' context':2266, '.':13, '<|endoftext|>':151643, 'Human':33975, ':':25, ' Write':9645, ' an':458, ' introduction':16800, ' about':911, ' "':330, 'The':785, ' Japanese':10769, ' occupation':29647, ' of':315, ' Bal':19420, 'ik':1579, 'p':79, 'apan':5359, '".':3263, ' The':576, ' year':1042, ' should':1265, ' be':387, ' ':220, '1':16, '9':24, '4':19, '3':18, ' and':323, ' language':4128, ' is':374, ' dut':10043, 'ch':331, '.':624 ]
[1786180963] n_remain: 355
[1786180963] eval: [ '.':624 ]
[1786180964] n_past = 4325
[1786180964] last: [ 'Generate':31115, ' a':264, ' one':825, '-s':1331, 'entence':18380, ' character':3668, ' biography':47245, ' for':369, ' In':758, 'ou':283, 'e':68, ' Re':1032, 'iko':23630, ' (':320, 'female':42634, ',':11, ' japanese':52948, ').':568, ' She':2932, ' is':374, ' from':504, ' the':279, ' Indonesian':58829, ' ':220, '1':16, '9':24, '4':19, '0':15, 's':82, ' context':2266, '.':13, '<|endoftext|>':151643, 'Human':33975, ':':25, ' Write':9645, ' an':458, ' introduction':16800, ' about':911, ' "':330, 'The':785, ' Japanese':10769, ' occupation':29647, ' of':315, ' Bal':19420, 'ik':1579, 'p':79, 'apan':5359, '".':3263, ' The':576, ' year':1042, ' should':1265, ' be':387, ' ':220, '1':16, '9':24, '4':19, '3':18, ' and':323, ' language':4128, ' is':374, ' dut':10043, 'ch':331, '.':624, 'Assistant':71703 ]
[1786180964] n_remain: 354
[1786180964] eval: [ 'Assistant':71703 ]
[1786180964] n_past = 4326
[1786180964] last: [ ' a':264, ' one':825, '-s':1331, 'entence':18380, ' character':3668, ' biography':47245, ' for':369, ' In':758, 'ou':283, 'e':68, ' Re':1032, 'iko':23630, ' (':320, 'female':42634, ',':11, ' japanese':52948, ').':568, ' She':2932, ' is':374, ' from':504, ' the':279, ' Indonesian':58829, ' ':220, '1':16, '9':24, '4':19, '0':15, 's':82, ' context':2266, '.':13, '<|endoftext|>':151643, 'Human':33975, ':':25, ' Write':9645, ' an':458, ' introduction':16800, ' about':911, ' "':330, 'The':785, ' Japanese':10769, ' occupation':29647, ' of':315, ' Bal':19420, 'ik':1579, 'p':79, 'apan':5359, '".':3263, ' The':576, ' year':1042, ' should':1265, ' be':387, ' ':220, '1':16, '9':24, '4':19, '3':18, ' and':323, ' language':4128, ' is':374, ' dut':10043, 'ch':331, '.':624, 'Assistant':71703, ':':25 ]
[1786180964] n_remain: 353
[1786180964] eval: [ ':':25 ]
[1786180964] n_past = 4327
[1786180964] last: [ ' one':825, '-s':1331, 'entence':18380, ' character':3668, ' biography':47245, ' for':369, ' In':758, 'ou':283, 'e':68, ' Re':1032, 'iko':23630, ' (':320, 'female':42634, ',':11, ' japanese':52948, ').':568, ' She':2932, ' is':374, ' from':504, ' the':279, ' Indonesian':58829, ' ':220, '1':16, '9':24, '4':19, '0':15, 's':82, ' context':2266, '.':13, '<|endoftext|>':151643, 'Human':33975, ':':25, ' Write':9645, ' an':458, ' introduction':16800, ' about':911, ' "':330, 'The':785, ' Japanese':10769, ' occupation':29647, ' of':315, ' Bal':19420, 'ik':1579, 'p':79, 'apan':5359, '".':3263, ' The':576, ' year':1042, ' should':1265, ' be':387, ' ':220, '1':16, '9':24, '4':19, '3':18, ' and':323, ' language':4128, ' is':374, ' dut':10043, 'ch':331, '.':624, 'Assistant':71703, ':':25, ' Based':20205 ]
[1786180964] n_remain: 352
[1786180964] eval: [ ' Based':20205 ]
[1786180964] n_past = 4328
[1786180964] last: [ '-s':1331, 'entence':18380, ' character':3668, ' biography':47245, ' for':369, ' In':758, 'ou':283, 'e':68, ' Re':1032, 'iko':23630, ' (':320, 'female':42634, ',':11, ' japanese':52948, ').':568, ' She':2932, ' is':374, ' from':504, ' the':279, ' Indonesian':58829, ' ':220, '1':16, '9':24, '4':19, '0':15, 's':82, ' context':2266, '.':13, '<|endoftext|>':151643, 'Human':33975, ':':25, ' Write':9645, ' an':458, ' introduction':16800, ' about':911, ' "':330, 'The':785, ' Japanese':10769, ' occupation':29647, ' of':315, ' Bal':19420, 'ik':1579, 'p':79, 'apan':5359, '".':3263, ' The':576, ' year':1042, ' should':1265, ' be':387, ' ':220, '1':16, '9':24, '4':19, '3':18, ' and':323, ' language':4128, ' is':374, ' dut':10043, 'ch':331, '.':624, 'Assistant':71703, ':':25, ' Based':20205, ' on':389 ]
[1786180964] n_remain: 351
[1786180964] eval: [ ' on':389 ]
[1786180964] n_past = 4329
[1786180964] last: [ 'entence':18380, ' character':3668, ' biography':47245, ' for':369, ' In':758, 'ou':283, 'e':68, ' Re':1032, 'iko':23630, ' (':320, 'female':42634, ',':11, ' japanese':52948, ').':568, ' She':2932, ' is':374, ' from':504, ' the':279, ' Indonesian':58829, ' ':220, '1':16, '9':24, '4':19, '0':15, 's':82, ' context':2266, '.':13, '<|endoftext|>':151643, 'Human':33975, ':':25, ' Write':9645, ' an':458, ' introduction':16800, ' about':911, ' "':330, 'The':785, ' Japanese':10769, ' occupation':29647, ' of':315, ' Bal':19420, 'ik':1579, 'p':79, 'apan':5359, '".':3263, ' The':576, ' year':1042, ' should':1265, ' be':387, ' ':220, '1':16, '9':24, '4':19, '3':18, ' and':323, ' language':4128, ' is':374, ' dut':10043, 'ch':331, '.':624, 'Assistant':71703, ':':25, ' Based':20205, ' on':389, ' your':697 ]
[1786180964] n_remain: 350
[1786180964] eval: [ ' your':697 ]
[1786180965] n_past = 4330
[1786180965] last: [ ' character':3668, ' biography':47245, ' for':369, ' In':758, 'ou':283, 'e':68, ' Re':1032, 'iko':23630, ' (':320, 'female':42634, ',':11, ' japanese':52948, ').':568, ' She':2932, ' is':374, ' from':504, ' the':279, ' Indonesian':58829, ' ':220, '1':16, '9':24, '4':19, '0':15, 's':82, ' context':2266, '.':13, '<|endoftext|>':151643, 'Human':33975, ':':25, ' Write':9645, ' an':458, ' introduction':16800, ' about':911, ' "':330, 'The':785, ' Japanese':10769, ' occupation':29647, ' of':315, ' Bal':19420, 'ik':1579, 'p':79, 'apan':5359, '".':3263, ' The':576, ' year':1042, ' should':1265, ' be':387, ' ':220, '1':16, '9':24, '4':19, '3':18, ' and':323, ' language':4128, ' is':374, ' dut':10043, 'ch':331, '.':624, 'Assistant':71703, ':':25, ' Based':20205, ' on':389, ' your':697, ' request':1681 ]
[1786180965] n_remain: 349
[1786180965] eval: [ ' request':1681 ]
[1786180965] n_past = 4331
[1786180965] last: [ ' biography':47245, ' for':369, ' In':758, 'ou':283, 'e':68, ' Re':1032, 'iko':23630, ' (':320, 'female':42634, ',':11, ' japanese':52948, ').':568, ' She':2932, ' is':374, ' from':504, ' the':279, ' Indonesian':58829, ' ':220, '1':16, '9':24, '4':19, '0':15, 's':82, ' context':2266, '.':13, '<|endoftext|>':151643, 'Human':33975, ':':25, ' Write':9645, ' an':458, ' introduction':16800, ' about':911, ' "':330, 'The':785, ' Japanese':10769, ' occupation':29647, ' of':315, ' Bal':19420, 'ik':1579, 'p':79, 'apan':5359, '".':3263, ' The':576, ' year':1042, ' should':1265, ' be':387, ' ':220, '1':16, '9':24, '4':19, '3':18, ' and':323, ' language':4128, ' is':374, ' dut':10043, 'ch':331, '.':624, 'Assistant':71703, ':':25, ' Based':20205, ' on':389, ' your':697, ' request':1681, ',':11 ]
[1786180965] n_remain: 348
[1786180965] eval: [ ',':11 ]
[1786180965] n_past = 4332
[1786180965] last: [ ' for':369, ' In':758, 'ou':283, 'e':68, ' Re':1032, 'iko':23630, ' (':320, 'female':42634, ',':11, ' japanese':52948, ').':568, ' She':2932, ' is':374, ' from':504, ' the':279, ' Indonesian':58829, ' ':220, '1':16, '9':24, '4':19, '0':15, 's':82, ' context':2266, '.':13, '<|endoftext|>':151643, 'Human':33975, ':':25, ' Write':9645, ' an':458, ' introduction':16800, ' about':911, ' "':330, 'The':785, ' Japanese':10769, ' occupation':29647, ' of':315, ' Bal':19420, 'ik':1579, 'p':79, 'apan':5359, '".':3263, ' The':576, ' year':1042, ' should':1265, ' be':387, ' ':220, '1':16, '9':24, '4':19, '3':18, ' and':323, ' language':4128, ' is':374, ' dut':10043, 'ch':331, '.':624, 'Assistant':71703, ':':25, ' Based':20205, ' on':389, ' your':697, ' request':1681, ',':11, ' here':1588 ]
[1786180965] n_remain: 347
[1786180965] eval: [ ' here':1588 ]
[1786180965] n_past = 4333
[1786180965] last: [ ' In':758, 'ou':283, 'e':68, ' Re':1032, 'iko':23630, ' (':320, 'female':42634, ',':11, ' japanese':52948, ').':568, ' She':2932, ' is':374, ' from':504, ' the':279, ' Indonesian':58829, ' ':220, '1':16, '9':24, '4':19, '0':15, 's':82, ' context':2266, '.':13, '<|endoftext|>':151643, 'Human':33975, ':':25, ' Write':9645, ' an':458, ' introduction':16800, ' about':911, ' "':330, 'The':785, ' Japanese':10769, ' occupation':29647, ' of':315, ' Bal':19420, 'ik':1579, 'p':79, 'apan':5359, '".':3263, ' The':576, ' year':1042, ' should':1265, ' be':387, ' ':220, '1':16, '9':24, '4':19, '3':18, ' and':323, ' language':4128, ' is':374, ' dut':10043, 'ch':331, '.':624, 'Assistant':71703, ':':25, ' Based':20205, ' on':389, ' your':697, ' request':1681, ',':11, ' here':1588, ''s':594 ]
[1786180965] n_remain: 346
[1786180965] eval: [ ''s':594 ]
[1786180965] n_past = 4334
[1786180965] last: [ 'ou':283, 'e':68, ' Re':1032, 'iko':23630, ' (':320, 'female':42634, ',':11, ' japanese':52948, ').':568, ' She':2932, ' is':374, ' from':504, ' the':279, ' Indonesian':58829, ' ':220, '1':16, '9':24, '4':19, '0':15, 's':82, ' context':2266, '.':13, '<|endoftext|>':151643, 'Human':33975, ':':25, ' Write':9645, ' an':458, ' introduction':16800, ' about':911, ' "':330, 'The':785, ' Japanese':10769, ' occupation':29647, ' of':315, ' Bal':19420, 'ik':1579, 'p':79, 'apan':5359, '".':3263, ' The':576, ' year':1042, ' should':1265, ' be':387, ' ':220, '1':16, '9':24, '4':19, '3':18, ' and':323, ' language':4128, ' is':374, ' dut':10043, 'ch':331, '.':624, 'Assistant':71703, ':':25, ' Based':20205, ' on':389, ' your':697, ' request':1681, ',':11, ' here':1588, ''s':594, ' a':264 ]
[1786180965] n_remain: 345
[1786180965] eval: [ ' a':264 ]
[1786180966] n_past = 4335
[1786180966] last: [ 'e':68, ' Re':1032, 'iko':23630, ' (':320, 'female':42634, ',':11, ' japanese':52948, ').':568, ' She':2932, ' is':374, ' from':504, ' the':279, ' Indonesian':58829, ' ':220, '1':16, '9':24, '4':19, '0':15, 's':82, ' context':2266, '.':13, '<|endoftext|>':151643, 'Human':33975, ':':25, ' Write':9645, ' an':458, ' introduction':16800, ' about':911, ' "':330, 'The':785, ' Japanese':10769, ' occupation':29647, ' of':315, ' Bal':19420, 'ik':1579, 'p':79, 'apan':5359, '".':3263, ' The':576, ' year':1042, ' should':1265, ' be':387, ' ':220, '1':16, '9':24, '4':19, '3':18, ' and':323, ' language':4128, ' is':374, ' dut':10043, 'ch':331, '.':624, 'Assistant':71703, ':':25, ' Based':20205, ' on':389, ' your':697, ' request':1681, ',':11, ' here':1588, ''s':594, ' a':264, ' concise':63594 ]
[1786180966] n_remain: 344
[1786180966] eval: [ ' concise':63594 ]
[1786180966] n_past = 4336
[1786180966] last: [ ' Re':1032, 'iko':23630, ' (':320, 'female':42634, ',':11, ' japanese':52948, ').':568, ' She':2932, ' is':374, ' from':504, ' the':279, ' Indonesian':58829, ' ':220, '1':16, '9':24, '4':19, '0':15, 's':82, ' context':2266, '.':13, '<|endoftext|>':151643, 'Human':33975, ':':25, ' Write':9645, ' an':458, ' introduction':16800, ' about':911, ' "':330, 'The':785, ' Japanese':10769, ' occupation':29647, ' of':315, ' Bal':19420, 'ik':1579, 'p':79, 'apan':5359, '".':3263, ' The':576, ' year':1042, ' should':1265, ' be':387, ' ':220, '1':16, '9':24, '4':19, '3':18, ' and':323, ' language':4128, ' is':374, ' dut':10043, 'ch':331, '.':624, 'Assistant':71703, ':':25, ' Based':20205, ' on':389, ' your':697, ' request':1681, ',':11, ' here':1588, ''s':594, ' a':264, ' concise':63594, ' and':323 ]
[1786180966] n_remain: 343
[1786180966] eval: [ ' and':323 ]
[1786180966] n_past = 4337
[1786180966] last: [ 'iko':23630, ' (':320, 'female':42634, ',':11, ' japanese':52948, ').':568, ' She':2932, ' is':374, ' from':504, ' the':279, ' Indonesian':58829, ' ':220, '1':16, '9':24, '4':19, '0':15, 's':82, ' context':2266, '.':13, '<|endoftext|>':151643, 'Human':33975, ':':25, ' Write':9645, ' an':458, ' introduction':16800, ' about':911, ' "':330, 'The':785, ' Japanese':10769, ' occupation':29647, ' of':315, ' Bal':19420, 'ik':1579, 'p':79, 'apan':5359, '".':3263, ' The':576, ' year':1042, ' should':1265, ' be':387, ' ':220, '1':16, '9':24, '4':19, '3':18, ' and':323, ' language':4128, ' is':374, ' dut':10043, 'ch':331, '.':624, 'Assistant':71703, ':':25, ' Based':20205, ' on':389, ' your':697, ' request':1681, ',':11, ' here':1588, ''s':594, ' a':264, ' concise':63594, ' and':323, ' engaging':22570 ]
[1786180966] n_remain: 342
[1786180966] eval: [ ' engaging':22570 ]
[1786180966] n_past = 4338
[1786180966] last: [ ' (':320, 'female':42634, ',':11, ' japanese':52948, ').':568, ' She':2932, ' is':374, ' from':504, ' the':279, ' Indonesian':58829, ' ':220, '1':16, '9':24, '4':19, '0':15, 's':82, ' context':2266, '.':13, '<|endoftext|>':151643, 'Human':33975, ':':25, ' Write':9645, ' an':458, ' introduction':16800, ' about':911, ' "':330, 'The':785, ' Japanese':10769, ' occupation':29647, ' of':315, ' Bal':19420, 'ik':1579, 'p':79, 'apan':5359, '".':3263, ' The':576, ' year':1042, ' should':1265, ' be':387, ' ':220, '1':16, '9':24, '4':19, '3':18, ' and':323, ' language':4128, ' is':374, ' dut':10043, 'ch':331, '.':624, 'Assistant':71703, ':':25, ' Based':20205, ' on':389, ' your':697, ' request':1681, ',':11, ' here':1588, ''s':594, ' a':264, ' concise':63594, ' and':323, ' engaging':22570, ' character':3668 ]
[1786180966] n_remain: 341
[1786180966] eval: [ ' character':3668 ]
[1786180966] n_past = 4339
[1786180966] last: [ 'female':42634, ',':11, ' japanese':52948, ').':568, ' She':2932, ' is':374, ' from':504, ' the':279, ' Indonesian':58829, ' ':220, '1':16, '9':24, '4':19, '0':15, 's':82, ' context':2266, '.':13, '<|endoftext|>':151643, 'Human':33975, ':':25, ' Write':9645, ' an':458, ' introduction':16800, ' about':911, ' "':330, 'The':785, ' Japanese':10769, ' occupation':29647, ' of':315, ' Bal':19420, 'ik':1579, 'p':79, 'apan':5359, '".':3263, ' The':576, ' year':1042, ' should':1265, ' be':387, ' ':220, '1':16, '9':24, '4':19, '3':18, ' and':323, ' language':4128, ' is':374, ' dut':10043, 'ch':331, '.':624, 'Assistant':71703, ':':25, ' Based':20205, ' on':389, ' your':697, ' request':1681, ',':11, ' here':1588, ''s':594, ' a':264, ' concise':63594, ' and':323, ' engaging':22570, ' character':3668, ' biography':47245 ]
[1786180966] n_remain: 340
[1786180966] eval: [ ' biography':47245 ]
[1786180967] n_past = 4340
[1786180967] last: [ ',':11, ' japanese':52948, ').':568, ' She':2932, ' is':374, ' from':504, ' the':279, ' Indonesian':58829, ' ':220, '1':16, '9':24, '4':19, '0':15, 's':82, ' context':2266, '.':13, '<|endoftext|>':151643, 'Human':33975, ':':25, ' Write':9645, ' an':458, ' introduction':16800, ' about':911, ' "':330, 'The':785, ' Japanese':10769, ' occupation':29647, ' of':315, ' Bal':19420, 'ik':1579, 'p':79, 'apan':5359, '".':3263, ' The':576, ' year':1042, ' should':1265, ' be':387, ' ':220, '1':16, '9':24, '4':19, '3':18, ' and':323, ' language':4128, ' is':374, ' dut':10043, 'ch':331, '.':624, 'Assistant':71703, ':':25, ' Based':20205, ' on':389, ' your':697, ' request':1681, ',':11, ' here':1588, ''s':594, ' a':264, ' concise':63594, ' and':323, ' engaging':22570, ' character':3668, ' biography':47245, ' for':369 ]
[1786180967] n_remain: 339
[1786180967] eval: [ ' for':369 ]
[1786180967] n_past = 4341
[1786180967] last: [ ' japanese':52948, ').':568, ' She':2932, ' is':374, ' from':504, ' the':279, ' Indonesian':58829, ' ':220, '1':16, '9':24, '4':19, '0':15, 's':82, ' context':2266, '.':13, '<|endoftext|>':151643, 'Human':33975, ':':25, ' Write':9645, ' an':458, ' introduction':16800, ' about':911, ' "':330, 'The':785, ' Japanese':10769, ' occupation':29647, ' of':315, ' Bal':19420, 'ik':1579, 'p':79, 'apan':5359, '".':3263, ' The':576, ' year':1042, ' should':1265, ' be':387, ' ':220, '1':16, '9':24, '4':19, '3':18, ' and':323, ' language':4128, ' is':374, ' dut':10043, 'ch':331, '.':624, 'Assistant':71703, ':':25, ' Based':20205, ' on':389, ' your':697, ' request':1681, ',':11, ' here':1588, ''s':594, ' a':264, ' concise':63594, ' and':323, ' engaging':22570, ' character':3668, ' biography':47245, ' for':369, ' In':758 ]
[1786180967] n_remain: 338
[1786180967] eval: [ ' In':758 ]
[1786180967] n_past = 4342
[1786180967] last: [ ').':568, ' She':2932, ' is':374, ' from':504, ' the':279, ' Indonesian':58829, ' ':220, '1':16, '9':24, '4':19, '0':15, 's':82, ' context':2266, '.':13, '<|endoftext|>':151643, 'Human':33975, ':':25, ' Write':9645, ' an':458, ' introduction':16800, ' about':911, ' "':330, 'The':785, ' Japanese':10769, ' occupation':29647, ' of':315, ' Bal':19420, 'ik':1579, 'p':79, 'apan':5359, '".':3263, ' The':576, ' year':1042, ' should':1265, ' be':387, ' ':220, '1':16, '9':24, '4':19, '3':18, ' and':323, ' language':4128, ' is':374, ' dut':10043, 'ch':331, '.':624, 'Assistant':71703, ':':25, ' Based':20205, ' on':389, ' your':697, ' request':1681, ',':11, ' here':1588, ''s':594, ' a':264, ' concise':63594, ' and':323, ' engaging':22570, ' character':3668, ' biography':47245, ' for':369, ' In':758, 'ou':283 ]
[1786180967] n_remain: 337
[1786180967] eval: [ 'ou':283 ]
[1786180967] n_past = 4343
[1786180967] last: [ ' She':2932, ' is':374, ' from':504, ' the':279, ' Indonesian':58829, ' ':220, '1':16, '9':24, '4':19, '0':15, 's':82, ' context':2266, '.':13, '<|endoftext|>':151643, 'Human':33975, ':':25, ' Write':9645, ' an':458, ' introduction':16800, ' about':911, ' "':330, 'The':785, ' Japanese':10769, ' occupation':29647, ' of':315, ' Bal':19420, 'ik':1579, 'p':79, 'apan':5359, '".':3263, ' The':576, ' year':1042, ' should':1265, ' be':387, ' ':220, '1':16, '9':24, '4':19, '3':18, ' and':323, ' language':4128, ' is':374, ' dut':10043, 'ch':331, '.':624, 'Assistant':71703, ':':25, ' Based':20205, ' on':389, ' your':697, ' request':1681, ',':11, ' here':1588, ''s':594, ' a':264, ' concise':63594, ' and':323, ' engaging':22570, ' character':3668, ' biography':47245, ' for':369, ' In':758, 'ou':283, 'e':68 ]
[1786180967] n_remain: 336
[1786180967] eval: [ 'e':68 ]
[1786180967] n_past = 4344
[1786180967] last: [ ' is':374, ' from':504, ' the':279, ' Indonesian':58829, ' ':220, '1':16, '9':24, '4':19, '0':15, 's':82, ' context':2266, '.':13, '<|endoftext|>':151643, 'Human':33975, ':':25, ' Write':9645, ' an':458, ' introduction':16800, ' about':911, ' "':330, 'The':785, ' Japanese':10769, ' occupation':29647, ' of':315, ' Bal':19420, 'ik':1579, 'p':79, 'apan':5359, '".':3263, ' The':576, ' year':1042, ' should':1265, ' be':387, ' ':220, '1':16, '9':24, '4':19, '3':18, ' and':323, ' language':4128, ' is':374, ' dut':10043, 'ch':331, '.':624, 'Assistant':71703, ':':25, ' Based':20205, ' on':389, ' your':697, ' request':1681, ',':11, ' here':1588, ''s':594, ' a':264, ' concise':63594, ' and':323, ' engaging':22570, ' character':3668, ' biography':47245, ' for':369, ' In':758, 'ou':283, 'e':68, ' Re':1032 ]
[1786180967] n_remain: 335
[1786180967] eval: [ ' Re':1032 ]
[1786180968] n_past = 4345
[1786180968] last: [ ' from':504, ' the':279, ' Indonesian':58829, ' ':220, '1':16, '9':24, '4':19, '0':15, 's':82, ' context':2266, '.':13, '<|endoftext|>':151643, 'Human':33975, ':':25, ' Write':9645, ' an':458, ' introduction':16800, ' about':911, ' "':330, 'The':785, ' Japanese':10769, ' occupation':29647, ' of':315, ' Bal':19420, 'ik':1579, 'p':79, 'apan':5359, '".':3263, ' The':576, ' year':1042, ' should':1265, ' be':387, ' ':220, '1':16, '9':24, '4':19, '3':18, ' and':323, ' language':4128, ' is':374, ' dut':10043, 'ch':331, '.':624, 'Assistant':71703, ':':25, ' Based':20205, ' on':389, ' your':697, ' request':1681, ',':11, ' here':1588, ''s':594, ' a':264, ' concise':63594, ' and':323, ' engaging':22570, ' character':3668, ' biography':47245, ' for':369, ' In':758, 'ou':283, 'e':68, ' Re':1032, 'iko':23630 ]
[1786180968] n_remain: 334
[1786180968] eval: [ 'iko':23630 ]
[1786180968] n_past = 4346
[1786180968] last: [ ' the':279, ' Indonesian':58829, ' ':220, '1':16, '9':24, '4':19, '0':15, 's':82, ' context':2266, '.':13, '<|endoftext|>':151643, 'Human':33975, ':':25, ' Write':9645, ' an':458, ' introduction':16800, ' about':911, ' "':330, 'The':785, ' Japanese':10769, ' occupation':29647, ' of':315, ' Bal':19420, 'ik':1579, 'p':79, 'apan':5359, '".':3263, ' The':576, ' year':1042, ' should':1265, ' be':387, ' ':220, '1':16, '9':24, '4':19, '3':18, ' and':323, ' language':4128, ' is':374, ' dut':10043, 'ch':331, '.':624, 'Assistant':71703, ':':25, ' Based':20205, ' on':389, ' your':697, ' request':1681, ',':11, ' here':1588, ''s':594, ' a':264, ' concise':63594, ' and':323, ' engaging':22570, ' character':3668, ' biography':47245, ' for':369, ' In':758, 'ou':283, 'e':68, ' Re':1032, 'iko':23630, ' (':320 ]
[1786180968] n_remain: 333
[1786180968] eval: [ ' (':320 ]
[1786180968] n_past = 4347
[1786180968] last: [ ' Indonesian':58829, ' ':220, '1':16, '9':24, '4':19, '0':15, 's':82, ' context':2266, '.':13, '<|endoftext|>':151643, 'Human':33975, ':':25, ' Write':9645, ' an':458, ' introduction':16800, ' about':911, ' "':330, 'The':785, ' Japanese':10769, ' occupation':29647, ' of':315, ' Bal':19420, 'ik':1579, 'p':79, 'apan':5359, '".':3263, ' The':576, ' year':1042, ' should':1265, ' be':387, ' ':220, '1':16, '9':24, '4':19, '3':18, ' and':323, ' language':4128, ' is':374, ' dut':10043, 'ch':331, '.':624, 'Assistant':71703, ':':25, ' Based':20205, ' on':389, ' your':697, ' request':1681, ',':11, ' here':1588, ''s':594, ' a':264, ' concise':63594, ' and':323, ' engaging':22570, ' character':3668, ' biography':47245, ' for':369, ' In':758, 'ou':283, 'e':68, ' Re':1032, 'iko':23630, ' (':320, 'female':42634 ]
[1786180968] n_remain: 332
[1786180968] eval: [ 'female':42634 ]
[1786180968] n_past = 4348
[1786180968] last: [ ' ':220, '1':16, '9':24, '4':19, '0':15, 's':82, ' context':2266, '.':13, '<|endoftext|>':151643, 'Human':33975, ':':25, ' Write':9645, ' an':458, ' introduction':16800, ' about':911, ' "':330, 'The':785, ' Japanese':10769, ' occupation':29647, ' of':315, ' Bal':19420, 'ik':1579, 'p':79, 'apan':5359, '".':3263, ' The':576, ' year':1042, ' should':1265, ' be':387, ' ':220, '1':16, '9':24, '4':19, '3':18, ' and':323, ' language':4128, ' is':374, ' dut':10043, 'ch':331, '.':624, 'Assistant':71703, ':':25, ' Based':20205, ' on':389, ' your':697, ' request':1681, ',':11, ' here':1588, ''s':594, ' a':264, ' concise':63594, ' and':323, ' engaging':22570, ' character':3668, ' biography':47245, ' for':369, ' In':758, 'ou':283, 'e':68, ' Re':1032, 'iko':23630, ' (':320, 'female':42634, ')':8 ]
[1786180968] n_remain: 331
[1786180968] eval: [ ')':8 ]
[1786180969] n_past = 4349
[1786180969] last: [ '1':16, '9':24, '4':19, '0':15, 's':82, ' context':2266, '.':13, '<|endoftext|>':151643, 'Human':33975, ':':25, ' Write':9645, ' an':458, ' introduction':16800, ' about':911, ' "':330, 'The':785, ' Japanese':10769, ' occupation':29647, ' of':315, ' Bal':19420, 'ik':1579, 'p':79, 'apan':5359, '".':3263, ' The':576, ' year':1042, ' should':1265, ' be':387, ' ':220, '1':16, '9':24, '4':19, '3':18, ' and':323, ' language':4128, ' is':374, ' dut':10043, 'ch':331, '.':624, 'Assistant':71703, ':':25, ' Based':20205, ' on':389, ' your':697, ' request':1681, ',':11, ' here':1588, ''s':594, ' a':264, ' concise':63594, ' and':323, ' engaging':22570, ' character':3668, ' biography':47245, ' for':369, ' In':758, 'ou':283, 'e':68, ' Re':1032, 'iko':23630, ' (':320, 'female':42634, ')':8, ' from':504 ]
[1786180969] n_remain: 330
[1786180969] eval: [ ' from':504 ]
[1786180969] n_past = 4350
[1786180969] last: [ '9':24, '4':19, '0':15, 's':82, ' context':2266, '.':13, '<|endoftext|>':151643, 'Human':33975, ':':25, ' Write':9645, ' an':458, ' introduction':16800, ' about':911, ' "':330, 'The':785, ' Japanese':10769, ' occupation':29647, ' of':315, ' Bal':19420, 'ik':1579, 'p':79, 'apan':5359, '".':3263, ' The':576, ' year':1042, ' should':1265, ' be':387, ' ':220, '1':16, '9':24, '4':19, '3':18, ' and':323, ' language':4128, ' is':374, ' dut':10043, 'ch':331, '.':624, 'Assistant':71703, ':':25, ' Based':20205, ' on':389, ' your':697, ' request':1681, ',':11, ' here':1588, ''s':594, ' a':264, ' concise':63594, ' and':323, ' engaging':22570, ' character':3668, ' biography':47245, ' for':369, ' In':758, 'ou':283, 'e':68, ' Re':1032, 'iko':23630, ' (':320, 'female':42634, ')':8, ' from':504, ' the':279 ]
[1786180969] n_remain: 329
[1786180969] eval: [ ' the':279 ]
[1786180969] n_past = 4351
[1786180969] last: [ '4':19, '0':15, 's':82, ' context':2266, '.':13, '<|endoftext|>':151643, 'Human':33975, ':':25, ' Write':9645, ' an':458, ' introduction':16800, ' about':911, ' "':330, 'The':785, ' Japanese':10769, ' occupation':29647, ' of':315, ' Bal':19420, 'ik':1579, 'p':79, 'apan':5359, '".':3263, ' The':576, ' year':1042, ' should':1265, ' be':387, ' ':220, '1':16, '9':24, '4':19, '3':18, ' and':323, ' language':4128, ' is':374, ' dut':10043, 'ch':331, '.':624, 'Assistant':71703, ':':25, ' Based':20205, ' on':389, ' your':697, ' request':1681, ',':11, ' here':1588, ''s':594, ' a':264, ' concise':63594, ' and':323, ' engaging':22570, ' character':3668, ' biography':47245, ' for':369, ' In':758, 'ou':283, 'e':68, ' Re':1032, 'iko':23630, ' (':320, 'female':42634, ')':8, ' from':504, ' the':279, ' Indonesian':58829 ]
[1786180969] n_remain: 328
[1786180969] eval: [ ' Indonesian':58829 ]
[1786180969] n_past = 4352
[1786180969] last: [ '0':15, 's':82, ' context':2266, '.':13, '<|endoftext|>':151643, 'Human':33975, ':':25, ' Write':9645, ' an':458, ' introduction':16800, ' about':911, ' "':330, 'The':785, ' Japanese':10769, ' occupation':29647, ' of':315, ' Bal':19420, 'ik':1579, 'p':79, 'apan':5359, '".':3263, ' The':576, ' year':1042, ' should':1265, ' be':387, ' ':220, '1':16, '9':24, '4':19, '3':18, ' and':323, ' language':4128, ' is':374, ' dut':10043, 'ch':331, '.':624, 'Assistant':71703, ':':25, ' Based':20205, ' on':389, ' your':697, ' request':1681, ',':11, ' here':1588, ''s':594, ' a':264, ' concise':63594, ' and':323, ' engaging':22570, ' character':3668, ' biography':47245, ' for':369, ' In':758, 'ou':283, 'e':68, ' Re':1032, 'iko':23630, ' (':320, 'female':42634, ')':8, ' from':504, ' the':279, ' Indonesian':58829, ' ':220 ]
[1786180969] n_remain: 327
[1786180969] eval: [ ' ':220 ]
[1786180969] n_past = 4353
[1786180969] last: [ 's':82, ' context':2266, '.':13, '<|endoftext|>':151643, 'Human':33975, ':':25, ' Write':9645, ' an':458, ' introduction':16800, ' about':911, ' "':330, 'The':785, ' Japanese':10769, ' occupation':29647, ' of':315, ' Bal':19420, 'ik':1579, 'p':79, 'apan':5359, '".':3263, ' The':576, ' year':1042, ' should':1265, ' be':387, ' ':220, '1':16, '9':24, '4':19, '3':18, ' and':323, ' language':4128, ' is':374, ' dut':10043, 'ch':331, '.':624, 'Assistant':71703, ':':25, ' Based':20205, ' on':389, ' your':697, ' request':1681, ',':11, ' here':1588, ''s':594, ' a':264, ' concise':63594, ' and':323, ' engaging':22570, ' character':3668, ' biography':47245, ' for':369, ' In':758, 'ou':283, 'e':68, ' Re':1032, 'iko':23630, ' (':320, 'female':42634, ')':8, ' from':504, ' the':279, ' Indonesian':58829, ' ':220, '1':16 ]
[1786180969] n_remain: 326
[1786180969] eval: [ '1':16 ]
[1786180970] n_past = 4354
[1786180970] last: [ ' context':2266, '.':13, '<|endoftext|>':151643, 'Human':33975, ':':25, ' Write':9645, ' an':458, ' introduction':16800, ' about':911, ' "':330, 'The':785, ' Japanese':10769, ' occupation':29647, ' of':315, ' Bal':19420, 'ik':1579, 'p':79, 'apan':5359, '".':3263, ' The':576, ' year':1042, ' should':1265, ' be':387, ' ':220, '1':16, '9':24, '4':19, '3':18, ' and':323, ' language':4128, ' is':374, ' dut':10043, 'ch':331, '.':624, 'Assistant':71703, ':':25, ' Based':20205, ' on':389, ' your':697, ' request':1681, ',':11, ' here':1588, ''s':594, ' a':264, ' concise':63594, ' and':323, ' engaging':22570, ' character':3668, ' biography':47245, ' for':369, ' In':758, 'ou':283, 'e':68, ' Re':1032, 'iko':23630, ' (':320, 'female':42634, ')':8, ' from':504, ' the':279, ' Indonesian':58829, ' ':220, '1':16, '9':24 ]
[1786180970] n_remain: 325
[1786180970] eval: [ '9':24 ]
[1786180970] n_past = 4355
[1786180970] last: [ '.':13, '<|endoftext|>':151643, 'Human':33975, ':':25, ' Write':9645, ' an':458, ' introduction':16800, ' about':911, ' "':330, 'The':785, ' Japanese':10769, ' occupation':29647, ' of':315, ' Bal':19420, 'ik':1579, 'p':79, 'apan':5359, '".':3263, ' The':576, ' year':1042, ' should':1265, ' be':387, ' ':220, '1':16, '9':24, '4':19, '3':18, ' and':323, ' language':4128, ' is':374, ' dut':10043, 'ch':331, '.':624, 'Assistant':71703, ':':25, ' Based':20205, ' on':389, ' your':697, ' request':1681, ',':11, ' here':1588, ''s':594, ' a':264, ' concise':63594, ' and':323, ' engaging':22570, ' character':3668, ' biography':47245, ' for':369, ' In':758, 'ou':283, 'e':68, ' Re':1032, 'iko':23630, ' (':320, 'female':42634, ')':8, ' from':504, ' the':279, ' Indonesian':58829, ' ':220, '1':16, '9':24, '4':19 ]
[1786180970] n_remain: 324
[1786180970] eval: [ '4':19 ]
[1786180970] n_past = 4356
[1786180970] last: [ '<|endoftext|>':151643, 'Human':33975, ':':25, ' Write':9645, ' an':458, ' introduction':16800, ' about':911, ' "':330, 'The':785, ' Japanese':10769, ' occupation':29647, ' of':315, ' Bal':19420, 'ik':1579, 'p':79, 'apan':5359, '".':3263, ' The':576, ' year':1042, ' should':1265, ' be':387, ' ':220, '1':16, '9':24, '4':19, '3':18, ' and':323, ' language':4128, ' is':374, ' dut':10043, 'ch':331, '.':624, 'Assistant':71703, ':':25, ' Based':20205, ' on':389, ' your':697, ' request':1681, ',':11, ' here':1588, ''s':594, ' a':264, ' concise':63594, ' and':323, ' engaging':22570, ' character':3668, ' biography':47245, ' for':369, ' In':758, 'ou':283, 'e':68, ' Re':1032, 'iko':23630, ' (':320, 'female':42634, ')':8, ' from':504, ' the':279, ' Indonesian':58829, ' ':220, '1':16, '9':24, '4':19, '0':15 ]
[1786180970] n_remain: 323
[1786180970] eval: [ '0':15 ]
[1786180970] n_past = 4357
[1786180970] last: [ 'Human':33975, ':':25, ' Write':9645, ' an':458, ' introduction':16800, ' about':911, ' "':330, 'The':785, ' Japanese':10769, ' occupation':29647, ' of':315, ' Bal':19420, 'ik':1579, 'p':79, 'apan':5359, '".':3263, ' The':576, ' year':1042, ' should':1265, ' be':387, ' ':220, '1':16, '9':24, '4':19, '3':18, ' and':323, ' language':4128, ' is':374, ' dut':10043, 'ch':331, '.':624, 'Assistant':71703, ':':25, ' Based':20205, ' on':389, ' your':697, ' request':1681, ',':11, ' here':1588, ''s':594, ' a':264, ' concise':63594, ' and':323, ' engaging':22570, ' character':3668, ' biography':47245, ' for':369, ' In':758, 'ou':283, 'e':68, ' Re':1032, 'iko':23630, ' (':320, 'female':42634, ')':8, ' from':504, ' the':279, ' Indonesian':58829, ' ':220, '1':16, '9':24, '4':19, '0':15, 's':82 ]
[1786180970] n_remain: 322
[1786180970] eval: [ 's':82 ]
[1786180970] n_past = 4358
[1786180970] last: [ ':':25, ' Write':9645, ' an':458, ' introduction':16800, ' about':911, ' "':330, 'The':785, ' Japanese':10769, ' occupation':29647, ' of':315, ' Bal':19420, 'ik':1579, 'p':79, 'apan':5359, '".':3263, ' The':576, ' year':1042, ' should':1265, ' be':387, ' ':220, '1':16, '9':24, '4':19, '3':18, ' and':323, ' language':4128, ' is':374, ' dut':10043, 'ch':331, '.':624, 'Assistant':71703, ':':25, ' Based':20205, ' on':389, ' your':697, ' request':1681, ',':11, ' here':1588, ''s':594, ' a':264, ' concise':63594, ' and':323, ' engaging':22570, ' character':3668, ' biography':47245, ' for':369, ' In':758, 'ou':283, 'e':68, ' Re':1032, 'iko':23630, ' (':320, 'female':42634, ')':8, ' from':504, ' the':279, ' Indonesian':58829, ' ':220, '1':16, '9':24, '4':19, '0':15, 's':82, ' context':2266 ]
[1786180970] n_remain: 321
[1786180970] eval: [ ' context':2266 ]
[1786180971] n_past = 4359
[1786180971] last: [ ' Write':9645, ' an':458, ' introduction':16800, ' about':911, ' "':330, 'The':785, ' Japanese':10769, ' occupation':29647, ' of':315, ' Bal':19420, 'ik':1579, 'p':79, 'apan':5359, '".':3263, ' The':576, ' year':1042, ' should':1265, ' be':387, ' ':220, '1':16, '9':24, '4':19, '3':18, ' and':323, ' language':4128, ' is':374, ' dut':10043, 'ch':331, '.':624, 'Assistant':71703, ':':25, ' Based':20205, ' on':389, ' your':697, ' request':1681, ',':11, ' here':1588, ''s':594, ' a':264, ' concise':63594, ' and':323, ' engaging':22570, ' character':3668, ' biography':47245, ' for':369, ' In':758, 'ou':283, 'e':68, ' Re':1032, 'iko':23630, ' (':320, 'female':42634, ')':8, ' from':504, ' the':279, ' Indonesian':58829, ' ':220, '1':16, '9':24, '4':19, '0':15, 's':82, ' context':2266, '.':13 ]
[1786180971] n_remain: 320
[1786180971] eval: [ '.':13 ]
[1786180971] n_past = 4360
[1786180971] last: [ ' an':458, ' introduction':16800, ' about':911, ' "':330, 'The':785, ' Japanese':10769, ' occupation':29647, ' of':315, ' Bal':19420, 'ik':1579, 'p':79, 'apan':5359, '".':3263, ' The':576, ' year':1042, ' should':1265, ' be':387, ' ':220, '1':16, '9':24, '4':19, '3':18, ' and':323, ' language':4128, ' is':374, ' dut':10043, 'ch':331, '.':624, 'Assistant':71703, ':':25, ' Based':20205, ' on':389, ' your':697, ' request':1681, ',':11, ' here':1588, ''s':594, ' a':264, ' concise':63594, ' and':323, ' engaging':22570, ' character':3668, ' biography':47245, ' for':369, ' In':758, 'ou':283, 'e':68, ' Re':1032, 'iko':23630, ' (':320, 'female':42634, ')':8, ' from':504, ' the':279, ' Indonesian':58829, ' ':220, '1':16, '9':24, '4':19, '0':15, 's':82, ' context':2266, '.':13, ' She':2932 ]
[1786180971] n_remain: 319
[1786180971] eval: [ ' She':2932 ]
[1786180971] n_past = 4361
[1786180971] last: [ ' introduction':16800, ' about':911, ' "':330, 'The':785, ' Japanese':10769, ' occupation':29647, ' of':315, ' Bal':19420, 'ik':1579, 'p':79, 'apan':5359, '".':3263, ' The':576, ' year':1042, ' should':1265, ' be':387, ' ':220, '1':16, '9':24, '4':19, '3':18, ' and':323, ' language':4128, ' is':374, ' dut':10043, 'ch':331, '.':624, 'Assistant':71703, ':':25, ' Based':20205, ' on':389, ' your':697, ' request':1681, ',':11, ' here':1588, ''s':594, ' a':264, ' concise':63594, ' and':323, ' engaging':22570, ' character':3668, ' biography':47245, ' for':369, ' In':758, 'ou':283, 'e':68, ' Re':1032, 'iko':23630, ' (':320, 'female':42634, ')':8, ' from':504, ' the':279, ' Indonesian':58829, ' ':220, '1':16, '9':24, '4':19, '0':15, 's':82, ' context':2266, '.':13, ' She':2932, ' was':572 ]
[1786180971] n_remain: 318
[1786180971] eval: [ ' was':572 ]
[1786180971] n_past = 4362
[1786180971] last: [ ' about':911, ' "':330, 'The':785, ' Japanese':10769, ' occupation':29647, ' of':315, ' Bal':19420, 'ik':1579, 'p':79, 'apan':5359, '".':3263, ' The':576, ' year':1042, ' should':1265, ' be':387, ' ':220, '1':16, '9':24, '4':19, '3':18, ' and':323, ' language':4128, ' is':374, ' dut':10043, 'ch':331, '.':624, 'Assistant':71703, ':':25, ' Based':20205, ' on':389, ' your':697, ' request':1681, ',':11, ' here':1588, ''s':594, ' a':264, ' concise':63594, ' and':323, ' engaging':22570, ' character':3668, ' biography':47245, ' for':369, ' In':758, 'ou':283, 'e':68, ' Re':1032, 'iko':23630, ' (':320, 'female':42634, ')':8, ' from':504, ' the':279, ' Indonesian':58829, ' ':220, '1':16, '9':24, '4':19, '0':15, 's':82, ' context':2266, '.':13, ' She':2932, ' was':572, ' born':9223 ]
[1786180971] n_remain: 317
[1786180971] eval: [ ' born':9223 ]
[1786180971] n_past = 4363
[1786180971] last: [ ' "':330, 'The':785, ' Japanese':10769, ' occupation':29647, ' of':315, ' Bal':19420, 'ik':1579, 'p':79, 'apan':5359, '".':3263, ' The':576, ' year':1042, ' should':1265, ' be':387, ' ':220, '1':16, '9':24, '4':19, '3':18, ' and':323, ' language':4128, ' is':374, ' dut':10043, 'ch':331, '.':624, 'Assistant':71703, ':':25, ' Based':20205, ' on':389, ' your':697, ' request':1681, ',':11, ' here':1588, ''s':594, ' a':264, ' concise':63594, ' and':323, ' engaging':22570, ' character':3668, ' biography':47245, ' for':369, ' In':758, 'ou':283, 'e':68, ' Re':1032, 'iko':23630, ' (':320, 'female':42634, ')':8, ' from':504, ' the':279, ' Indonesian':58829, ' ':220, '1':16, '9':24, '4':19, '0':15, 's':82, ' context':2266, '.':13, ' She':2932, ' was':572, ' born':9223, ' in':304 ]
[1786180971] n_remain: 316
[1786180971] eval: [ ' in':304 ]
[1786180972] n_past = 4364
[1786180972] last: [ 'The':785, ' Japanese':10769, ' occupation':29647, ' of':315, ' Bal':19420, 'ik':1579, 'p':79, 'apan':5359, '".':3263, ' The':576, ' year':1042, ' should':1265, ' be':387, ' ':220, '1':16, '9':24, '4':19, '3':18, ' and':323, ' language':4128, ' is':374, ' dut':10043, 'ch':331, '.':624, 'Assistant':71703, ':':25, ' Based':20205, ' on':389, ' your':697, ' request':1681, ',':11, ' here':1588, ''s':594, ' a':264, ' concise':63594, ' and':323, ' engaging':22570, ' character':3668, ' biography':47245, ' for':369, ' In':758, 'ou':283, 'e':68, ' Re':1032, 'iko':23630, ' (':320, 'female':42634, ')':8, ' from':504, ' the':279, ' Indonesian':58829, ' ':220, '1':16, '9':24, '4':19, '0':15, 's':82, ' context':2266, '.':13, ' She':2932, ' was':572, ' born':9223, ' in':304, ' Japan':6323 ]
[1786180972] n_remain: 315
[1786180972] eval: [ ' Japan':6323 ]
[1786180972] n_past = 4365
[1786180972] last: [ ' Japanese':10769, ' occupation':29647, ' of':315, ' Bal':19420, 'ik':1579, 'p':79, 'apan':5359, '".':3263, ' The':576, ' year':1042, ' should':1265, ' be':387, ' ':220, '1':16, '9':24, '4':19, '3':18, ' and':323, ' language':4128, ' is':374, ' dut':10043, 'ch':331, '.':624, 'Assistant':71703, ':':25, ' Based':20205, ' on':389, ' your':697, ' request':1681, ',':11, ' here':1588, ''s':594, ' a':264, ' concise':63594, ' and':323, ' engaging':22570, ' character':3668, ' biography':47245, ' for':369, ' In':758, 'ou':283, 'e':68, ' Re':1032, 'iko':23630, ' (':320, 'female':42634, ')':8, ' from':504, ' the':279, ' Indonesian':58829, ' ':220, '1':16, '9':24, '4':19, '0':15, 's':82, ' context':2266, '.':13, ' She':2932, ' was':572, ' born':9223, ' in':304, ' Japan':6323, ' during':2337 ]
[1786180972] n_remain: 314
[1786180972] eval: [ ' during':2337 ]
[1786180972] n_past = 4366
[1786180972] last: [ ' occupation':29647, ' of':315, ' Bal':19420, 'ik':1579, 'p':79, 'apan':5359, '".':3263, ' The':576, ' year':1042, ' should':1265, ' be':387, ' ':220, '1':16, '9':24, '4':19, '3':18, ' and':323, ' language':4128, ' is':374, ' dut':10043, 'ch':331, '.':624, 'Assistant':71703, ':':25, ' Based':20205, ' on':389, ' your':697, ' request':1681, ',':11, ' here':1588, ''s':594, ' a':264, ' concise':63594, ' and':323, ' engaging':22570, ' character':3668, ' biography':47245, ' for':369, ' In':758, 'ou':283, 'e':68, ' Re':1032, 'iko':23630, ' (':320, 'female':42634, ')':8, ' from':504, ' the':279, ' Indonesian':58829, ' ':220, '1':16, '9':24, '4':19, '0':15, 's':82, ' context':2266, '.':13, ' She':2932, ' was':572, ' born':9223, ' in':304, ' Japan':6323, ' during':2337, ' World':4337 ]
[1786180972] n_remain: 313
[1786180972] eval: [ ' World':4337 ]
[1786180972] n_past = 4367
[1786180972] last: [ ' of':315, ' Bal':19420, 'ik':1579, 'p':79, 'apan':5359, '".':3263, ' The':576, ' year':1042, ' should':1265, ' be':387, ' ':220, '1':16, '9':24, '4':19, '3':18, ' and':323, ' language':4128, ' is':374, ' dut':10043, 'ch':331, '.':624, 'Assistant':71703, ':':25, ' Based':20205, ' on':389, ' your':697, ' request':1681, ',':11, ' here':1588, ''s':594, ' a':264, ' concise':63594, ' and':323, ' engaging':22570, ' character':3668, ' biography':47245, ' for':369, ' In':758, 'ou':283, 'e':68, ' Re':1032, 'iko':23630, ' (':320, 'female':42634, ')':8, ' from':504, ' the':279, ' Indonesian':58829, ' ':220, '1':16, '9':24, '4':19, '0':15, 's':82, ' context':2266, '.':13, ' She':2932, ' was':572, ' born':9223, ' in':304, ' Japan':6323, ' during':2337, ' World':4337, ' War':5004 ]
[1786180972] n_remain: 312
[1786180972] eval: [ ' War':5004 ]
[1786180972] n_past = 4368
[1786180972] last: [ ' Bal':19420, 'ik':1579, 'p':79, 'apan':5359, '".':3263, ' The':576, ' year':1042, ' should':1265, ' be':387, ' ':220, '1':16, '9':24, '4':19, '3':18, ' and':323, ' language':4128, ' is':374, ' dut':10043, 'ch':331, '.':624, 'Assistant':71703, ':':25, ' Based':20205, ' on':389, ' your':697, ' request':1681, ',':11, ' here':1588, ''s':594, ' a':264, ' concise':63594, ' and':323, ' engaging':22570, ' character':3668, ' biography':47245, ' for':369, ' In':758, 'ou':283, 'e':68, ' Re':1032, 'iko':23630, ' (':320, 'female':42634, ')':8, ' from':504, ' the':279, ' Indonesian':58829, ' ':220, '1':16, '9':24, '4':19, '0':15, 's':82, ' context':2266, '.':13, ' She':2932, ' was':572, ' born':9223, ' in':304, ' Japan':6323, ' during':2337, ' World':4337, ' War':5004, ' II':7946 ]
[1786180972] n_remain: 311
[1786180972] eval: [ ' II':7946 ]
[1786180973] n_past = 4369
[1786180973] last: [ 'ik':1579, 'p':79, 'apan':5359, '".':3263, ' The':576, ' year':1042, ' should':1265, ' be':387, ' ':220, '1':16, '9':24, '4':19, '3':18, ' and':323, ' language':4128, ' is':374, ' dut':10043, 'ch':331, '.':624, 'Assistant':71703, ':':25, ' Based':20205, ' on':389, ' your':697, ' request':1681, ',':11, ' here':1588, ''s':594, ' a':264, ' concise':63594, ' and':323, ' engaging':22570, ' character':3668, ' biography':47245, ' for':369, ' In':758, 'ou':283, 'e':68, ' Re':1032, 'iko':23630, ' (':320, 'female':42634, ')':8, ' from':504, ' the':279, ' Indonesian':58829, ' ':220, '1':16, '9':24, '4':19, '0':15, 's':82, ' context':2266, '.':13, ' She':2932, ' was':572, ' born':9223, ' in':304, ' Japan':6323, ' during':2337, ' World':4337, ' War':5004, ' II':7946, ' but':714 ]
[1786180973] n_remain: 310
[1786180973] eval: [ ' but':714 ]
[1786180973] n_past = 4370
[1786180973] last: [ 'p':79, 'apan':5359, '".':3263, ' The':576, ' year':1042, ' should':1265, ' be':387, ' ':220, '1':16, '9':24, '4':19, '3':18, ' and':323, ' language':4128, ' is':374, ' dut':10043, 'ch':331, '.':624, 'Assistant':71703, ':':25, ' Based':20205, ' on':389, ' your':697, ' request':1681, ',':11, ' here':1588, ''s':594, ' a':264, ' concise':63594, ' and':323, ' engaging':22570, ' character':3668, ' biography':47245, ' for':369, ' In':758, 'ou':283, 'e':68, ' Re':1032, 'iko':23630, ' (':320, 'female':42634, ')':8, ' from':504, ' the':279, ' Indonesian':58829, ' ':220, '1':16, '9':24, '4':19, '0':15, 's':82, ' context':2266, '.':13, ' She':2932, ' was':572, ' born':9223, ' in':304, ' Japan':6323, ' during':2337, ' World':4337, ' War':5004, ' II':7946, ' but':714, ' later':2937 ]
[1786180973] n_remain: 309
[1786180973] eval: [ ' later':2937 ]
[1786180973] n_past = 4371
[1786180973] last: [ 'apan':5359, '".':3263, ' The':576, ' year':1042, ' should':1265, ' be':387, ' ':220, '1':16, '9':24, '4':19, '3':18, ' and':323, ' language':4128, ' is':374, ' dut':10043, 'ch':331, '.':624, 'Assistant':71703, ':':25, ' Based':20205, ' on':389, ' your':697, ' request':1681, ',':11, ' here':1588, ''s':594, ' a':264, ' concise':63594, ' and':323, ' engaging':22570, ' character':3668, ' biography':47245, ' for':369, ' In':758, 'ou':283, 'e':68, ' Re':1032, 'iko':23630, ' (':320, 'female':42634, ')':8, ' from':504, ' the':279, ' Indonesian':58829, ' ':220, '1':16, '9':24, '4':19, '0':15, 's':82, ' context':2266, '.':13, ' She':2932, ' was':572, ' born':9223, ' in':304, ' Japan':6323, ' during':2337, ' World':4337, ' War':5004, ' II':7946, ' but':714, ' later':2937, ' moved':7726 ]
[1786180973] n_remain: 308
[1786180973] eval: [ ' moved':7726 ]
[1786180973] n_past = 4372
[1786180973] last: [ '".':3263, ' The':576, ' year':1042, ' should':1265, ' be':387, ' ':220, '1':16, '9':24, '4':19, '3':18, ' and':323, ' language':4128, ' is':374, ' dut':10043, 'ch':331, '.':624, 'Assistant':71703, ':':25, ' Based':20205, ' on':389, ' your':697, ' request':1681, ',':11, ' here':1588, ''s':594, ' a':264, ' concise':63594, ' and':323, ' engaging':22570, ' character':3668, ' biography':47245, ' for':369, ' In':758, 'ou':283, 'e':68, ' Re':1032, 'iko':23630, ' (':320, 'female':42634, ')':8, ' from':504, ' the':279, ' Indonesian':58829, ' ':220, '1':16, '9':24, '4':19, '0':15, 's':82, ' context':2266, '.':13, ' She':2932, ' was':572, ' born':9223, ' in':304, ' Japan':6323, ' during':2337, ' World':4337, ' War':5004, ' II':7946, ' but':714, ' later':2937, ' moved':7726, ' to':311 ]
[1786180973] n_remain: 307
[1786180973] eval: [ ' to':311 ]
[1786180973] n_past = 4373
[1786180973] last: [ ' The':576, ' year':1042, ' should':1265, ' be':387, ' ':220, '1':16, '9':24, '4':19, '3':18, ' and':323, ' language':4128, ' is':374, ' dut':10043, 'ch':331, '.':624, 'Assistant':71703, ':':25, ' Based':20205, ' on':389, ' your':697, ' request':1681, ',':11, ' here':1588, ''s':594, ' a':264, ' concise':63594, ' and':323, ' engaging':22570, ' character':3668, ' biography':47245, ' for':369, ' In':758, 'ou':283, 'e':68, ' Re':1032, 'iko':23630, ' (':320, 'female':42634, ')':8, ' from':504, ' the':279, ' Indonesian':58829, ' ':220, '1':16, '9':24, '4':19, '0':15, 's':82, ' context':2266, '.':13, ' She':2932, ' was':572, ' born':9223, ' in':304, ' Japan':6323, ' during':2337, ' World':4337, ' War':5004, ' II':7946, ' but':714, ' later':2937, ' moved':7726, ' to':311, ' Bal':19420 ]
[1786180973] n_remain: 306
[1786180973] eval: [ ' Bal':19420 ]
[1786180974] n_past = 4374
[1786180974] last: [ ' year':1042, ' should':1265, ' be':387, ' ':220, '1':16, '9':24, '4':19, '3':18, ' and':323, ' language':4128, ' is':374, ' dut':10043, 'ch':331, '.':624, 'Assistant':71703, ':':25, ' Based':20205, ' on':389, ' your':697, ' request':1681, ',':11, ' here':1588, ''s':594, ' a':264, ' concise':63594, ' and':323, ' engaging':22570, ' character':3668, ' biography':47245, ' for':369, ' In':758, 'ou':283, 'e':68, ' Re':1032, 'iko':23630, ' (':320, 'female':42634, ')':8, ' from':504, ' the':279, ' Indonesian':58829, ' ':220, '1':16, '9':24, '4':19, '0':15, 's':82, ' context':2266, '.':13, ' She':2932, ' was':572, ' born':9223, ' in':304, ' Japan':6323, ' during':2337, ' World':4337, ' War':5004, ' II':7946, ' but':714, ' later':2937, ' moved':7726, ' to':311, ' Bal':19420, 'ik':1579 ]
[1786180974] n_remain: 305
[1786180974] eval: [ 'ik':1579 ]
[1786180974] n_past = 4375
[1786180974] last: [ ' should':1265, ' be':387, ' ':220, '1':16, '9':24, '4':19, '3':18, ' and':323, ' language':4128, ' is':374, ' dut':10043, 'ch':331, '.':624, 'Assistant':71703, ':':25, ' Based':20205, ' on':389, ' your':697, ' request':1681, ',':11, ' here':1588, ''s':594, ' a':264, ' concise':63594, ' and':323, ' engaging':22570, ' character':3668, ' biography':47245, ' for':369, ' In':758, 'ou':283, 'e':68, ' Re':1032, 'iko':23630, ' (':320, 'female':42634, ')':8, ' from':504, ' the':279, ' Indonesian':58829, ' ':220, '1':16, '9':24, '4':19, '0':15, 's':82, ' context':2266, '.':13, ' She':2932, ' was':572, ' born':9223, ' in':304, ' Japan':6323, ' during':2337, ' World':4337, ' War':5004, ' II':7946, ' but':714, ' later':2937, ' moved':7726, ' to':311, ' Bal':19420, 'ik':1579, 'p':79 ]
[1786180974] n_remain: 304
[1786180974] eval: [ 'p':79 ]
[1786180974] n_past = 4376
[1786180974] last: [ ' be':387, ' ':220, '1':16, '9':24, '4':19, '3':18, ' and':323, ' language':4128, ' is':374, ' dut':10043, 'ch':331, '.':624, 'Assistant':71703, ':':25, ' Based':20205, ' on':389, ' your':697, ' request':1681, ',':11, ' here':1588, ''s':594, ' a':264, ' concise':63594, ' and':323, ' engaging':22570, ' character':3668, ' biography':47245, ' for':369, ' In':758, 'ou':283, 'e':68, ' Re':1032, 'iko':23630, ' (':320, 'female':42634, ')':8, ' from':504, ' the':279, ' Indonesian':58829, ' ':220, '1':16, '9':24, '4':19, '0':15, 's':82, ' context':2266, '.':13, ' She':2932, ' was':572, ' born':9223, ' in':304, ' Japan':6323, ' during':2337, ' World':4337, ' War':5004, ' II':7946, ' but':714, ' later':2937, ' moved':7726, ' to':311, ' Bal':19420, 'ik':1579, 'p':79, 'apan':5359 ]
[1786180974] n_remain: 303
[1786180974] eval: [ 'apan':5359 ]
[1786180974] n_past = 4377
[1786180974] last: [ ' ':220, '1':16, '9':24, '4':19, '3':18, ' and':323, ' language':4128, ' is':374, ' dut':10043, 'ch':331, '.':624, 'Assistant':71703, ':':25, ' Based':20205, ' on':389, ' your':697, ' request':1681, ',':11, ' here':1588, ''s':594, ' a':264, ' concise':63594, ' and':323, ' engaging':22570, ' character':3668, ' biography':47245, ' for':369, ' In':758, 'ou':283, 'e':68, ' Re':1032, 'iko':23630, ' (':320, 'female':42634, ')':8, ' from':504, ' the':279, ' Indonesian':58829, ' ':220, '1':16, '9':24, '4':19, '0':15, 's':82, ' context':2266, '.':13, ' She':2932, ' was':572, ' born':9223, ' in':304, ' Japan':6323, ' during':2337, ' World':4337, ' War':5004, ' II':7946, ' but':714, ' later':2937, ' moved':7726, ' to':311, ' Bal':19420, 'ik':1579, 'p':79, 'apan':5359, ' as':438 ]
[1786180974] n_remain: 302
[1786180974] eval: [ ' as':438 ]
[1786180974] n_past = 4378
[1786180975] last: [ '1':16, '9':24, '4':19, '3':18, ' and':323, ' language':4128, ' is':374, ' dut':10043, 'ch':331, '.':624, 'Assistant':71703, ':':25, ' Based':20205, ' on':389, ' your':697, ' request':1681, ',':11, ' here':1588, ''s':594, ' a':264, ' concise':63594, ' and':323, ' engaging':22570, ' character':3668, ' biography':47245, ' for':369, ' In':758, 'ou':283, 'e':68, ' Re':1032, 'iko':23630, ' (':320, 'female':42634, ')':8, ' from':504, ' the':279, ' Indonesian':58829, ' ':220, '1':16, '9':24, '4':19, '0':15, 's':82, ' context':2266, '.':13, ' She':2932, ' was':572, ' born':9223, ' in':304, ' Japan':6323, ' during':2337, ' World':4337, ' War':5004, ' II':7946, ' but':714, ' later':2937, ' moved':7726, ' to':311, ' Bal':19420, 'ik':1579, 'p':79, 'apan':5359, ' as':438, ' part':949 ]
[1786180975] n_remain: 301
[1786180975] eval: [ ' part':949 ]
[1786180975] n_past = 4379
[1786180975] last: [ '9':24, '4':19, '3':18, ' and':323, ' language':4128, ' is':374, ' dut':10043, 'ch':331, '.':624, 'Assistant':71703, ':':25, ' Based':20205, ' on':389, ' your':697, ' request':1681, ',':11, ' here':1588, ''s':594, ' a':264, ' concise':63594, ' and':323, ' engaging':22570, ' character':3668, ' biography':47245, ' for':369, ' In':758, 'ou':283, 'e':68, ' Re':1032, 'iko':23630, ' (':320, 'female':42634, ')':8, ' from':504, ' the':279, ' Indonesian':58829, ' ':220, '1':16, '9':24, '4':19, '0':15, 's':82, ' context':2266, '.':13, ' She':2932, ' was':572, ' born':9223, ' in':304, ' Japan':6323, ' during':2337, ' World':4337, ' War':5004, ' II':7946, ' but':714, ' later':2937, ' moved':7726, ' to':311, ' Bal':19420, 'ik':1579, 'p':79, 'apan':5359, ' as':438, ' part':949, ' of':315 ]
[1786180975] n_remain: 300
[1786180975] eval: [ ' of':315 ]
[1786180975] n_past = 4380
[1786180975] last: [ '4':19, '3':18, ' and':323, ' language':4128, ' is':374, ' dut':10043, 'ch':331, '.':624, 'Assistant':71703, ':':25, ' Based':20205, ' on':389, ' your':697, ' request':1681, ',':11, ' here':1588, ''s':594, ' a':264, ' concise':63594, ' and':323, ' engaging':22570, ' character':3668, ' biography':47245, ' for':369, ' In':758, 'ou':283, 'e':68, ' Re':1032, 'iko':23630, ' (':320, 'female':42634, ')':8, ' from':504, ' the':279, ' Indonesian':58829, ' ':220, '1':16, '9':24, '4':19, '0':15, 's':82, ' context':2266, '.':13, ' She':2932, ' was':572, ' born':9223, ' in':304, ' Japan':6323, ' during':2337, ' World':4337, ' War':5004, ' II':7946, ' but':714, ' later':2937, ' moved':7726, ' to':311, ' Bal':19420, 'ik':1579, 'p':79, 'apan':5359, ' as':438, ' part':949, ' of':315, ' the':279 ]
[1786180975] n_remain: 299
[1786180975] eval: [ ' the':279 ]
[1786180975] n_past = 4381
[1786180975] last: [ '3':18, ' and':323, ' language':4128, ' is':374, ' dut':10043, 'ch':331, '.':624, 'Assistant':71703, ':':25, ' Based':20205, ' on':389, ' your':697, ' request':1681, ',':11, ' here':1588, ''s':594, ' a':264, ' concise':63594, ' and':323, ' engaging':22570, ' character':3668, ' biography':47245, ' for':369, ' In':758, 'ou':283, 'e':68, ' Re':1032, 'iko':23630, ' (':320, 'female':42634, ')':8, ' from':504, ' the':279, ' Indonesian':58829, ' ':220, '1':16, '9':24, '4':19, '0':15, 's':82, ' context':2266, '.':13, ' She':2932, ' was':572, ' born':9223, ' in':304, ' Japan':6323, ' during':2337, ' World':4337, ' War':5004, ' II':7946, ' but':714, ' later':2937, ' moved':7726, ' to':311, ' Bal':19420, 'ik':1579, 'p':79, 'apan':5359, ' as':438, ' part':949, ' of':315, ' the':279, ' Japanese':10769 ]
[1786180975] n_remain: 298
[1786180975] eval: [ ' Japanese':10769 ]
[1786180975] n_past = 4382
[1786180975] last: [ ' and':323, ' language':4128, ' is':374, ' dut':10043, 'ch':331, '.':624, 'Assistant':71703, ':':25, ' Based':20205, ' on':389, ' your':697, ' request':1681, ',':11, ' here':1588, ''s':594, ' a':264, ' concise':63594, ' and':323, ' engaging':22570, ' character':3668, ' biography':47245, ' for':369, ' In':758, 'ou':283, 'e':68, ' Re':1032, 'iko':23630, ' (':320, 'female':42634, ')':8, ' from':504, ' the':279, ' Indonesian':58829, ' ':220, '1':16, '9':24, '4':19, '0':15, 's':82, ' context':2266, '.':13, ' She':2932, ' was':572, ' born':9223, ' in':304, ' Japan':6323, ' during':2337, ' World':4337, ' War':5004, ' II':7946, ' but':714, ' later':2937, ' moved':7726, ' to':311, ' Bal':19420, 'ik':1579, 'p':79, 'apan':5359, ' as':438, ' part':949, ' of':315, ' the':279, ' Japanese':10769, ' occupation':29647 ]
[1786180975] n_remain: 297
[1786180975] eval: [ ' occupation':29647 ]
[1786180976] n_past = 4383
[1786180976] last: [ ' language':4128, ' is':374, ' dut':10043, 'ch':331, '.':624, 'Assistant':71703, ':':25, ' Based':20205, ' on':389, ' your':697, ' request':1681, ',':11, ' here':1588, ''s':594, ' a':264, ' concise':63594, ' and':323, ' engaging':22570, ' character':3668, ' biography':47245, ' for':369, ' In':758, 'ou':283, 'e':68, ' Re':1032, 'iko':23630, ' (':320, 'female':42634, ')':8, ' from':504, ' the':279, ' Indonesian':58829, ' ':220, '1':16, '9':24, '4':19, '0':15, 's':82, ' context':2266, '.':13, ' She':2932, ' was':572, ' born':9223, ' in':304, ' Japan':6323, ' during':2337, ' World':4337, ' War':5004, ' II':7946, ' but':714, ' later':2937, ' moved':7726, ' to':311, ' Bal':19420, 'ik':1579, 'p':79, 'apan':5359, ' as':438, ' part':949, ' of':315, ' the':279, ' Japanese':10769, ' occupation':29647, ' administration':8567 ]
[1786180976] n_remain: 296
[1786180976] eval: [ ' administration':8567 ]
[1786180976] n_past = 4384
[1786180976] last: [ ' is':374, ' dut':10043, 'ch':331, '.':624, 'Assistant':71703, ':':25, ' Based':20205, ' on':389, ' your':697, ' request':1681, ',':11, ' here':1588, ''s':594, ' a':264, ' concise':63594, ' and':323, ' engaging':22570, ' character':3668, ' biography':47245, ' for':369, ' In':758, 'ou':283, 'e':68, ' Re':1032, 'iko':23630, ' (':320, 'female':42634, ')':8, ' from':504, ' the':279, ' Indonesian':58829, ' ':220, '1':16, '9':24, '4':19, '0':15, 's':82, ' context':2266, '.':13, ' She':2932, ' was':572, ' born':9223, ' in':304, ' Japan':6323, ' during':2337, ' World':4337, ' War':5004, ' II':7946, ' but':714, ' later':2937, ' moved':7726, ' to':311, ' Bal':19420, 'ik':1579, 'p':79, 'apan':5359, ' as':438, ' part':949, ' of':315, ' the':279, ' Japanese':10769, ' occupation':29647, ' administration':8567, '.':382 ]
[1786180976] n_remain: 295
[1786180976] eval: [ '.':382 ]
[1786180976] n_past = 4385
[1786180976] last: [ ' dut':10043, 'ch':331, '.':624, 'Assistant':71703, ':':25, ' Based':20205, ' on':389, ' your':697, ' request':1681, ',':11, ' here':1588, ''s':594, ' a':264, ' concise':63594, ' and':323, ' engaging':22570, ' character':3668, ' biography':47245, ' for':369, ' In':758, 'ou':283, 'e':68, ' Re':1032, 'iko':23630, ' (':320, 'female':42634, ')':8, ' from':504, ' the':279, ' Indonesian':58829, ' ':220, '1':16, '9':24, '4':19, '0':15, 's':82, ' context':2266, '.':13, ' She':2932, ' was':572, ' born':9223, ' in':304, ' Japan':6323, ' during':2337, ' World':4337, ' War':5004, ' II':7946, ' but':714, ' later':2937, ' moved':7726, ' to':311, ' Bal':19420, 'ik':1579, 'p':79, 'apan':5359, ' as':438, ' part':949, ' of':315, ' the':279, ' Japanese':10769, ' occupation':29647, ' administration':8567, '.':382, 'In':641 ]
[1786180976] n_remain: 294
[1786180976] eval: [ 'In':641 ]
[1786180976] n_past = 4386
[1786180976] last: [ 'ch':331, '.':624, 'Assistant':71703, ':':25, ' Based':20205, ' on':389, ' your':697, ' request':1681, ',':11, ' here':1588, ''s':594, ' a':264, ' concise':63594, ' and':323, ' engaging':22570, ' character':3668, ' biography':47245, ' for':369, ' In':758, 'ou':283, 'e':68, ' Re':1032, 'iko':23630, ' (':320, 'female':42634, ')':8, ' from':504, ' the':279, ' Indonesian':58829, ' ':220, '1':16, '9':24, '4':19, '0':15, 's':82, ' context':2266, '.':13, ' She':2932, ' was':572, ' born':9223, ' in':304, ' Japan':6323, ' during':2337, ' World':4337, ' War':5004, ' II':7946, ' but':714, ' later':2937, ' moved':7726, ' to':311, ' Bal':19420, 'ik':1579, 'p':79, 'apan':5359, ' as':438, ' part':949, ' of':315, ' the':279, ' Japanese':10769, ' occupation':29647, ' administration':8567, '.':382, 'In':641, 'ou':283 ]
[1786180976] n_remain: 293
[1786180976] eval: [ 'ou':283 ]
[1786180976] n_past = 4387
[1786180976] last: [ '.':624, 'Assistant':71703, ':':25, ' Based':20205, ' on':389, ' your':697, ' request':1681, ',':11, ' here':1588, ''s':594, ' a':264, ' concise':63594, ' and':323, ' engaging':22570, ' character':3668, ' biography':47245, ' for':369, ' In':758, 'ou':283, 'e':68, ' Re':1032, 'iko':23630, ' (':320, 'female':42634, ')':8, ' from':504, ' the':279, ' Indonesian':58829, ' ':220, '1':16, '9':24, '4':19, '0':15, 's':82, ' context':2266, '.':13, ' She':2932, ' was':572, ' born':9223, ' in':304, ' Japan':6323, ' during':2337, ' World':4337, ' War':5004, ' II':7946, ' but':714, ' later':2937, ' moved':7726, ' to':311, ' Bal':19420, 'ik':1579, 'p':79, 'apan':5359, ' as':438, ' part':949, ' of':315, ' the':279, ' Japanese':10769, ' occupation':29647, ' administration':8567, '.':382, 'In':641, 'ou':283, 'e':68 ]
[1786180976] n_remain: 292
[1786180976] eval: [ 'e':68 ]
[1786180977] n_past = 4388
[1786180977] last: [ 'Assistant':71703, ':':25, ' Based':20205, ' on':389, ' your':697, ' request':1681, ',':11, ' here':1588, ''s':594, ' a':264, ' concise':63594, ' and':323, ' engaging':22570, ' character':3668, ' biography':47245, ' for':369, ' In':758, 'ou':283, 'e':68, ' Re':1032, 'iko':23630, ' (':320, 'female':42634, ')':8, ' from':504, ' the':279, ' Indonesian':58829, ' ':220, '1':16, '9':24, '4':19, '0':15, 's':82, ' context':2266, '.':13, ' She':2932, ' was':572, ' born':9223, ' in':304, ' Japan':6323, ' during':2337, ' World':4337, ' War':5004, ' II':7946, ' but':714, ' later':2937, ' moved':7726, ' to':311, ' Bal':19420, 'ik':1579, 'p':79, 'apan':5359, ' as':438, ' part':949, ' of':315, ' the':279, ' Japanese':10769, ' occupation':29647, ' administration':8567, '.':382, 'In':641, 'ou':283, 'e':68, ' Re':1032 ]
[1786180977] n_remain: 291
[1786180977] eval: [ ' Re':1032 ]
[1786180977] n_past = 4389
[1786180977] last: [ ':':25, ' Based':20205, ' on':389, ' your':697, ' request':1681, ',':11, ' here':1588, ''s':594, ' a':264, ' concise':63594, ' and':323, ' engaging':22570, ' character':3668, ' biography':47245, ' for':369, ' In':758, 'ou':283, 'e':68, ' Re':1032, 'iko':23630, ' (':320, 'female':42634, ')':8, ' from':504, ' the':279, ' Indonesian':58829, ' ':220, '1':16, '9':24, '4':19, '0':15, 's':82, ' context':2266, '.':13, ' She':2932, ' was':572, ' born':9223, ' in':304, ' Japan':6323, ' during':2337, ' World':4337, ' War':5004, ' II':7946, ' but':714, ' later':2937, ' moved':7726, ' to':311, ' Bal':19420, 'ik':1579, 'p':79, 'apan':5359, ' as':438, ' part':949, ' of':315, ' the':279, ' Japanese':10769, ' occupation':29647, ' administration':8567, '.':382, 'In':641, 'ou':283, 'e':68, ' Re':1032, 'iko':23630 ]
[1786180977] n_remain: 290
[1786180977] eval: [ 'iko':23630 ]
[1786180977] n_past = 4390
[1786180977] last: [ ' Based':20205, ' on':389, ' your':697, ' request':1681, ',':11, ' here':1588, ''s':594, ' a':264, ' concise':63594, ' and':323, ' engaging':22570, ' character':3668, ' biography':47245, ' for':369, ' In':758, 'ou':283, 'e':68, ' Re':1032, 'iko':23630, ' (':320, 'female':42634, ')':8, ' from':504, ' the':279, ' Indonesian':58829, ' ':220, '1':16, '9':24, '4':19, '0':15, 's':82, ' context':2266, '.':13, ' She':2932, ' was':572, ' born':9223, ' in':304, ' Japan':6323, ' during':2337, ' World':4337, ' War':5004, ' II':7946, ' but':714, ' later':2937, ' moved':7726, ' to':311, ' Bal':19420, 'ik':1579, 'p':79, 'apan':5359, ' as':438, ' part':949, ' of':315, ' the':279, ' Japanese':10769, ' occupation':29647, ' administration':8567, '.':382, 'In':641, 'ou':283, 'e':68, ' Re':1032, 'iko':23630, ' -':481 ]
[1786180977] n_remain: 289
[1786180977] eval: [ ' -':481 ]
[1786180977] n_past = 4391
[1786180977] last: [ ' on':389, ' your':697, ' request':1681, ',':11, ' here':1588, ''s':594, ' a':264, ' concise':63594, ' and':323, ' engaging':22570, ' character':3668, ' biography':47245, ' for':369, ' In':758, 'ou':283, 'e':68, ' Re':1032, 'iko':23630, ' (':320, 'female':42634, ')':8, ' from':504, ' the':279, ' Indonesian':58829, ' ':220, '1':16, '9':24, '4':19, '0':15, 's':82, ' context':2266, '.':13, ' She':2932, ' was':572, ' born':9223, ' in':304, ' Japan':6323, ' during':2337, ' World':4337, ' War':5004, ' II':7946, ' but':714, ' later':2937, ' moved':7726, ' to':311, ' Bal':19420, 'ik':1579, 'p':79, 'apan':5359, ' as':438, ' part':949, ' of':315, ' the':279, ' Japanese':10769, ' occupation':29647, ' administration':8567, '.':382, 'In':641, 'ou':283, 'e':68, ' Re':1032, 'iko':23630, ' -':481, ' A':362 ]
[1786180977] n_remain: 288
[1786180977] eval: [ ' A':362 ]
[1786180978] n_past = 4392
[1786180978] last: [ ' your':697, ' request':1681, ',':11, ' here':1588, ''s':594, ' a':264, ' concise':63594, ' and':323, ' engaging':22570, ' character':3668, ' biography':47245, ' for':369, ' In':758, 'ou':283, 'e':68, ' Re':1032, 'iko':23630, ' (':320, 'female':42634, ')':8, ' from':504, ' the':279, ' Indonesian':58829, ' ':220, '1':16, '9':24, '4':19, '0':15, 's':82, ' context':2266, '.':13, ' She':2932, ' was':572, ' born':9223, ' in':304, ' Japan':6323, ' during':2337, ' World':4337, ' War':5004, ' II':7946, ' but':714, ' later':2937, ' moved':7726, ' to':311, ' Bal':19420, 'ik':1579, 'p':79, 'apan':5359, ' as':438, ' part':949, ' of':315, ' the':279, ' Japanese':10769, ' occupation':29647, ' administration':8567, '.':382, 'In':641, 'ou':283, 'e':68, ' Re':1032, 'iko':23630, ' -':481, ' A':362, ' Female':28638 ]
[1786180978] n_remain: 287
[1786180978] eval: [ ' Female':28638 ]
[1786180978] n_past = 4393
[1786180978] last: [ ' request':1681, ',':11, ' here':1588, ''s':594, ' a':264, ' concise':63594, ' and':323, ' engaging':22570, ' character':3668, ' biography':47245, ' for':369, ' In':758, 'ou':283, 'e':68, ' Re':1032, 'iko':23630, ' (':320, 'female':42634, ')':8, ' from':504, ' the':279, ' Indonesian':58829, ' ':220, '1':16, '9':24, '4':19, '0':15, 's':82, ' context':2266, '.':13, ' She':2932, ' was':572, ' born':9223, ' in':304, ' Japan':6323, ' during':2337, ' World':4337, ' War':5004, ' II':7946, ' but':714, ' later':2937, ' moved':7726, ' to':311, ' Bal':19420, 'ik':1579, 'p':79, 'apan':5359, ' as':438, ' part':949, ' of':315, ' the':279, ' Japanese':10769, ' occupation':29647, ' administration':8567, '.':382, 'In':641, 'ou':283, 'e':68, ' Re':1032, 'iko':23630, ' -':481, ' A':362, ' Female':28638, ' Character':15633 ]
[1786180978] n_remain: 286
[1786180978] eval: [ ' Character':15633 ]
[1786180978] n_past = 4394
[1786180978] last: [ ',':11, ' here':1588, ''s':594, ' a':264, ' concise':63594, ' and':323, ' engaging':22570, ' character':3668, ' biography':47245, ' for':369, ' In':758, 'ou':283, 'e':68, ' Re':1032, 'iko':23630, ' (':320, 'female':42634, ')':8, ' from':504, ' the':279, ' Indonesian':58829, ' ':220, '1':16, '9':24, '4':19, '0':15, 's':82, ' context':2266, '.':13, ' She':2932, ' was':572, ' born':9223, ' in':304, ' Japan':6323, ' during':2337, ' World':4337, ' War':5004, ' II':7946, ' but':714, ' later':2937, ' moved':7726, ' to':311, ' Bal':19420, 'ik':1579, 'p':79, 'apan':5359, ' as':438, ' part':949, ' of':315, ' the':279, ' Japanese':10769, ' occupation':29647, ' administration':8567, '.':382, 'In':641, 'ou':283, 'e':68, ' Re':1032, 'iko':23630, ' -':481, ' A':362, ' Female':28638, ' Character':15633, ' Biography':78169 ]
[1786180978] n_remain: 285
[1786180978] eval: [ ' Biography':78169 ]
[1786180978] n_past = 4395
[1786180978] last: [ ' here':1588, ''s':594, ' a':264, ' concise':63594, ' and':323, ' engaging':22570, ' character':3668, ' biography':47245, ' for':369, ' In':758, 'ou':283, 'e':68, ' Re':1032, 'iko':23630, ' (':320, 'female':42634, ')':8, ' from':504, ' the':279, ' Indonesian':58829, ' ':220, '1':16, '9':24, '4':19, '0':15, 's':82, ' context':2266, '.':13, ' She':2932, ' was':572, ' born':9223, ' in':304, ' Japan':6323, ' during':2337, ' World':4337, ' War':5004, ' II':7946, ' but':714, ' later':2937, ' moved':7726, ' to':311, ' Bal':19420, 'ik':1579, 'p':79, 'apan':5359, ' as':438, ' part':949, ' of':315, ' the':279, ' Japanese':10769, ' occupation':29647, ' administration':8567, '.':382, 'In':641, 'ou':283, 'e':68, ' Re':1032, 'iko':23630, ' -':481, ' A':362, ' Female':28638, ' Character':15633, ' Biography':78169, '':271 ]
[1786180978] n_remain: 284
[1786180978] eval: [ '':271 ]
[1786180978] n_past = 4396
[1786180978] last: [ ''s':594, ' a':264, ' concise':63594, ' and':323, ' engaging':22570, ' character':3668, ' biography':47245, ' for':369, ' In':758, 'ou':283, 'e':68, ' Re':1032, 'iko':23630, ' (':320, 'female':42634, ')':8, ' from':504, ' the':279, ' Indonesian':58829, ' ':220, '1':16, '9':24, '4':19, '0':15, 's':82, ' context':2266, '.':13, ' She':2932, ' was':572, ' born':9223, ' in':304, ' Japan':6323, ' during':2337, ' World':4337, ' War':5004, ' II':7946, ' but':714, ' later':2937, ' moved':7726, ' to':311, ' Bal':19420, 'ik':1579, 'p':79, 'apan':5359, ' as':438, ' part':949, ' of':315, ' the':279, ' Japanese':10769, ' occupation':29647, ' administration':8567, '.':382, 'In':641, 'ou':283, 'e':68, ' Re':1032, 'iko':23630, ' -':481, ' A':362, ' Female':28638, ' Character':15633, ' Biography':78169, '':271, 'Introduction':37155 ]
[1786180978] n_remain: 283
[1786180978] eval: [ 'Introduction':37155 ]
[1786180979] n_past = 4397
[1786180979] last: [ ' a':264, ' concise':63594, ' and':323, ' engaging':22570, ' character':3668, ' biography':47245, ' for':369, ' In':758, 'ou':283, 'e':68, ' Re':1032, 'iko':23630, ' (':320, 'female':42634, ')':8, ' from':504, ' the':279, ' Indonesian':58829, ' ':220, '1':16, '9':24, '4':19, '0':15, 's':82, ' context':2266, '.':13, ' She':2932, ' was':572, ' born':9223, ' in':304, ' Japan':6323, ' during':2337, ' World':4337, ' War':5004, ' II':7946, ' but':714, ' later':2937, ' moved':7726, ' to':311, ' Bal':19420, 'ik':1579, 'p':79, 'apan':5359, ' as':438, ' part':949, ' of':315, ' the':279, ' Japanese':10769, ' occupation':29647, ' administration':8567, '.':382, 'In':641, 'ou':283, 'e':68, ' Re':1032, 'iko':23630, ' -':481, ' A':362, ' Female':28638, ' Character':15633, ' Biography':78169, '':271, 'Introduction':37155, ':':510 ]
[1786180979] n_remain: 282
[1786180979] eval: [ ':':510 ]
[1786180979] n_past = 4398
[1786180979] last: [ ' concise':63594, ' and':323, ' engaging':22570, ' character':3668, ' biography':47245, ' for':369, ' In':758, 'ou':283, 'e':68, ' Re':1032, 'iko':23630, ' (':320, 'female':42634, ')':8, ' from':504, ' the':279, ' Indonesian':58829, ' ':220, '1':16, '9':24, '4':19, '0':15, 's':82, ' context':2266, '.':13, ' She':2932, ' was':572, ' born':9223, ' in':304, ' Japan':6323, ' during':2337, ' World':4337, ' War':5004, ' II':7946, ' but':714, ' later':2937, ' moved':7726, ' to':311, ' Bal':19420, 'ik':1579, 'p':79, 'apan':5359, ' as':438, ' part':949, ' of':315, ' the':279, ' Japanese':10769, ' occupation':29647, ' administration':8567, '.':382, 'In':641, 'ou':283, 'e':68, ' Re':1032, 'iko':23630, ' -':481, ' A':362, ' Female':28638, ' Character':15633, ' Biography':78169, '':271, 'Introduction':37155, ':':510, 'As':2121 ]
[1786180979] n_remain: 281
[1786180979] eval: [ 'As':2121 ]
[1786180979] n_past = 4399
[1786180979] last: [ ' and':323, ' engaging':22570, ' character':3668, ' biography':47245, ' for':369, ' In':758, 'ou':283, 'e':68, ' Re':1032, 'iko':23630, ' (':320, 'female':42634, ')':8, ' from':504, ' the':279, ' Indonesian':58829, ' ':220, '1':16, '9':24, '4':19, '0':15, 's':82, ' context':2266, '.':13, ' She':2932, ' was':572, ' born':9223, ' in':304, ' Japan':6323, ' during':2337, ' World':4337, ' War':5004, ' II':7946, ' but':714, ' later':2937, ' moved':7726, ' to':311, ' Bal':19420, 'ik':1579, 'p':79, 'apan':5359, ' as':438, ' part':949, ' of':315, ' the':279, ' Japanese':10769, ' occupation':29647, ' administration':8567, '.':382, 'In':641, 'ou':283, 'e':68, ' Re':1032, 'iko':23630, ' -':481, ' A':362, ' Female':28638, ' Character':15633, ' Biography':78169, '':271, 'Introduction':37155, ':':510, 'As':2121, ' a':264 ]
[1786180979] n_remain: 280
[1786180979] eval: [ ' a':264 ]
[1786180979] n_past = 4400
[1786180979] last: [ ' engaging':22570, ' character':3668, ' biography':47245, ' for':369, ' In':758, 'ou':283, 'e':68, ' Re':1032, 'iko':23630, ' (':320, 'female':42634, ')':8, ' from':504, ' the':279, ' Indonesian':58829, ' ':220, '1':16, '9':24, '4':19, '0':15, 's':82, ' context':2266, '.':13, ' She':2932, ' was':572, ' born':9223, ' in':304, ' Japan':6323, ' during':2337, ' World':4337, ' War':5004, ' II':7946, ' but':714, ' later':2937, ' moved':7726, ' to':311, ' Bal':19420, 'ik':1579, 'p':79, 'apan':5359, ' as':438, ' part':949, ' of':315, ' the':279, ' Japanese':10769, ' occupation':29647, ' administration':8567, '.':382, 'In':641, 'ou':283, 'e':68, ' Re':1032, 'iko':23630, ' -':481, ' A':362, ' Female':28638, ' Character':15633, ' Biography':78169, '':271, 'Introduction':37155, ':':510, 'As':2121, ' a':264, ' female':8778 ]
[1786180979] n_remain: 279
[1786180979] eval: [ ' female':8778 ]
[1786180979] n_past = 4401
[1786180979] last: [ ' character':3668, ' biography':47245, ' for':369, ' In':758, 'ou':283, 'e':68, ' Re':1032, 'iko':23630, ' (':320, 'female':42634, ')':8, ' from':504, ' the':279, ' Indonesian':58829, ' ':220, '1':16, '9':24, '4':19, '0':15, 's':82, ' context':2266, '.':13, ' She':2932, ' was':572, ' born':9223, ' in':304, ' Japan':6323, ' during':2337, ' World':4337, ' War':5004, ' II':7946, ' but':714, ' later':2937, ' moved':7726, ' to':311, ' Bal':19420, 'ik':1579, 'p':79, 'apan':5359, ' as':438, ' part':949, ' of':315, ' the':279, ' Japanese':10769, ' occupation':29647, ' administration':8567, '.':382, 'In':641, 'ou':283, 'e':68, ' Re':1032, 'iko':23630, ' -':481, ' A':362, ' Female':28638, ' Character':15633, ' Biography':78169, '':271, 'Introduction':37155, ':':510, 'As':2121, ' a':264, ' female':8778, ' member':4462 ]
[1786180979] n_remain: 278
[1786180979] eval: [ ' member':4462 ]
[1786180980] n_past = 4402
[1786180980] last: [ ' biography':47245, ' for':369, ' In':758, 'ou':283, 'e':68, ' Re':1032, 'iko':23630, ' (':320, 'female':42634, ')':8, ' from':504, ' the':279, ' Indonesian':58829, ' ':220, '1':16, '9':24, '4':19, '0':15, 's':82, ' context':2266, '.':13, ' She':2932, ' was':572, ' born':9223, ' in':304, ' Japan':6323, ' during':2337, ' World':4337, ' War':5004, ' II':7946, ' but':714, ' later':2937, ' moved':7726, ' to':311, ' Bal':19420, 'ik':1579, 'p':79, 'apan':5359, ' as':438, ' part':949, ' of':315, ' the':279, ' Japanese':10769, ' occupation':29647, ' administration':8567, '.':382, 'In':641, 'ou':283, 'e':68, ' Re':1032, 'iko':23630, ' -':481, ' A':362, ' Female':28638, ' Character':15633, ' Biography':78169, '':271, 'Introduction':37155, ':':510, 'As':2121, ' a':264, ' female':8778, ' member':4462, ' of':315 ]
[1786180980] n_remain: 277
[1786180980] eval: [ ' of':315 ]
[1786180980] n_past = 4403
[1786180980] last: [ ' for':369, ' In':758, 'ou':283, 'e':68, ' Re':1032, 'iko':23630, ' (':320, 'female':42634, ')':8, ' from':504, ' the':279, ' Indonesian':58829, ' ':220, '1':16, '9':24, '4':19, '0':15, 's':82, ' context':2266, '.':13, ' She':2932, ' was':572, ' born':9223, ' in':304, ' Japan':6323, ' during':2337, ' World':4337, ' War':5004, ' II':7946, ' but':714, ' later':2937, ' moved':7726, ' to':311, ' Bal':19420, 'ik':1579, 'p':79, 'apan':5359, ' as':438, ' part':949, ' of':315, ' the':279, ' Japanese':10769, ' occupation':29647, ' administration':8567, '.':382, 'In':641, 'ou':283, 'e':68, ' Re':1032, 'iko':23630, ' -':481, ' A':362, ' Female':28638, ' Character':15633, ' Biography':78169, '':271, 'Introduction':37155, ':':510, 'As':2121, ' a':264, ' female':8778, ' member':4462, ' of':315, ' the':279 ]
[1786180980] n_remain: 276
[1786180980] eval: [ ' the':279 ]
[1786180980] n_past = 4404
[1786180980] last: [ ' In':758, 'ou':283, 'e':68, ' Re':1032, 'iko':23630, ' (':320, 'female':42634, ')':8, ' from':504, ' the':279, ' Indonesian':58829, ' ':220, '1':16, '9':24, '4':19, '0':15, 's':82, ' context':2266, '.':13, ' She':2932, ' was':572, ' born':9223, ' in':304, ' Japan':6323, ' during':2337, ' World':4337, ' War':5004, ' II':7946, ' but':714, ' later':2937, ' moved':7726, ' to':311, ' Bal':19420, 'ik':1579, 'p':79, 'apan':5359, ' as':438, ' part':949, ' of':315, ' the':279, ' Japanese':10769, ' occupation':29647, ' administration':8567, '.':382, 'In':641, 'ou':283, 'e':68, ' Re':1032, 'iko':23630, ' -':481, ' A':362, ' Female':28638, ' Character':15633, ' Biography':78169, '':271, 'Introduction':37155, ':':510, 'As':2121, ' a':264, ' female':8778, ' member':4462, ' of':315, ' the':279, ' Dutch':23234 ]
[1786180980] n_remain: 275
[1786180980] eval: [ ' Dutch':23234 ]
[1786180980] n_past = 4405
[1786180980] last: [ 'ou':283, 'e':68, ' Re':1032, 'iko':23630, ' (':320, 'female':42634, ')':8, ' from':504, ' the':279, ' Indonesian':58829, ' ':220, '1':16, '9':24, '4':19, '0':15, 's':82, ' context':2266, '.':13, ' She':2932, ' was':572, ' born':9223, ' in':304, ' Japan':6323, ' during':2337, ' World':4337, ' War':5004, ' II':7946, ' but':714, ' later':2937, ' moved':7726, ' to':311, ' Bal':19420, 'ik':1579, 'p':79, 'apan':5359, ' as':438, ' part':949, ' of':315, ' the':279, ' Japanese':10769, ' occupation':29647, ' administration':8567, '.':382, 'In':641, 'ou':283, 'e':68, ' Re':1032, 'iko':23630, ' -':481, ' A':362, ' Female':28638, ' Character':15633, ' Biography':78169, '':271, 'Introduction':37155, ':':510, 'As':2121, ' a':264, ' female':8778, ' member':4462, ' of':315, ' the':279, ' Dutch':23234, ' colonial':36583 ]
[1786180980] n_remain: 274
[1786180980] eval: [ ' colonial':36583 ]
[1786180981] n_past = 4406
[1786180981] last: [ 'e':68, ' Re':1032, 'iko':23630, ' (':320, 'female':42634, ')':8, ' from':504, ' the':279, ' Indonesian':58829, ' ':220, '1':16, '9':24, '4':19, '0':15, 's':82, ' context':2266, '.':13, ' She':2932, ' was':572, ' born':9223, ' in':304, ' Japan':6323, ' during':2337, ' World':4337, ' War':5004, ' II':7946, ' but':714, ' later':2937, ' moved':7726, ' to':311, ' Bal':19420, 'ik':1579, 'p':79, 'apan':5359, ' as':438, ' part':949, ' of':315, ' the':279, ' Japanese':10769, ' occupation':29647, ' administration':8567, '.':382, 'In':641, 'ou':283, 'e':68, ' Re':1032, 'iko':23630, ' -':481, ' A':362, ' Female':28638, ' Character':15633, ' Biography':78169, '':271, 'Introduction':37155, ':':510, 'As':2121, ' a':264, ' female':8778, ' member':4462, ' of':315, ' the':279, ' Dutch':23234, ' colonial':36583, ' society':8232 ]
[1786180981] n_remain: 273
[1786180981] eval: [ ' society':8232 ]
[1786180981] n_past = 4407
[1786180981] last: [ ' Re':1032, 'iko':23630, ' (':320, 'female':42634, ')':8, ' from':504, ' the':279, ' Indonesian':58829, ' ':220, '1':16, '9':24, '4':19, '0':15, 's':82, ' context':2266, '.':13, ' She':2932, ' was':572, ' born':9223, ' in':304, ' Japan':6323, ' during':2337, ' World':4337, ' War':5004, ' II':7946, ' but':714, ' later':2937, ' moved':7726, ' to':311, ' Bal':19420, 'ik':1579, 'p':79, 'apan':5359, ' as':438, ' part':949, ' of':315, ' the':279, ' Japanese':10769, ' occupation':29647, ' administration':8567, '.':382, 'In':641, 'ou':283, 'e':68, ' Re':1032, 'iko':23630, ' -':481, ' A':362, ' Female':28638, ' Character':15633, ' Biography':78169, '':271, 'Introduction':37155, ':':510, 'As':2121, ' a':264, ' female':8778, ' member':4462, ' of':315, ' the':279, ' Dutch':23234, ' colonial':36583, ' society':8232, ',':11 ]
[1786180981] n_remain: 272
[1786180981] eval: [ ',':11 ]
[1786180981] n_past = 4408
[1786180981] last: [ 'iko':23630, ' (':320, 'female':42634, ')':8, ' from':504, ' the':279, ' Indonesian':58829, ' ':220, '1':16, '9':24, '4':19, '0':15, 's':82, ' context':2266, '.':13, ' She':2932, ' was':572, ' born':9223, ' in':304, ' Japan':6323, ' during':2337, ' World':4337, ' War':5004, ' II':7946, ' but':714, ' later':2937, ' moved':7726, ' to':311, ' Bal':19420, 'ik':1579, 'p':79, 'apan':5359, ' as':438, ' part':949, ' of':315, ' the':279, ' Japanese':10769, ' occupation':29647, ' administration':8567, '.':382, 'In':641, 'ou':283, 'e':68, ' Re':1032, 'iko':23630, ' -':481, ' A':362, ' Female':28638, ' Character':15633, ' Biography':78169, '':271, 'Introduction':37155, ':':510, 'As':2121, ' a':264, ' female':8778, ' member':4462, ' of':315, ' the':279, ' Dutch':23234, ' colonial':36583, ' society':8232, ',':11, ' In':758 ]
[1786180981] n_remain: 271
[1786180981] eval: [ ' In':758 ]
[1786180981] n_past = 4409
[1786180981] last: [ ' (':320, 'female':42634, ')':8, ' from':504, ' the':279, ' Indonesian':58829, ' ':220, '1':16, '9':24, '4':19, '0':15, 's':82, ' context':2266, '.':13, ' She':2932, ' was':572, ' born':9223, ' in':304, ' Japan':6323, ' during':2337, ' World':4337, ' War':5004, ' II':7946, ' but':714, ' later':2937, ' moved':7726, ' to':311, ' Bal':19420, 'ik':1579, 'p':79, 'apan':5359, ' as':438, ' part':949, ' of':315, ' the':279, ' Japanese':10769, ' occupation':29647, ' administration':8567, '.':382, 'In':641, 'ou':283, 'e':68, ' Re':1032, 'iko':23630, ' -':481, ' A':362, ' Female':28638, ' Character':15633, ' Biography':78169, '':271, 'Introduction':37155, ':':510, 'As':2121, ' a':264, ' female':8778, ' member':4462, ' of':315, ' the':279, ' Dutch':23234, ' colonial':36583, ' society':8232, ',':11, ' In':758, 'ou':283 ]
[1786180981] n_remain: 270
[1786180981] eval: [ 'ou':283 ]
[1786180981] n_past = 4410
[1786180981] last: [ 'female':42634, ')':8, ' from':504, ' the':279, ' Indonesian':58829, ' ':220, '1':16, '9':24, '4':19, '0':15, 's':82, ' context':2266, '.':13, ' She':2932, ' was':572, ' born':9223, ' in':304, ' Japan':6323, ' during':2337, ' World':4337, ' War':5004, ' II':7946, ' but':714, ' later':2937, ' moved':7726, ' to':311, ' Bal':19420, 'ik':1579, 'p':79, 'apan':5359, ' as':438, ' part':949, ' of':315, ' the':279, ' Japanese':10769, ' occupation':29647, ' administration':8567, '.':382, 'In':641, 'ou':283, 'e':68, ' Re':1032, 'iko':23630, ' -':481, ' A':362, ' Female':28638, ' Character':15633, ' Biography':78169, '':271, 'Introduction':37155, ':':510, 'As':2121, ' a':264, ' female':8778, ' member':4462, ' of':315, ' the':279, ' Dutch':23234, ' colonial':36583, ' society':8232, ',':11, ' In':758, 'ou':283, 'e':68 ]
[1786180981] n_remain: 269
[1786180981] eval: [ 'e':68 ]
[1786180982] n_past = 4411
[1786180982] last: [ ')':8, ' from':504, ' the':279, ' Indonesian':58829, ' ':220, '1':16, '9':24, '4':19, '0':15, 's':82, ' context':2266, '.':13, ' She':2932, ' was':572, ' born':9223, ' in':304, ' Japan':6323, ' during':2337, ' World':4337, ' War':5004, ' II':7946, ' but':714, ' later':2937, ' moved':7726, ' to':311, ' Bal':19420, 'ik':1579, 'p':79, 'apan':5359, ' as':438, ' part':949, ' of':315, ' the':279, ' Japanese':10769, ' occupation':29647, ' administration':8567, '.':382, 'In':641, 'ou':283, 'e':68, ' Re':1032, 'iko':23630, ' -':481, ' A':362, ' Female':28638, ' Character':15633, ' Biography':78169, '':271, 'Introduction':37155, ':':510, 'As':2121, ' a':264, ' female':8778, ' member':4462, ' of':315, ' the':279, ' Dutch':23234, ' colonial':36583, ' society':8232, ',':11, ' In':758, 'ou':283, 'e':68, ' Re':1032 ]
[1786180982] n_remain: 268
[1786180982] eval: [ ' Re':1032 ]
[1786180982] n_past = 4412
[1786180982] last: [ ' from':504, ' the':279, ' Indonesian':58829, ' ':220, '1':16, '9':24, '4':19, '0':15, 's':82, ' context':2266, '.':13, ' She':2932, ' was':572, ' born':9223, ' in':304, ' Japan':6323, ' during':2337, ' World':4337, ' War':5004, ' II':7946, ' but':714, ' later':2937, ' moved':7726, ' to':311, ' Bal':19420, 'ik':1579, 'p':79, 'apan':5359, ' as':438, ' part':949, ' of':315, ' the':279, ' Japanese':10769, ' occupation':29647, ' administration':8567, '.':382, 'In':641, 'ou':283, 'e':68, ' Re':1032, 'iko':23630, ' -':481, ' A':362, ' Female':28638, ' Character':15633, ' Biography':78169, '':271, 'Introduction':37155, ':':510, 'As':2121, ' a':264, ' female':8778, ' member':4462, ' of':315, ' the':279, ' Dutch':23234, ' colonial':36583, ' society':8232, ',':11, ' In':758, 'ou':283, 'e':68, ' Re':1032, 'iko':23630 ]
[1786180982] n_remain: 267
[1786180982] eval: [ 'iko':23630 ]
[1786180982] n_past = 4413
[1786180982] last: [ ' the':279, ' Indonesian':58829, ' ':220, '1':16, '9':24, '4':19, '0':15, 's':82, ' context':2266, '.':13, ' She':2932, ' was':572, ' born':9223, ' in':304, ' Japan':6323, ' during':2337, ' World':4337, ' War':5004, ' II':7946, ' but':714, ' later':2937, ' moved':7726, ' to':311, ' Bal':19420, 'ik':1579, 'p':79, 'apan':5359, ' as':438, ' part':949, ' of':315, ' the':279, ' Japanese':10769, ' occupation':29647, ' administration':8567, '.':382, 'In':641, 'ou':283, 'e':68, ' Re':1032, 'iko':23630, ' -':481, ' A':362, ' Female':28638, ' Character':15633, ' Biography':78169, '':271, 'Introduction':37155, ':':510, 'As':2121, ' a':264, ' female':8778, ' member':4462, ' of':315, ' the':279, ' Dutch':23234, ' colonial':36583, ' society':8232, ',':11, ' In':758, 'ou':283, 'e':68, ' Re':1032, 'iko':23630, ' (':320 ]
[1786180982] n_remain: 266
[1786180982] eval: [ ' (':320 ]
[1786180982] n_past = 4414
[1786180982] last: [ ' Indonesian':58829, ' ':220, '1':16, '9':24, '4':19, '0':15, 's':82, ' context':2266, '.':13, ' She':2932, ' was':572, ' born':9223, ' in':304, ' Japan':6323, ' during':2337, ' World':4337, ' War':5004, ' II':7946, ' but':714, ' later':2937, ' moved':7726, ' to':311, ' Bal':19420, 'ik':1579, 'p':79, 'apan':5359, ' as':438, ' part':949, ' of':315, ' the':279, ' Japanese':10769, ' occupation':29647, ' administration':8567, '.':382, 'In':641, 'ou':283, 'e':68, ' Re':1032, 'iko':23630, ' -':481, ' A':362, ' Female':28638, ' Character':15633, ' Biography':78169, '':271, 'Introduction':37155, ':':510, 'As':2121, ' a':264, ' female':8778, ' member':4462, ' of':315, ' the':279, ' Dutch':23234, ' colonial':36583, ' society':8232, ',':11, ' In':758, 'ou':283, 'e':68, ' Re':1032, 'iko':23630, ' (':320, 'female':42634 ]
[1786180982] n_remain: 265
[1786180982] eval: [ 'female':42634 ]
[1786180982] n_past = 4415
[1786180982] last: [ ' ':220, '1':16, '9':24, '4':19, '0':15, 's':82, ' context':2266, '.':13, ' She':2932, ' was':572, ' born':9223, ' in':304, ' Japan':6323, ' during':2337, ' World':4337, ' War':5004, ' II':7946, ' but':714, ' later':2937, ' moved':7726, ' to':311, ' Bal':19420, 'ik':1579, 'p':79, 'apan':5359, ' as':438, ' part':949, ' of':315, ' the':279, ' Japanese':10769, ' occupation':29647, ' administration':8567, '.':382, 'In':641, 'ou':283, 'e':68, ' Re':1032, 'iko':23630, ' -':481, ' A':362, ' Female':28638, ' Character':15633, ' Biography':78169, '':271, 'Introduction':37155, ':':510, 'As':2121, ' a':264, ' female':8778, ' member':4462, ' of':315, ' the':279, ' Dutch':23234, ' colonial':36583, ' society':8232, ',':11, ' In':758, 'ou':283, 'e':68, ' Re':1032, 'iko':23630, ' (':320, 'female':42634, ')':8 ]
[1786180982] n_remain: 264
[1786180982] eval: [ ')':8 ]
[1786180983] n_past = 4416
[1786180983] last: [ '1':16, '9':24, '4':19, '0':15, 's':82, ' context':2266, '.':13, ' She':2932, ' was':572, ' born':9223, ' in':304, ' Japan':6323, ' during':2337, ' World':4337, ' War':5004, ' II':7946, ' but':714, ' later':2937, ' moved':7726, ' to':311, ' Bal':19420, 'ik':1579, 'p':79, 'apan':5359, ' as':438, ' part':949, ' of':315, ' the':279, ' Japanese':10769, ' occupation':29647, ' administration':8567, '.':382, 'In':641, 'ou':283, 'e':68, ' Re':1032, 'iko':23630, ' -':481, ' A':362, ' Female':28638, ' Character':15633, ' Biography':78169, '':271, 'Introduction':37155, ':':510, 'As':2121, ' a':264, ' female':8778, ' member':4462, ' of':315, ' the':279, ' Dutch':23234, ' colonial':36583, ' society':8232, ',':11, ' In':758, 'ou':283, 'e':68, ' Re':1032, 'iko':23630, ' (':320, 'female':42634, ')':8, ' found':1730 ]
[1786180983] n_remain: 263
[1786180983] eval: [ ' found':1730 ]
[1786180983] n_past = 4417
[1786180983] last: [ '9':24, '4':19, '0':15, 's':82, ' context':2266, '.':13, ' She':2932, ' was':572, ' born':9223, ' in':304, ' Japan':6323, ' during':2337, ' World':4337, ' War':5004, ' II':7946, ' but':714, ' later':2937, ' moved':7726, ' to':311, ' Bal':19420, 'ik':1579, 'p':79, 'apan':5359, ' as':438, ' part':949, ' of':315, ' the':279, ' Japanese':10769, ' occupation':29647, ' administration':8567, '.':382, 'In':641, 'ou':283, 'e':68, ' Re':1032, 'iko':23630, ' -':481, ' A':362, ' Female':28638, ' Character':15633, ' Biography':78169, '':271, 'Introduction':37155, ':':510, 'As':2121, ' a':264, ' female':8778, ' member':4462, ' of':315, ' the':279, ' Dutch':23234, ' colonial':36583, ' society':8232, ',':11, ' In':758, 'ou':283, 'e':68, ' Re':1032, 'iko':23630, ' (':320, 'female':42634, ')':8, ' found':1730, ' herself':11675 ]
[1786180983] n_remain: 262
[1786180983] eval: [ ' herself':11675 ]
[1786180983] n_past = 4418
[1786180983] last: [ '4':19, '0':15, 's':82, ' context':2266, '.':13, ' She':2932, ' was':572, ' born':9223, ' in':304, ' Japan':6323, ' during':2337, ' World':4337, ' War':5004, ' II':7946, ' but':714, ' later':2937, ' moved':7726, ' to':311, ' Bal':19420, 'ik':1579, 'p':79, 'apan':5359, ' as':438, ' part':949, ' of':315, ' the':279, ' Japanese':10769, ' occupation':29647, ' administration':8567, '.':382, 'In':641, 'ou':283, 'e':68, ' Re':1032, 'iko':23630, ' -':481, ' A':362, ' Female':28638, ' Character':15633, ' Biography':78169, '':271, 'Introduction':37155, ':':510, 'As':2121, ' a':264, ' female':8778, ' member':4462, ' of':315, ' the':279, ' Dutch':23234, ' colonial':36583, ' society':8232, ',':11, ' In':758, 'ou':283, 'e':68, ' Re':1032, 'iko':23630, ' (':320, 'female':42634, ')':8, ' found':1730, ' herself':11675, ' thrust':29885 ]
[1786180983] n_remain: 261
[1786180983] eval: [ ' thrust':29885 ]
[1786180983] n_past = 4419
[1786180983] last: [ '0':15, 's':82, ' context':2266, '.':13, ' She':2932, ' was':572, ' born':9223, ' in':304, ' Japan':6323, ' during':2337, ' World':4337, ' War':5004, ' II':7946, ' but':714, ' later':2937, ' moved':7726, ' to':311, ' Bal':19420, 'ik':1579, 'p':79, 'apan':5359, ' as':438, ' part':949, ' of':315, ' the':279, ' Japanese':10769, ' occupation':29647, ' administration':8567, '.':382, 'In':641, 'ou':283, 'e':68, ' Re':1032, 'iko':23630, ' -':481, ' A':362, ' Female':28638, ' Character':15633, ' Biography':78169, '':271, 'Introduction':37155, ':':510, 'As':2121, ' a':264, ' female':8778, ' member':4462, ' of':315, ' the':279, ' Dutch':23234, ' colonial':36583, ' society':8232, ',':11, ' In':758, 'ou':283, 'e':68, ' Re':1032, 'iko':23630, ' (':320, 'female':42634, ')':8, ' found':1730, ' herself':11675, ' thrust':29885, ' into':1119 ]
[1786180983] n_remain: 260
[1786180983] eval: [ ' into':1119 ]
[1786180984] n_past = 4420
[1786180984] last: [ 's':82, ' context':2266, '.':13, ' She':2932, ' was':572, ' born':9223, ' in':304, ' Japan':6323, ' during':2337, ' World':4337, ' War':5004, ' II':7946, ' but':714, ' later':2937, ' moved':7726, ' to':311, ' Bal':19420, 'ik':1579, 'p':79, 'apan':5359, ' as':438, ' part':949, ' of':315, ' the':279, ' Japanese':10769, ' occupation':29647, ' administration':8567, '.':382, 'In':641, 'ou':283, 'e':68, ' Re':1032, 'iko':23630, ' -':481, ' A':362, ' Female':28638, ' Character':15633, ' Biography':78169, '':271, 'Introduction':37155, ':':510, 'As':2121, ' a':264, ' female':8778, ' member':4462, ' of':315, ' the':279, ' Dutch':23234, ' colonial':36583, ' society':8232, ',':11, ' In':758, 'ou':283, 'e':68, ' Re':1032, 'iko':23630, ' (':320, 'female':42634, ')':8, ' found':1730, ' herself':11675, ' thrust':29885, ' into':1119, ' the':279 ]
[1786180984] n_remain: 259
[1786180984] eval: [ ' the':279 ]
[1786180984] n_past = 4421
[1786180984] last: [ ' context':2266, '.':13, ' She':2932, ' was':572, ' born':9223, ' in':304, ' Japan':6323, ' during':2337, ' World':4337, ' War':5004, ' II':7946, ' but':714, ' later':2937, ' moved':7726, ' to':311, ' Bal':19420, 'ik':1579, 'p':79, 'apan':5359, ' as':438, ' part':949, ' of':315, ' the':279, ' Japanese':10769, ' occupation':29647, ' administration':8567, '.':382, 'In':641, 'ou':283, 'e':68, ' Re':1032, 'iko':23630, ' -':481, ' A':362, ' Female':28638, ' Character':15633, ' Biography':78169, '':271, 'Introduction':37155, ':':510, 'As':2121, ' a':264, ' female':8778, ' member':4462, ' of':315, ' the':279, ' Dutch':23234, ' colonial':36583, ' society':8232, ',':11, ' In':758, 'ou':283, 'e':68, ' Re':1032, 'iko':23630, ' (':320, 'female':42634, ')':8, ' found':1730, ' herself':11675, ' thrust':29885, ' into':1119, ' the':279, ' chaos':26915 ]
[1786180984] n_remain: 258
[1786180984] eval: [ ' chaos':26915 ]
[1786180984] n_past = 4422
[1786180984] last: [ '.':13, ' She':2932, ' was':572, ' born':9223, ' in':304, ' Japan':6323, ' during':2337, ' World':4337, ' War':5004, ' II':7946, ' but':714, ' later':2937, ' moved':7726, ' to':311, ' Bal':19420, 'ik':1579, 'p':79, 'apan':5359, ' as':438, ' part':949, ' of':315, ' the':279, ' Japanese':10769, ' occupation':29647, ' administration':8567, '.':382, 'In':641, 'ou':283, 'e':68, ' Re':1032, 'iko':23630, ' -':481, ' A':362, ' Female':28638, ' Character':15633, ' Biography':78169, '':271, 'Introduction':37155, ':':510, 'As':2121, ' a':264, ' female':8778, ' member':4462, ' of':315, ' the':279, ' Dutch':23234, ' colonial':36583, ' society':8232, ',':11, ' In':758, 'ou':283, 'e':68, ' Re':1032, 'iko':23630, ' (':320, 'female':42634, ')':8, ' found':1730, ' herself':11675, ' thrust':29885, ' into':1119, ' the':279, ' chaos':26915, ' and':323 ]
[1786180984] n_remain: 257
[1786180984] eval: [ ' and':323 ]
[1786180984] n_past = 4423
[1786180984] last: [ ' She':2932, ' was':572, ' born':9223, ' in':304, ' Japan':6323, ' during':2337, ' World':4337, ' War':5004, ' II':7946, ' but':714, ' later':2937, ' moved':7726, ' to':311, ' Bal':19420, 'ik':1579, 'p':79, 'apan':5359, ' as':438, ' part':949, ' of':315, ' the':279, ' Japanese':10769, ' occupation':29647, ' administration':8567, '.':382, 'In':641, 'ou':283, 'e':68, ' Re':1032, 'iko':23630, ' -':481, ' A':362, ' Female':28638, ' Character':15633, ' Biography':78169, '':271, 'Introduction':37155, ':':510, 'As':2121, ' a':264, ' female':8778, ' member':4462, ' of':315, ' the':279, ' Dutch':23234, ' colonial':36583, ' society':8232, ',':11, ' In':758, 'ou':283, 'e':68, ' Re':1032, 'iko':23630, ' (':320, 'female':42634, ')':8, ' found':1730, ' herself':11675, ' thrust':29885, ' into':1119, ' the':279, ' chaos':26915, ' and':323, ' uncertainty':26826 ]
[1786180984] n_remain: 256
[1786180984] eval: [ ' uncertainty':26826 ]
[1786180984] n_past = 4424
[1786180984] last: [ ' was':572, ' born':9223, ' in':304, ' Japan':6323, ' during':2337, ' World':4337, ' War':5004, ' II':7946, ' but':714, ' later':2937, ' moved':7726, ' to':311, ' Bal':19420, 'ik':1579, 'p':79, 'apan':5359, ' as':438, ' part':949, ' of':315, ' the':279, ' Japanese':10769, ' occupation':29647, ' administration':8567, '.':382, 'In':641, 'ou':283, 'e':68, ' Re':1032, 'iko':23630, ' -':481, ' A':362, ' Female':28638, ' Character':15633, ' Biography':78169, '':271, 'Introduction':37155, ':':510, 'As':2121, ' a':264, ' female':8778, ' member':4462, ' of':315, ' the':279, ' Dutch':23234, ' colonial':36583, ' society':8232, ',':11, ' In':758, 'ou':283, 'e':68, ' Re':1032, 'iko':23630, ' (':320, 'female':42634, ')':8, ' found':1730, ' herself':11675, ' thrust':29885, ' into':1119, ' the':279, ' chaos':26915, ' and':323, ' uncertainty':26826, ' that':429 ]
[1786180984] n_remain: 255
[1786180984] eval: [ ' that':429 ]
[1786180985] n_past = 4425
[1786180985] last: [ ' born':9223, ' in':304, ' Japan':6323, ' during':2337, ' World':4337, ' War':5004, ' II':7946, ' but':714, ' later':2937, ' moved':7726, ' to':311, ' Bal':19420, 'ik':1579, 'p':79, 'apan':5359, ' as':438, ' part':949, ' of':315, ' the':279, ' Japanese':10769, ' occupation':29647, ' administration':8567, '.':382, 'In':641, 'ou':283, 'e':68, ' Re':1032, 'iko':23630, ' -':481, ' A':362, ' Female':28638, ' Character':15633, ' Biography':78169, '':271, 'Introduction':37155, ':':510, 'As':2121, ' a':264, ' female':8778, ' member':4462, ' of':315, ' the':279, ' Dutch':23234, ' colonial':36583, ' society':8232, ',':11, ' In':758, 'ou':283, 'e':68, ' Re':1032, 'iko':23630, ' (':320, 'female':42634, ')':8, ' found':1730, ' herself':11675, ' thrust':29885, ' into':1119, ' the':279, ' chaos':26915, ' and':323, ' uncertainty':26826, ' that':429, ' characterized':31871 ]
[1786180985] n_remain: 254
[1786180985] eval: [ ' characterized':31871 ]
[1786180985] n_past = 4426
[1786180985] last: [ ' in':304, ' Japan':6323, ' during':2337, ' World':4337, ' War':5004, ' II':7946, ' but':714, ' later':2937, ' moved':7726, ' to':311, ' Bal':19420, 'ik':1579, 'p':79, 'apan':5359, ' as':438, ' part':949, ' of':315, ' the':279, ' Japanese':10769, ' occupation':29647, ' administration':8567, '.':382, 'In':641, 'ou':283, 'e':68, ' Re':1032, 'iko':23630, ' -':481, ' A':362, ' Female':28638, ' Character':15633, ' Biography':78169, '':271, 'Introduction':37155, ':':510, 'As':2121, ' a':264, ' female':8778, ' member':4462, ' of':315, ' the':279, ' Dutch':23234, ' colonial':36583, ' society':8232, ',':11, ' In':758, 'ou':283, 'e':68, ' Re':1032, 'iko':23630, ' (':320, 'female':42634, ')':8, ' found':1730, ' herself':11675, ' thrust':29885, ' into':1119, ' the':279, ' chaos':26915, ' and':323, ' uncertainty':26826, ' that':429, ' characterized':31871, ' life':2272 ]
[1786180985] n_remain: 253
[1786180985] eval: [ ' life':2272 ]
[1786180985] n_past = 4427
[1786180985] last: [ ' Japan':6323, ' during':2337, ' World':4337, ' War':5004, ' II':7946, ' but':714, ' later':2937, ' moved':7726, ' to':311, ' Bal':19420, 'ik':1579, 'p':79, 'apan':5359, ' as':438, ' part':949, ' of':315, ' the':279, ' Japanese':10769, ' occupation':29647, ' administration':8567, '.':382, 'In':641, 'ou':283, 'e':68, ' Re':1032, 'iko':23630, ' -':481, ' A':362, ' Female':28638, ' Character':15633, ' Biography':78169, '':271, 'Introduction':37155, ':':510, 'As':2121, ' a':264, ' female':8778, ' member':4462, ' of':315, ' the':279, ' Dutch':23234, ' colonial':36583, ' society':8232, ',':11, ' In':758, 'ou':283, 'e':68, ' Re':1032, 'iko':23630, ' (':320, 'female':42634, ')':8, ' found':1730, ' herself':11675, ' thrust':29885, ' into':1119, ' the':279, ' chaos':26915, ' and':323, ' uncertainty':26826, ' that':429, ' characterized':31871, ' life':2272, ' under':1212 ]
[1786180985] n_remain: 252
[1786180985] eval: [ ' under':1212 ]
[1786180985] n_past = 4428
[1786180985] last: [ ' during':2337, ' World':4337, ' War':5004, ' II':7946, ' but':714, ' later':2937, ' moved':7726, ' to':311, ' Bal':19420, 'ik':1579, 'p':79, 'apan':5359, ' as':438, ' part':949, ' of':315, ' the':279, ' Japanese':10769, ' occupation':29647, ' administration':8567, '.':382, 'In':641, 'ou':283, 'e':68, ' Re':1032, 'iko':23630, ' -':481, ' A':362, ' Female':28638, ' Character':15633, ' Biography':78169, '':271, 'Introduction':37155, ':':510, 'As':2121, ' a':264, ' female':8778, ' member':4462, ' of':315, ' the':279, ' Dutch':23234, ' colonial':36583, ' society':8232, ',':11, ' In':758, 'ou':283, 'e':68, ' Re':1032, 'iko':23630, ' (':320, 'female':42634, ')':8, ' found':1730, ' herself':11675, ' thrust':29885, ' into':1119, ' the':279, ' chaos':26915, ' and':323, ' uncertainty':26826, ' that':429, ' characterized':31871, ' life':2272, ' under':1212, ' Japanese':10769 ]
[1786180985] n_remain: 251
[1786180985] eval: [ ' Japanese':10769 ]
[1786180985] n_past = 4429
[1786180985] last: [ ' World':4337, ' War':5004, ' II':7946, ' but':714, ' later':2937, ' moved':7726, ' to':311, ' Bal':19420, 'ik':1579, 'p':79, 'apan':5359, ' as':438, ' part':949, ' of':315, ' the':279, ' Japanese':10769, ' occupation':29647, ' administration':8567, '.':382, 'In':641, 'ou':283, 'e':68, ' Re':1032, 'iko':23630, ' -':481, ' A':362, ' Female':28638, ' Character':15633, ' Biography':78169, '':271, 'Introduction':37155, ':':510, 'As':2121, ' a':264, ' female':8778, ' member':4462, ' of':315, ' the':279, ' Dutch':23234, ' colonial':36583, ' society':8232, ',':11, ' In':758, 'ou':283, 'e':68, ' Re':1032, 'iko':23630, ' (':320, 'female':42634, ')':8, ' found':1730, ' herself':11675, ' thrust':29885, ' into':1119, ' the':279, ' chaos':26915, ' and':323, ' uncertainty':26826, ' that':429, ' characterized':31871, ' life':2272, ' under':1212, ' Japanese':10769, ' rule':5912 ]
[1786180985] n_remain: 250
[1786180985] eval: [ ' rule':5912 ]
[1786180986] n_past = 4430
[1786180986] last: [ ' War':5004, ' II':7946, ' but':714, ' later':2937, ' moved':7726, ' to':311, ' Bal':19420, 'ik':1579, 'p':79, 'apan':5359, ' as':438, ' part':949, ' of':315, ' the':279, ' Japanese':10769, ' occupation':29647, ' administration':8567, '.':382, 'In':641, 'ou':283, 'e':68, ' Re':1032, 'iko':23630, ' -':481, ' A':362, ' Female':28638, ' Character':15633, ' Biography':78169, '':271, 'Introduction':37155, ':':510, 'As':2121, ' a':264, ' female':8778, ' member':4462, ' of':315, ' the':279, ' Dutch':23234, ' colonial':36583, ' society':8232, ',':11, ' In':758, 'ou':283, 'e':68, ' Re':1032, 'iko':23630, ' (':320, 'female':42634, ')':8, ' found':1730, ' herself':11675, ' thrust':29885, ' into':1119, ' the':279, ' chaos':26915, ' and':323, ' uncertainty':26826, ' that':429, ' characterized':31871, ' life':2272, ' under':1212, ' Japanese':10769, ' rule':5912, ' in':304 ]
[1786180986] n_remain: 249
[1786180986] eval: [ ' in':304 ]
[1786180986] n_past = 4431
[1786180986] last: [ ' II':7946, ' but':714, ' later':2937, ' moved':7726, ' to':311, ' Bal':19420, 'ik':1579, 'p':79, 'apan':5359, ' as':438, ' part':949, ' of':315, ' the':279, ' Japanese':10769, ' occupation':29647, ' administration':8567, '.':382, 'In':641, 'ou':283, 'e':68, ' Re':1032, 'iko':23630, ' -':481, ' A':362, ' Female':28638, ' Character':15633, ' Biography':78169, '':271, 'Introduction':37155, ':':510, 'As':2121, ' a':264, ' female':8778, ' member':4462, ' of':315, ' the':279, ' Dutch':23234, ' colonial':36583, ' society':8232, ',':11, ' In':758, 'ou':283, 'e':68, ' Re':1032, 'iko':23630, ' (':320, 'female':42634, ')':8, ' found':1730, ' herself':11675, ' thrust':29885, ' into':1119, ' the':279, ' chaos':26915, ' and':323, ' uncertainty':26826, ' that':429, ' characterized':31871, ' life':2272, ' under':1212, ' Japanese':10769, ' rule':5912, ' in':304, ' ':220 ]
[1786180986] n_remain: 248
[1786180986] eval: [ ' ':220 ]
[1786180986] n_past = 4432
[1786180986] last: [ ' but':714, ' later':2937, ' moved':7726, ' to':311, ' Bal':19420, 'ik':1579, 'p':79, 'apan':5359, ' as':438, ' part':949, ' of':315, ' the':279, ' Japanese':10769, ' occupation':29647, ' administration':8567, '.':382, 'In':641, 'ou':283, 'e':68, ' Re':1032, 'iko':23630, ' -':481, ' A':362, ' Female':28638, ' Character':15633, ' Biography':78169, '':271, 'Introduction':37155, ':':510, 'As':2121, ' a':264, ' female':8778, ' member':4462, ' of':315, ' the':279, ' Dutch':23234, ' colonial':36583, ' society':8232, ',':11, ' In':758, 'ou':283, 'e':68, ' Re':1032, 'iko':23630, ' (':320, 'female':42634, ')':8, ' found':1730, ' herself':11675, ' thrust':29885, ' into':1119, ' the':279, ' chaos':26915, ' and':323, ' uncertainty':26826, ' that':429, ' characterized':31871, ' life':2272, ' under':1212, ' Japanese':10769, ' rule':5912, ' in':304, ' ':220, '1':16 ]
[1786180986] n_remain: 247
[1786180986] eval: [ '1':16 ]
[1786180986] n_past = 4433
[1786180986] last: [ ' later':2937, ' moved':7726, ' to':311, ' Bal':19420, 'ik':1579, 'p':79, 'apan':5359, ' as':438, ' part':949, ' of':315, ' the':279, ' Japanese':10769, ' occupation':29647, ' administration':8567, '.':382, 'In':641, 'ou':283, 'e':68, ' Re':1032, 'iko':23630, ' -':481, ' A':362, ' Female':28638, ' Character':15633, ' Biography':78169, '':271, 'Introduction':37155, ':':510, 'As':2121, ' a':264, ' female':8778, ' member':4462, ' of':315, ' the':279, ' Dutch':23234, ' colonial':36583, ' society':8232, ',':11, ' In':758, 'ou':283, 'e':68, ' Re':1032, 'iko':23630, ' (':320, 'female':42634, ')':8, ' found':1730, ' herself':11675, ' thrust':29885, ' into':1119, ' the':279, ' chaos':26915, ' and':323, ' uncertainty':26826, ' that':429, ' characterized':31871, ' life':2272, ' under':1212, ' Japanese':10769, ' rule':5912, ' in':304, ' ':220, '1':16, '9':24 ]
[1786180986] n_remain: 246
[1786180986] eval: [ '9':24 ]
[1786180986] n_past = 4434
[1786180986] last: [ ' moved':7726, ' to':311, ' Bal':19420, 'ik':1579, 'p':79, 'apan':5359, ' as':438, ' part':949, ' of':315, ' the':279, ' Japanese':10769, ' occupation':29647, ' administration':8567, '.':382, 'In':641, 'ou':283, 'e':68, ' Re':1032, 'iko':23630, ' -':481, ' A':362, ' Female':28638, ' Character':15633, ' Biography':78169, '':271, 'Introduction':37155, ':':510, 'As':2121, ' a':264, ' female':8778, ' member':4462, ' of':315, ' the':279, ' Dutch':23234, ' colonial':36583, ' society':8232, ',':11, ' In':758, 'ou':283, 'e':68, ' Re':1032, 'iko':23630, ' (':320, 'female':42634, ')':8, ' found':1730, ' herself':11675, ' thrust':29885, ' into':1119, ' the':279, ' chaos':26915, ' and':323, ' uncertainty':26826, ' that':429, ' characterized':31871, ' life':2272, ' under':1212, ' Japanese':10769, ' rule':5912, ' in':304, ' ':220, '1':16, '9':24, '4':19 ]
[1786180986] n_remain: 245
[1786180986] eval: [ '4':19 ]
[1786180987] n_past = 4435
[1786180987] last: [ ' to':311, ' Bal':19420, 'ik':1579, 'p':79, 'apan':5359, ' as':438, ' part':949, ' of':315, ' the':279, ' Japanese':10769, ' occupation':29647, ' administration':8567, '.':382, 'In':641, 'ou':283, 'e':68, ' Re':1032, 'iko':23630, ' -':481, ' A':362, ' Female':28638, ' Character':15633, ' Biography':78169, '':271, 'Introduction':37155, ':':510, 'As':2121, ' a':264, ' female':8778, ' member':4462, ' of':315, ' the':279, ' Dutch':23234, ' colonial':36583, ' society':8232, ',':11, ' In':758, 'ou':283, 'e':68, ' Re':1032, 'iko':23630, ' (':320, 'female':42634, ')':8, ' found':1730, ' herself':11675, ' thrust':29885, ' into':1119, ' the':279, ' chaos':26915, ' and':323, ' uncertainty':26826, ' that':429, ' characterized':31871, ' life':2272, ' under':1212, ' Japanese':10769, ' rule':5912, ' in':304, ' ':220, '1':16, '9':24, '4':19, '3':18 ]
[1786180987] n_remain: 244
[1786180987] eval: [ '3':18 ]
[1786180987] n_past = 4436
[1786180987] last: [ ' Bal':19420, 'ik':1579, 'p':79, 'apan':5359, ' as':438, ' part':949, ' of':315, ' the':279, ' Japanese':10769, ' occupation':29647, ' administration':8567, '.':382, 'In':641, 'ou':283, 'e':68, ' Re':1032, 'iko':23630, ' -':481, ' A':362, ' Female':28638, ' Character':15633, ' Biography':78169, '':271, 'Introduction':37155, ':':510, 'As':2121, ' a':264, ' female':8778, ' member':4462, ' of':315, ' the':279, ' Dutch':23234, ' colonial':36583, ' society':8232, ',':11, ' In':758, 'ou':283, 'e':68, ' Re':1032, 'iko':23630, ' (':320, 'female':42634, ')':8, ' found':1730, ' herself':11675, ' thrust':29885, ' into':1119, ' the':279, ' chaos':26915, ' and':323, ' uncertainty':26826, ' that':429, ' characterized':31871, ' life':2272, ' under':1212, ' Japanese':10769, ' rule':5912, ' in':304, ' ':220, '1':16, '9':24, '4':19, '3':18, '.':13 ]
[1786180987] n_remain: 243
[1786180987] eval: [ '.':13 ]
[1786180987] n_past = 4437
[1786180987] last: [ 'ik':1579, 'p':79, 'apan':5359, ' as':438, ' part':949, ' of':315, ' the':279, ' Japanese':10769, ' occupation':29647, ' administration':8567, '.':382, 'In':641, 'ou':283, 'e':68, ' Re':1032, 'iko':23630, ' -':481, ' A':362, ' Female':28638, ' Character':15633, ' Biography':78169, '':271, 'Introduction':37155, ':':510, 'As':2121, ' a':264, ' female':8778, ' member':4462, ' of':315, ' the':279, ' Dutch':23234, ' colonial':36583, ' society':8232, ',':11, ' In':758, 'ou':283, 'e':68, ' Re':1032, 'iko':23630, ' (':320, 'female':42634, ')':8, ' found':1730, ' herself':11675, ' thrust':29885, ' into':1119, ' the':279, ' chaos':26915, ' and':323, ' uncertainty':26826, ' that':429, ' characterized':31871, ' life':2272, ' under':1212, ' Japanese':10769, ' rule':5912, ' in':304, ' ':220, '1':16, '9':24, '4':19, '3':18, '.':13, ' Born':37816 ]
[1786180987] n_remain: 242
[1786180987] eval: [ ' Born':37816 ]
[1786180987] n_past = 4438
[1786180987] last: [ 'p':79, 'apan':5359, ' as':438, ' part':949, ' of':315, ' the':279, ' Japanese':10769, ' occupation':29647, ' administration':8567, '.':382, 'In':641, 'ou':283, 'e':68, ' Re':1032, 'iko':23630, ' -':481, ' A':362, ' Female':28638, ' Character':15633, ' Biography':78169, '':271, 'Introduction':37155, ':':510, 'As':2121, ' a':264, ' female':8778, ' member':4462, ' of':315, ' the':279, ' Dutch':23234, ' colonial':36583, ' society':8232, ',':11, ' In':758, 'ou':283, 'e':68, ' Re':1032, 'iko':23630, ' (':320, 'female':42634, ')':8, ' found':1730, ' herself':11675, ' thrust':29885, ' into':1119, ' the':279, ' chaos':26915, ' and':323, ' uncertainty':26826, ' that':429, ' characterized':31871, ' life':2272, ' under':1212, ' Japanese':10769, ' rule':5912, ' in':304, ' ':220, '1':16, '9':24, '4':19, '3':18, '.':13, ' Born':37816, ' and':323 ]
[1786180987] n_remain: 241
[1786180987] eval: [ ' and':323 ]
[1786180987] n_past = 4439
[1786180987] last: [ 'apan':5359, ' as':438, ' part':949, ' of':315, ' the':279, ' Japanese':10769, ' occupation':29647, ' administration':8567, '.':382, 'In':641, 'ou':283, 'e':68, ' Re':1032, 'iko':23630, ' -':481, ' A':362, ' Female':28638, ' Character':15633, ' Biography':78169, '':271, 'Introduction':37155, ':':510, 'As':2121, ' a':264, ' female':8778, ' member':4462, ' of':315, ' the':279, ' Dutch':23234, ' colonial':36583, ' society':8232, ',':11, ' In':758, 'ou':283, 'e':68, ' Re':1032, 'iko':23630, ' (':320, 'female':42634, ')':8, ' found':1730, ' herself':11675, ' thrust':29885, ' into':1119, ' the':279, ' chaos':26915, ' and':323, ' uncertainty':26826, ' that':429, ' characterized':31871, ' life':2272, ' under':1212, ' Japanese':10769, ' rule':5912, ' in':304, ' ':220, '1':16, '9':24, '4':19, '3':18, '.':13, ' Born':37816, ' and':323, ' raised':9226 ]
[1786180987] n_remain: 240
[1786180987] eval: [ ' raised':9226 ]
[1786180988] n_past = 4440
[1786180988] last: [ ' as':438, ' part':949, ' of':315, ' the':279, ' Japanese':10769, ' occupation':29647, ' administration':8567, '.':382, 'In':641, 'ou':283, 'e':68, ' Re':1032, 'iko':23630, ' -':481, ' A':362, ' Female':28638, ' Character':15633, ' Biography':78169, '':271, 'Introduction':37155, ':':510, 'As':2121, ' a':264, ' female':8778, ' member':4462, ' of':315, ' the':279, ' Dutch':23234, ' colonial':36583, ' society':8232, ',':11, ' In':758, 'ou':283, 'e':68, ' Re':1032, 'iko':23630, ' (':320, 'female':42634, ')':8, ' found':1730, ' herself':11675, ' thrust':29885, ' into':1119, ' the':279, ' chaos':26915, ' and':323, ' uncertainty':26826, ' that':429, ' characterized':31871, ' life':2272, ' under':1212, ' Japanese':10769, ' rule':5912, ' in':304, ' ':220, '1':16, '9':24, '4':19, '3':18, '.':13, ' Born':37816, ' and':323, ' raised':9226, ' in':304 ]
[1786180988] n_remain: 239
[1786180988] eval: [ ' in':304 ]
[1786180988] n_past = 4441
[1786180988] last: [ ' part':949, ' of':315, ' the':279, ' Japanese':10769, ' occupation':29647, ' administration':8567, '.':382, 'In':641, 'ou':283, 'e':68, ' Re':1032, 'iko':23630, ' -':481, ' A':362, ' Female':28638, ' Character':15633, ' Biography':78169, '':271, 'Introduction':37155, ':':510, 'As':2121, ' a':264, ' female':8778, ' member':4462, ' of':315, ' the':279, ' Dutch':23234, ' colonial':36583, ' society':8232, ',':11, ' In':758, 'ou':283, 'e':68, ' Re':1032, 'iko':23630, ' (':320, 'female':42634, ')':8, ' found':1730, ' herself':11675, ' thrust':29885, ' into':1119, ' the':279, ' chaos':26915, ' and':323, ' uncertainty':26826, ' that':429, ' characterized':31871, ' life':2272, ' under':1212, ' Japanese':10769, ' rule':5912, ' in':304, ' ':220, '1':16, '9':24, '4':19, '3':18, '.':13, ' Born':37816, ' and':323, ' raised':9226, ' in':304, ' Japan':6323 ]
[1786180988] n_remain: 238
[1786180988] eval: [ ' Japan':6323 ]
[1786180988] n_past = 4442
[1786180988] last: [ ' of':315, ' the':279, ' Japanese':10769, ' occupation':29647, ' administration':8567, '.':382, 'In':641, 'ou':283, 'e':68, ' Re':1032, 'iko':23630, ' -':481, ' A':362, ' Female':28638, ' Character':15633, ' Biography':78169, '':271, 'Introduction':37155, ':':510, 'As':2121, ' a':264, ' female':8778, ' member':4462, ' of':315, ' the':279, ' Dutch':23234, ' colonial':36583, ' society':8232, ',':11, ' In':758, 'ou':283, 'e':68, ' Re':1032, 'iko':23630, ' (':320, 'female':42634, ')':8, ' found':1730, ' herself':11675, ' thrust':29885, ' into':1119, ' the':279, ' chaos':26915, ' and':323, ' uncertainty':26826, ' that':429, ' characterized':31871, ' life':2272, ' under':1212, ' Japanese':10769, ' rule':5912, ' in':304, ' ':220, '1':16, '9':24, '4':19, '3':18, '.':13, ' Born':37816, ' and':323, ' raised':9226, ' in':304, ' Japan':6323, ' during':2337 ]
[1786180988] n_remain: 237
[1786180988] eval: [ ' during':2337 ]
[1786180988] n_past = 4443
[1786180988] last: [ ' the':279, ' Japanese':10769, ' occupation':29647, ' administration':8567, '.':382, 'In':641, 'ou':283, 'e':68, ' Re':1032, 'iko':23630, ' -':481, ' A':362, ' Female':28638, ' Character':15633, ' Biography':78169, '':271, 'Introduction':37155, ':':510, 'As':2121, ' a':264, ' female':8778, ' member':4462, ' of':315, ' the':279, ' Dutch':23234, ' colonial':36583, ' society':8232, ',':11, ' In':758, 'ou':283, 'e':68, ' Re':1032, 'iko':23630, ' (':320, 'female':42634, ')':8, ' found':1730, ' herself':11675, ' thrust':29885, ' into':1119, ' the':279, ' chaos':26915, ' and':323, ' uncertainty':26826, ' that':429, ' characterized':31871, ' life':2272, ' under':1212, ' Japanese':10769, ' rule':5912, ' in':304, ' ':220, '1':16, '9':24, '4':19, '3':18, '.':13, ' Born':37816, ' and':323, ' raised':9226, ' in':304, ' Japan':6323, ' during':2337, ' World':4337 ]
[1786180988] n_remain: 236
[1786180988] eval: [ ' World':4337 ]
[1786180988] n_past = 4444
[1786180988] last: [ ' Japanese':10769, ' occupation':29647, ' administration':8567, '.':382, 'In':641, 'ou':283, 'e':68, ' Re':1032, 'iko':23630, ' -':481, ' A':362, ' Female':28638, ' Character':15633, ' Biography':78169, '':271, 'Introduction':37155, ':':510, 'As':2121, ' a':264, ' female':8778, ' member':4462, ' of':315, ' the':279, ' Dutch':23234, ' colonial':36583, ' society':8232, ',':11, ' In':758, 'ou':283, 'e':68, ' Re':1032, 'iko':23630, ' (':320, 'female':42634, ')':8, ' found':1730, ' herself':11675, ' thrust':29885, ' into':1119, ' the':279, ' chaos':26915, ' and':323, ' uncertainty':26826, ' that':429, ' characterized':31871, ' life':2272, ' under':1212, ' Japanese':10769, ' rule':5912, ' in':304, ' ':220, '1':16, '9':24, '4':19, '3':18, '.':13, ' Born':37816, ' and':323, ' raised':9226, ' in':304, ' Japan':6323, ' during':2337, ' World':4337, ' War':5004 ]
[1786180988] n_remain: 235
[1786180988] eval: [ ' War':5004 ]
[1786180989] n_past = 4445
[1786180989] last: [ ' occupation':29647, ' administration':8567, '.':382, 'In':641, 'ou':283, 'e':68, ' Re':1032, 'iko':23630, ' -':481, ' A':362, ' Female':28638, ' Character':15633, ' Biography':78169, '':271, 'Introduction':37155, ':':510, 'As':2121, ' a':264, ' female':8778, ' member':4462, ' of':315, ' the':279, ' Dutch':23234, ' colonial':36583, ' society':8232, ',':11, ' In':758, 'ou':283, 'e':68, ' Re':1032, 'iko':23630, ' (':320, 'female':42634, ')':8, ' found':1730, ' herself':11675, ' thrust':29885, ' into':1119, ' the':279, ' chaos':26915, ' and':323, ' uncertainty':26826, ' that':429, ' characterized':31871, ' life':2272, ' under':1212, ' Japanese':10769, ' rule':5912, ' in':304, ' ':220, '1':16, '9':24, '4':19, '3':18, '.':13, ' Born':37816, ' and':323, ' raised':9226, ' in':304, ' Japan':6323, ' during':2337, ' World':4337, ' War':5004, ' II':7946 ]
[1786180989] n_remain: 234
[1786180989] eval: [ ' II':7946 ]
[1786180989] n_past = 4446
[1786180989] last: [ ' administration':8567, '.':382, 'In':641, 'ou':283, 'e':68, ' Re':1032, 'iko':23630, ' -':481, ' A':362, ' Female':28638, ' Character':15633, ' Biography':78169, '':271, 'Introduction':37155, ':':510, 'As':2121, ' a':264, ' female':8778, ' member':4462, ' of':315, ' the':279, ' Dutch':23234, ' colonial':36583, ' society':8232, ',':11, ' In':758, 'ou':283, 'e':68, ' Re':1032, 'iko':23630, ' (':320, 'female':42634, ')':8, ' found':1730, ' herself':11675, ' thrust':29885, ' into':1119, ' the':279, ' chaos':26915, ' and':323, ' uncertainty':26826, ' that':429, ' characterized':31871, ' life':2272, ' under':1212, ' Japanese':10769, ' rule':5912, ' in':304, ' ':220, '1':16, '9':24, '4':19, '3':18, '.':13, ' Born':37816, ' and':323, ' raised':9226, ' in':304, ' Japan':6323, ' during':2337, ' World':4337, ' War':5004, ' II':7946, ',':11 ]
[1786180989] n_remain: 233
[1786180989] eval: [ ',':11 ]
[1786180989] n_past = 4447
[1786180989] last: [ '.':382, 'In':641, 'ou':283, 'e':68, ' Re':1032, 'iko':23630, ' -':481, ' A':362, ' Female':28638, ' Character':15633, ' Biography':78169, '':271, 'Introduction':37155, ':':510, 'As':2121, ' a':264, ' female':8778, ' member':4462, ' of':315, ' the':279, ' Dutch':23234, ' colonial':36583, ' society':8232, ',':11, ' In':758, 'ou':283, 'e':68, ' Re':1032, 'iko':23630, ' (':320, 'female':42634, ')':8, ' found':1730, ' herself':11675, ' thrust':29885, ' into':1119, ' the':279, ' chaos':26915, ' and':323, ' uncertainty':26826, ' that':429, ' characterized':31871, ' life':2272, ' under':1212, ' Japanese':10769, ' rule':5912, ' in':304, ' ':220, '1':16, '9':24, '4':19, '3':18, '.':13, ' Born':37816, ' and':323, ' raised':9226, ' in':304, ' Japan':6323, ' during':2337, ' World':4337, ' War':5004, ' II':7946, ',':11, ' she':1340 ]
[1786180989] n_remain: 232
[1786180989] eval: [ ' she':1340 ]
[1786180989] n_past = 4448
[1786180989] last: [ 'In':641, 'ou':283, 'e':68, ' Re':1032, 'iko':23630, ' -':481, ' A':362, ' Female':28638, ' Character':15633, ' Biography':78169, '':271, 'Introduction':37155, ':':510, 'As':2121, ' a':264, ' female':8778, ' member':4462, ' of':315, ' the':279, ' Dutch':23234, ' colonial':36583, ' society':8232, ',':11, ' In':758, 'ou':283, 'e':68, ' Re':1032, 'iko':23630, ' (':320, 'female':42634, ')':8, ' found':1730, ' herself':11675, ' thrust':29885, ' into':1119, ' the':279, ' chaos':26915, ' and':323, ' uncertainty':26826, ' that':429, ' characterized':31871, ' life':2272, ' under':1212, ' Japanese':10769, ' rule':5912, ' in':304, ' ':220, '1':16, '9':24, '4':19, '3':18, '.':13, ' Born':37816, ' and':323, ' raised':9226, ' in':304, ' Japan':6323, ' during':2337, ' World':4337, ' War':5004, ' II':7946, ',':11, ' she':1340, ' had':1030 ]
[1786180989] n_remain: 231
[1786180989] eval: [ ' had':1030 ]
[1786180989] n_past = 4449
[1786180989] last: [ 'ou':283, 'e':68, ' Re':1032, 'iko':23630, ' -':481, ' A':362, ' Female':28638, ' Character':15633, ' Biography':78169, '':271, 'Introduction':37155, ':':510, 'As':2121, ' a':264, ' female':8778, ' member':4462, ' of':315, ' the':279, ' Dutch':23234, ' colonial':36583, ' society':8232, ',':11, ' In':758, 'ou':283, 'e':68, ' Re':1032, 'iko':23630, ' (':320, 'female':42634, ')':8, ' found':1730, ' herself':11675, ' thrust':29885, ' into':1119, ' the':279, ' chaos':26915, ' and':323, ' uncertainty':26826, ' that':429, ' characterized':31871, ' life':2272, ' under':1212, ' Japanese':10769, ' rule':5912, ' in':304, ' ':220, '1':16, '9':24, '4':19, '3':18, '.':13, ' Born':37816, ' and':323, ' raised':9226, ' in':304, ' Japan':6323, ' during':2337, ' World':4337, ' War':5004, ' II':7946, ',':11, ' she':1340, ' had':1030, ' witnessed':31026 ]
[1786180989] n_remain: 230
[1786180989] eval: [ ' witnessed':31026 ]
[1786180990] n_past = 4450
[1786180990] last: [ 'e':68, ' Re':1032, 'iko':23630, ' -':481, ' A':362, ' Female':28638, ' Character':15633, ' Biography':78169, '':271, 'Introduction':37155, ':':510, 'As':2121, ' a':264, ' female':8778, ' member':4462, ' of':315, ' the':279, ' Dutch':23234, ' colonial':36583, ' society':8232, ',':11, ' In':758, 'ou':283, 'e':68, ' Re':1032, 'iko':23630, ' (':320, 'female':42634, ')':8, ' found':1730, ' herself':11675, ' thrust':29885, ' into':1119, ' the':279, ' chaos':26915, ' and':323, ' uncertainty':26826, ' that':429, ' characterized':31871, ' life':2272, ' under':1212, ' Japanese':10769, ' rule':5912, ' in':304, ' ':220, '1':16, '9':24, '4':19, '3':18, '.':13, ' Born':37816, ' and':323, ' raised':9226, ' in':304, ' Japan':6323, ' during':2337, ' World':4337, ' War':5004, ' II':7946, ',':11, ' she':1340, ' had':1030, ' witnessed':31026, ' firsthand':82568 ]
[1786180990] n_remain: 229
[1786180990] eval: [ ' firsthand':82568 ]
[1786180990] n_past = 4451
[1786180990] last: [ ' Re':1032, 'iko':23630, ' -':481, ' A':362, ' Female':28638, ' Character':15633, ' Biography':78169, '':271, 'Introduction':37155, ':':510, 'As':2121, ' a':264, ' female':8778, ' member':4462, ' of':315, ' the':279, ' Dutch':23234, ' colonial':36583, ' society':8232, ',':11, ' In':758, 'ou':283, 'e':68, ' Re':1032, 'iko':23630, ' (':320, 'female':42634, ')':8, ' found':1730, ' herself':11675, ' thrust':29885, ' into':1119, ' the':279, ' chaos':26915, ' and':323, ' uncertainty':26826, ' that':429, ' characterized':31871, ' life':2272, ' under':1212, ' Japanese':10769, ' rule':5912, ' in':304, ' ':220, '1':16, '9':24, '4':19, '3':18, '.':13, ' Born':37816, ' and':323, ' raised':9226, ' in':304, ' Japan':6323, ' during':2337, ' World':4337, ' War':5004, ' II':7946, ',':11, ' she':1340, ' had':1030, ' witnessed':31026, ' firsthand':82568, ' the':279 ]
[1786180990] n_remain: 228
[1786180990] eval: [ ' the':279 ]
[1786180990] n_past = 4452
[1786180990] last: [ 'iko':23630, ' -':481, ' A':362, ' Female':28638, ' Character':15633, ' Biography':78169, '':271, 'Introduction':37155, ':':510, 'As':2121, ' a':264, ' female':8778, ' member':4462, ' of':315, ' the':279, ' Dutch':23234, ' colonial':36583, ' society':8232, ',':11, ' In':758, 'ou':283, 'e':68, ' Re':1032, 'iko':23630, ' (':320, 'female':42634, ')':8, ' found':1730, ' herself':11675, ' thrust':29885, ' into':1119, ' the':279, ' chaos':26915, ' and':323, ' uncertainty':26826, ' that':429, ' characterized':31871, ' life':2272, ' under':1212, ' Japanese':10769, ' rule':5912, ' in':304, ' ':220, '1':16, '9':24, '4':19, '3':18, '.':13, ' Born':37816, ' and':323, ' raised':9226, ' in':304, ' Japan':6323, ' during':2337, ' World':4337, ' War':5004, ' II':7946, ',':11, ' she':1340, ' had':1030, ' witnessed':31026, ' firsthand':82568, ' the':279, ' devastating':32218 ]
[1786180990] n_remain: 227
[1786180990] eval: [ ' devastating':32218 ]
[1786180990] n_past = 4453
[1786180990] last: [ ' -':481, ' A':362, ' Female':28638, ' Character':15633, ' Biography':78169, '':271, 'Introduction':37155, ':':510, 'As':2121, ' a':264, ' female':8778, ' member':4462, ' of':315, ' the':279, ' Dutch':23234, ' colonial':36583, ' society':8232, ',':11, ' In':758, 'ou':283, 'e':68, ' Re':1032, 'iko':23630, ' (':320, 'female':42634, ')':8, ' found':1730, ' herself':11675, ' thrust':29885, ' into':1119, ' the':279, ' chaos':26915, ' and':323, ' uncertainty':26826, ' that':429, ' characterized':31871, ' life':2272, ' under':1212, ' Japanese':10769, ' rule':5912, ' in':304, ' ':220, '1':16, '9':24, '4':19, '3':18, '.':13, ' Born':37816, ' and':323, ' raised':9226, ' in':304, ' Japan':6323, ' during':2337, ' World':4337, ' War':5004, ' II':7946, ',':11, ' she':1340, ' had':1030, ' witnessed':31026, ' firsthand':82568, ' the':279, ' devastating':32218, ' effects':6239 ]
[1786180990] n_remain: 226
[1786180990] eval: [ ' effects':6239 ]
[1786180990] n_past = 4454
[1786180990] last: [ ' A':362, ' Female':28638, ' Character':15633, ' Biography':78169, '':271, 'Introduction':37155, ':':510, 'As':2121, ' a':264, ' female':8778, ' member':4462, ' of':315, ' the':279, ' Dutch':23234, ' colonial':36583, ' society':8232, ',':11, ' In':758, 'ou':283, 'e':68, ' Re':1032, 'iko':23630, ' (':320, 'female':42634, ')':8, ' found':1730, ' herself':11675, ' thrust':29885, ' into':1119, ' the':279, ' chaos':26915, ' and':323, ' uncertainty':26826, ' that':429, ' characterized':31871, ' life':2272, ' under':1212, ' Japanese':10769, ' rule':5912, ' in':304, ' ':220, '1':16, '9':24, '4':19, '3':18, '.':13, ' Born':37816, ' and':323, ' raised':9226, ' in':304, ' Japan':6323, ' during':2337, ' World':4337, ' War':5004, ' II':7946, ',':11, ' she':1340, ' had':1030, ' witnessed':31026, ' firsthand':82568, ' the':279, ' devastating':32218, ' effects':6239, ' of':315 ]
[1786180990] n_remain: 225
[1786180990] eval: [ ' of':315 ]
[1786180991] n_past = 4455
[1786180991] last: [ ' Female':28638, ' Character':15633, ' Biography':78169, '':271, 'Introduction':37155, ':':510, 'As':2121, ' a':264, ' female':8778, ' member':4462, ' of':315, ' the':279, ' Dutch':23234, ' colonial':36583, ' society':8232, ',':11, ' In':758, 'ou':283, 'e':68, ' Re':1032, 'iko':23630, ' (':320, 'female':42634, ')':8, ' found':1730, ' herself':11675, ' thrust':29885, ' into':1119, ' the':279, ' chaos':26915, ' and':323, ' uncertainty':26826, ' that':429, ' characterized':31871, ' life':2272, ' under':1212, ' Japanese':10769, ' rule':5912, ' in':304, ' ':220, '1':16, '9':24, '4':19, '3':18, '.':13, ' Born':37816, ' and':323, ' raised':9226, ' in':304, ' Japan':6323, ' during':2337, ' World':4337, ' War':5004, ' II':7946, ',':11, ' she':1340, ' had':1030, ' witnessed':31026, ' firsthand':82568, ' the':279, ' devastating':32218, ' effects':6239, ' of':315, ' war':4116 ]
[1786180991] n_remain: 224
[1786180991] eval: [ ' war':4116 ]
[1786180991] n_past = 4456
[1786180991] last: [ ' Character':15633, ' Biography':78169, '':271, 'Introduction':37155, ':':510, 'As':2121, ' a':264, ' female':8778, ' member':4462, ' of':315, ' the':279, ' Dutch':23234, ' colonial':36583, ' society':8232, ',':11, ' In':758, 'ou':283, 'e':68, ' Re':1032, 'iko':23630, ' (':320, 'female':42634, ')':8, ' found':1730, ' herself':11675, ' thrust':29885, ' into':1119, ' the':279, ' chaos':26915, ' and':323, ' uncertainty':26826, ' that':429, ' characterized':31871, ' life':2272, ' under':1212, ' Japanese':10769, ' rule':5912, ' in':304, ' ':220, '1':16, '9':24, '4':19, '3':18, '.':13, ' Born':37816, ' and':323, ' raised':9226, ' in':304, ' Japan':6323, ' during':2337, ' World':4337, ' War':5004, ' II':7946, ',':11, ' she':1340, ' had':1030, ' witnessed':31026, ' firsthand':82568, ' the':279, ' devastating':32218, ' effects':6239, ' of':315, ' war':4116, ' on':389 ]
[1786180991] n_remain: 223
[1786180991] eval: [ ' on':389 ]
[1786180991] n_past = 4457
[1786180991] last: [ ' Biography':78169, '':271, 'Introduction':37155, ':':510, 'As':2121, ' a':264, ' female':8778, ' member':4462, ' of':315, ' the':279, ' Dutch':23234, ' colonial':36583, ' society':8232, ',':11, ' In':758, 'ou':283, 'e':68, ' Re':1032, 'iko':23630, ' (':320, 'female':42634, ')':8, ' found':1730, ' herself':11675, ' thrust':29885, ' into':1119, ' the':279, ' chaos':26915, ' and':323, ' uncertainty':26826, ' that':429, ' characterized':31871, ' life':2272, ' under':1212, ' Japanese':10769, ' rule':5912, ' in':304, ' ':220, '1':16, '9':24, '4':19, '3':18, '.':13, ' Born':37816, ' and':323, ' raised':9226, ' in':304, ' Japan':6323, ' during':2337, ' World':4337, ' War':5004, ' II':7946, ',':11, ' she':1340, ' had':1030, ' witnessed':31026, ' firsthand':82568, ' the':279, ' devastating':32218, ' effects':6239, ' of':315, ' war':4116, ' on':389, ' her':1059 ]
[1786180991] n_remain: 222
[1786180991] eval: [ ' her':1059 ]
[1786180991] n_past = 4458
[1786180991] last: [ '':271, 'Introduction':37155, ':':510, 'As':2121, ' a':264, ' female':8778, ' member':4462, ' of':315, ' the':279, ' Dutch':23234, ' colonial':36583, ' society':8232, ',':11, ' In':758, 'ou':283, 'e':68, ' Re':1032, 'iko':23630, ' (':320, 'female':42634, ')':8, ' found':1730, ' herself':11675, ' thrust':29885, ' into':1119, ' the':279, ' chaos':26915, ' and':323, ' uncertainty':26826, ' that':429, ' characterized':31871, ' life':2272, ' under':1212, ' Japanese':10769, ' rule':5912, ' in':304, ' ':220, '1':16, '9':24, '4':19, '3':18, '.':13, ' Born':37816, ' and':323, ' raised':9226, ' in':304, ' Japan':6323, ' during':2337, ' World':4337, ' War':5004, ' II':7946, ',':11, ' she':1340, ' had':1030, ' witnessed':31026, ' firsthand':82568, ' the':279, ' devastating':32218, ' effects':6239, ' of':315, ' war':4116, ' on':389, ' her':1059, ' homeland':55236 ]
[1786180991] n_remain: 221
[1786180991] eval: [ ' homeland':55236 ]
[1786180991] n_past = 4459
[1786180991] last: [ 'Introduction':37155, ':':510, 'As':2121, ' a':264, ' female':8778, ' member':4462, ' of':315, ' the':279, ' Dutch':23234, ' colonial':36583, ' society':8232, ',':11, ' In':758, 'ou':283, 'e':68, ' Re':1032, 'iko':23630, ' (':320, 'female':42634, ')':8, ' found':1730, ' herself':11675, ' thrust':29885, ' into':1119, ' the':279, ' chaos':26915, ' and':323, ' uncertainty':26826, ' that':429, ' characterized':31871, ' life':2272, ' under':1212, ' Japanese':10769, ' rule':5912, ' in':304, ' ':220, '1':16, '9':24, '4':19, '3':18, '.':13, ' Born':37816, ' and':323, ' raised':9226, ' in':304, ' Japan':6323, ' during':2337, ' World':4337, ' War':5004, ' II':7946, ',':11, ' she':1340, ' had':1030, ' witnessed':31026, ' firsthand':82568, ' the':279, ' devastating':32218, ' effects':6239, ' of':315, ' war':4116, ' on':389, ' her':1059, ' homeland':55236, '.':382 ]
[1786180991] n_remain: 220
[1786180991] eval: [ '.':382 ]
[1786180992] n_past = 4460
[1786180992] last: [ ':':510, 'As':2121, ' a':264, ' female':8778, ' member':4462, ' of':315, ' the':279, ' Dutch':23234, ' colonial':36583, ' society':8232, ',':11, ' In':758, 'ou':283, 'e':68, ' Re':1032, 'iko':23630, ' (':320, 'female':42634, ')':8, ' found':1730, ' herself':11675, ' thrust':29885, ' into':1119, ' the':279, ' chaos':26915, ' and':323, ' uncertainty':26826, ' that':429, ' characterized':31871, ' life':2272, ' under':1212, ' Japanese':10769, ' rule':5912, ' in':304, ' ':220, '1':16, '9':24, '4':19, '3':18, '.':13, ' Born':37816, ' and':323, ' raised':9226, ' in':304, ' Japan':6323, ' during':2337, ' World':4337, ' War':5004, ' II':7946, ',':11, ' she':1340, ' had':1030, ' witnessed':31026, ' firsthand':82568, ' the':279, ' devastating':32218, ' effects':6239, ' of':315, ' war':4116, ' on':389, ' her':1059, ' homeland':55236, '.':382, 'However':11209 ]
[1786180992] n_remain: 219
[1786180992] eval: [ 'However':11209 ]
[1786180992] n_past = 4461
[1786180992] last: [ 'As':2121, ' a':264, ' female':8778, ' member':4462, ' of':315, ' the':279, ' Dutch':23234, ' colonial':36583, ' society':8232, ',':11, ' In':758, 'ou':283, 'e':68, ' Re':1032, 'iko':23630, ' (':320, 'female':42634, ')':8, ' found':1730, ' herself':11675, ' thrust':29885, ' into':1119, ' the':279, ' chaos':26915, ' and':323, ' uncertainty':26826, ' that':429, ' characterized':31871, ' life':2272, ' under':1212, ' Japanese':10769, ' rule':5912, ' in':304, ' ':220, '1':16, '9':24, '4':19, '3':18, '.':13, ' Born':37816, ' and':323, ' raised':9226, ' in':304, ' Japan':6323, ' during':2337, ' World':4337, ' War':5004, ' II':7946, ',':11, ' she':1340, ' had':1030, ' witnessed':31026, ' firsthand':82568, ' the':279, ' devastating':32218, ' effects':6239, ' of':315, ' war':4116, ' on':389, ' her':1059, ' homeland':55236, '.':382, 'However':11209, ',':11 ]
[1786180992] n_remain: 218
[1786180992] eval: [ ',':11 ]
[1786180992] n_past = 4462
[1786180992] last: [ ' a':264, ' female':8778, ' member':4462, ' of':315, ' the':279, ' Dutch':23234, ' colonial':36583, ' society':8232, ',':11, ' In':758, 'ou':283, 'e':68, ' Re':1032, 'iko':23630, ' (':320, 'female':42634, ')':8, ' found':1730, ' herself':11675, ' thrust':29885, ' into':1119, ' the':279, ' chaos':26915, ' and':323, ' uncertainty':26826, ' that':429, ' characterized':31871, ' life':2272, ' under':1212, ' Japanese':10769, ' rule':5912, ' in':304, ' ':220, '1':16, '9':24, '4':19, '3':18, '.':13, ' Born':37816, ' and':323, ' raised':9226, ' in':304, ' Japan':6323, ' during':2337, ' World':4337, ' War':5004, ' II':7946, ',':11, ' she':1340, ' had':1030, ' witnessed':31026, ' firsthand':82568, ' the':279, ' devastating':32218, ' effects':6239, ' of':315, ' war':4116, ' on':389, ' her':1059, ' homeland':55236, '.':382, 'However':11209, ',':11, ' when':979 ]
[1786180992] n_remain: 217
[1786180992] eval: [ ' when':979 ]
[1786180992] n_past = 4463
[1786180992] last: [ ' female':8778, ' member':4462, ' of':315, ' the':279, ' Dutch':23234, ' colonial':36583, ' society':8232, ',':11, ' In':758, 'ou':283, 'e':68, ' Re':1032, 'iko':23630, ' (':320, 'female':42634, ')':8, ' found':1730, ' herself':11675, ' thrust':29885, ' into':1119, ' the':279, ' chaos':26915, ' and':323, ' uncertainty':26826, ' that':429, ' characterized':31871, ' life':2272, ' under':1212, ' Japanese':10769, ' rule':5912, ' in':304, ' ':220, '1':16, '9':24, '4':19, '3':18, '.':13, ' Born':37816, ' and':323, ' raised':9226, ' in':304, ' Japan':6323, ' during':2337, ' World':4337, ' War':5004, ' II':7946, ',':11, ' she':1340, ' had':1030, ' witnessed':31026, ' firsthand':82568, ' the':279, ' devastating':32218, ' effects':6239, ' of':315, ' war':4116, ' on':389, ' her':1059, ' homeland':55236, '.':382, 'However':11209, ',':11, ' when':979, ' circumstances':13161 ]
[1786180992] n_remain: 216
[1786180992] eval: [ ' circumstances':13161 ]
[1786180992] n_past = 4464
[1786180992] last: [ ' member':4462, ' of':315, ' the':279, ' Dutch':23234, ' colonial':36583, ' society':8232, ',':11, ' In':758, 'ou':283, 'e':68, ' Re':1032, 'iko':23630, ' (':320, 'female':42634, ')':8, ' found':1730, ' herself':11675, ' thrust':29885, ' into':1119, ' the':279, ' chaos':26915, ' and':323, ' uncertainty':26826, ' that':429, ' characterized':31871, ' life':2272, ' under':1212, ' Japanese':10769, ' rule':5912, ' in':304, ' ':220, '1':16, '9':24, '4':19, '3':18, '.':13, ' Born':37816, ' and':323, ' raised':9226, ' in':304, ' Japan':6323, ' during':2337, ' World':4337, ' War':5004, ' II':7946, ',':11, ' she':1340, ' had':1030, ' witnessed':31026, ' firsthand':82568, ' the':279, ' devastating':32218, ' effects':6239, ' of':315, ' war':4116, ' on':389, ' her':1059, ' homeland':55236, '.':382, 'However':11209, ',':11, ' when':979, ' circumstances':13161, ' led':6069 ]
[1786180992] n_remain: 215
[1786180992] eval: [ ' led':6069 ]
[1786180993] n_past = 4465
[1786180993] last: [ ' of':315, ' the':279, ' Dutch':23234, ' colonial':36583, ' society':8232, ',':11, ' In':758, 'ou':283, 'e':68, ' Re':1032, 'iko':23630, ' (':320, 'female':42634, ')':8, ' found':1730, ' herself':11675, ' thrust':29885, ' into':1119, ' the':279, ' chaos':26915, ' and':323, ' uncertainty':26826, ' that':429, ' characterized':31871, ' life':2272, ' under':1212, ' Japanese':10769, ' rule':5912, ' in':304, ' ':220, '1':16, '9':24, '4':19, '3':18, '.':13, ' Born':37816, ' and':323, ' raised':9226, ' in':304, ' Japan':6323, ' during':2337, ' World':4337, ' War':5004, ' II':7946, ',':11, ' she':1340, ' had':1030, ' witnessed':31026, ' firsthand':82568, ' the':279, ' devastating':32218, ' effects':6239, ' of':315, ' war':4116, ' on':389, ' her':1059, ' homeland':55236, '.':382, 'However':11209, ',':11, ' when':979, ' circumstances':13161, ' led':6069, ' to':311 ]
[1786180993] n_remain: 214
[1786180993] eval: [ ' to':311 ]
[1786180993] n_past = 4466
[1786180993] last: [ ' the':279, ' Dutch':23234, ' colonial':36583, ' society':8232, ',':11, ' In':758, 'ou':283, 'e':68, ' Re':1032, 'iko':23630, ' (':320, 'female':42634, ')':8, ' found':1730, ' herself':11675, ' thrust':29885, ' into':1119, ' the':279, ' chaos':26915, ' and':323, ' uncertainty':26826, ' that':429, ' characterized':31871, ' life':2272, ' under':1212, ' Japanese':10769, ' rule':5912, ' in':304, ' ':220, '1':16, '9':24, '4':19, '3':18, '.':13, ' Born':37816, ' and':323, ' raised':9226, ' in':304, ' Japan':6323, ' during':2337, ' World':4337, ' War':5004, ' II':7946, ',':11, ' she':1340, ' had':1030, ' witnessed':31026, ' firsthand':82568, ' the':279, ' devastating':32218, ' effects':6239, ' of':315, ' war':4116, ' on':389, ' her':1059, ' homeland':55236, '.':382, 'However':11209, ',':11, ' when':979, ' circumstances':13161, ' led':6069, ' to':311, ' a':264 ]
[1786180993] n_remain: 213
[1786180993] eval: [ ' a':264 ]
[1786180993] n_past = 4467
[1786180993] last: [ ' Dutch':23234, ' colonial':36583, ' society':8232, ',':11, ' In':758, 'ou':283, 'e':68, ' Re':1032, 'iko':23630, ' (':320, 'female':42634, ')':8, ' found':1730, ' herself':11675, ' thrust':29885, ' into':1119, ' the':279, ' chaos':26915, ' and':323, ' uncertainty':26826, ' that':429, ' characterized':31871, ' life':2272, ' under':1212, ' Japanese':10769, ' rule':5912, ' in':304, ' ':220, '1':16, '9':24, '4':19, '3':18, '.':13, ' Born':37816, ' and':323, ' raised':9226, ' in':304, ' Japan':6323, ' during':2337, ' World':4337, ' War':5004, ' II':7946, ',':11, ' she':1340, ' had':1030, ' witnessed':31026, ' firsthand':82568, ' the':279, ' devastating':32218, ' effects':6239, ' of':315, ' war':4116, ' on':389, ' her':1059, ' homeland':55236, '.':382, 'However':11209, ',':11, ' when':979, ' circumstances':13161, ' led':6069, ' to':311, ' a':264, ' move':3271 ]
[1786180993] n_remain: 212
[1786180993] eval: [ ' move':3271 ]
[1786180993] n_past = 4468
[1786180993] last: [ ' colonial':36583, ' society':8232, ',':11, ' In':758, 'ou':283, 'e':68, ' Re':1032, 'iko':23630, ' (':320, 'female':42634, ')':8, ' found':1730, ' herself':11675, ' thrust':29885, ' into':1119, ' the':279, ' chaos':26915, ' and':323, ' uncertainty':26826, ' that':429, ' characterized':31871, ' life':2272, ' under':1212, ' Japanese':10769, ' rule':5912, ' in':304, ' ':220, '1':16, '9':24, '4':19, '3':18, '.':13, ' Born':37816, ' and':323, ' raised':9226, ' in':304, ' Japan':6323, ' during':2337, ' World':4337, ' War':5004, ' II':7946, ',':11, ' she':1340, ' had':1030, ' witnessed':31026, ' firsthand':82568, ' the':279, ' devastating':32218, ' effects':6239, ' of':315, ' war':4116, ' on':389, ' her':1059, ' homeland':55236, '.':382, 'However':11209, ',':11, ' when':979, ' circumstances':13161, ' led':6069, ' to':311, ' a':264, ' move':3271, ' from':504 ]
[1786180993] n_remain: 211
[1786180993] eval: [ ' from':504 ]
[1786180993] n_past = 4469
[1786180994] last: [ ' society':8232, ',':11, ' In':758, 'ou':283, 'e':68, ' Re':1032, 'iko':23630, ' (':320, 'female':42634, ')':8, ' found':1730, ' herself':11675, ' thrust':29885, ' into':1119, ' the':279, ' chaos':26915, ' and':323, ' uncertainty':26826, ' that':429, ' characterized':31871, ' life':2272, ' under':1212, ' Japanese':10769, ' rule':5912, ' in':304, ' ':220, '1':16, '9':24, '4':19, '3':18, '.':13, ' Born':37816, ' and':323, ' raised':9226, ' in':304, ' Japan':6323, ' during':2337, ' World':4337, ' War':5004, ' II':7946, ',':11, ' she':1340, ' had':1030, ' witnessed':31026, ' firsthand':82568, ' the':279, ' devastating':32218, ' effects':6239, ' of':315, ' war':4116, ' on':389, ' her':1059, ' homeland':55236, '.':382, 'However':11209, ',':11, ' when':979, ' circumstances':13161, ' led':6069, ' to':311, ' a':264, ' move':3271, ' from':504, ' Bal':19420 ]
[1786180994] n_remain: 210
[1786180994] eval: [ ' Bal':19420 ]
[1786180994] n_past = 4470
[1786180994] last: [ ',':11, ' In':758, 'ou':283, 'e':68, ' Re':1032, 'iko':23630, ' (':320, 'female':42634, ')':8, ' found':1730, ' herself':11675, ' thrust':29885, ' into':1119, ' the':279, ' chaos':26915, ' and':323, ' uncertainty':26826, ' that':429, ' characterized':31871, ' life':2272, ' under':1212, ' Japanese':10769, ' rule':5912, ' in':304, ' ':220, '1':16, '9':24, '4':19, '3':18, '.':13, ' Born':37816, ' and':323, ' raised':9226, ' in':304, ' Japan':6323, ' during':2337, ' World':4337, ' War':5004, ' II':7946, ',':11, ' she':1340, ' had':1030, ' witnessed':31026, ' firsthand':82568, ' the':279, ' devastating':32218, ' effects':6239, ' of':315, ' war':4116, ' on':389, ' her':1059, ' homeland':55236, '.':382, 'However':11209, ',':11, ' when':979, ' circumstances':13161, ' led':6069, ' to':311, ' a':264, ' move':3271, ' from':504, ' Bal':19420, 'ik':1579 ]
[1786180994] n_remain: 209
[1786180994] eval: [ 'ik':1579 ]
[1786180994] n_past = 4471
[1786180994] last: [ ' In':758, 'ou':283, 'e':68, ' Re':1032, 'iko':23630, ' (':320, 'female':42634, ')':8, ' found':1730, ' herself':11675, ' thrust':29885, ' into':1119, ' the':279, ' chaos':26915, ' and':323, ' uncertainty':26826, ' that':429, ' characterized':31871, ' life':2272, ' under':1212, ' Japanese':10769, ' rule':5912, ' in':304, ' ':220, '1':16, '9':24, '4':19, '3':18, '.':13, ' Born':37816, ' and':323, ' raised':9226, ' in':304, ' Japan':6323, ' during':2337, ' World':4337, ' War':5004, ' II':7946, ',':11, ' she':1340, ' had':1030, ' witnessed':31026, ' firsthand':82568, ' the':279, ' devastating':32218, ' effects':6239, ' of':315, ' war':4116, ' on':389, ' her':1059, ' homeland':55236, '.':382, 'However':11209, ',':11, ' when':979, ' circumstances':13161, ' led':6069, ' to':311, ' a':264, ' move':3271, ' from':504, ' Bal':19420, 'ik':1579, 'p':79 ]
[1786180994] n_remain: 208
[1786180994] eval: [ 'p':79 ]
[1786180994] n_past = 4472
[1786180994] last: [ 'ou':283, 'e':68, ' Re':1032, 'iko':23630, ' (':320, 'female':42634, ')':8, ' found':1730, ' herself':11675, ' thrust':29885, ' into':1119, ' the':279, ' chaos':26915, ' and':323, ' uncertainty':26826, ' that':429, ' characterized':31871, ' life':2272, ' under':1212, ' Japanese':10769, ' rule':5912, ' in':304, ' ':220, '1':16, '9':24, '4':19, '3':18, '.':13, ' Born':37816, ' and':323, ' raised':9226, ' in':304, ' Japan':6323, ' during':2337, ' World':4337, ' War':5004, ' II':7946, ',':11, ' she':1340, ' had':1030, ' witnessed':31026, ' firsthand':82568, ' the':279, ' devastating':32218, ' effects':6239, ' of':315, ' war':4116, ' on':389, ' her':1059, ' homeland':55236, '.':382, 'However':11209, ',':11, ' when':979, ' circumstances':13161, ' led':6069, ' to':311, ' a':264, ' move':3271, ' from':504, ' Bal':19420, 'ik':1579, 'p':79, 'apan':5359 ]
[1786180994] n_remain: 207
[1786180994] eval: [ 'apan':5359 ]
[1786180994] n_past = 4473
[1786180994] last: [ 'e':68, ' Re':1032, 'iko':23630, ' (':320, 'female':42634, ')':8, ' found':1730, ' herself':11675, ' thrust':29885, ' into':1119, ' the':279, ' chaos':26915, ' and':323, ' uncertainty':26826, ' that':429, ' characterized':31871, ' life':2272, ' under':1212, ' Japanese':10769, ' rule':5912, ' in':304, ' ':220, '1':16, '9':24, '4':19, '3':18, '.':13, ' Born':37816, ' and':323, ' raised':9226, ' in':304, ' Japan':6323, ' during':2337, ' World':4337, ' War':5004, ' II':7946, ',':11, ' she':1340, ' had':1030, ' witnessed':31026, ' firsthand':82568, ' the':279, ' devastating':32218, ' effects':6239, ' of':315, ' war':4116, ' on':389, ' her':1059, ' homeland':55236, '.':382, 'However':11209, ',':11, ' when':979, ' circumstances':13161, ' led':6069, ' to':311, ' a':264, ' move':3271, ' from':504, ' Bal':19420, 'ik':1579, 'p':79, 'apan':5359, ',':11 ]
[1786180994] n_remain: 206
[1786180994] eval: [ ',':11 ]
[1786180995] n_past = 4474
[1786180995] last: [ ' Re':1032, 'iko':23630, ' (':320, 'female':42634, ')':8, ' found':1730, ' herself':11675, ' thrust':29885, ' into':1119, ' the':279, ' chaos':26915, ' and':323, ' uncertainty':26826, ' that':429, ' characterized':31871, ' life':2272, ' under':1212, ' Japanese':10769, ' rule':5912, ' in':304, ' ':220, '1':16, '9':24, '4':19, '3':18, '.':13, ' Born':37816, ' and':323, ' raised':9226, ' in':304, ' Japan':6323, ' during':2337, ' World':4337, ' War':5004, ' II':7946, ',':11, ' she':1340, ' had':1030, ' witnessed':31026, ' firsthand':82568, ' the':279, ' devastating':32218, ' effects':6239, ' of':315, ' war':4116, ' on':389, ' her':1059, ' homeland':55236, '.':382, 'However':11209, ',':11, ' when':979, ' circumstances':13161, ' led':6069, ' to':311, ' a':264, ' move':3271, ' from':504, ' Bal':19420, 'ik':1579, 'p':79, 'apan':5359, ',':11, ' In':758 ]
[1786180995] n_remain: 205
[1786180995] eval: [ ' In':758 ]
[1786180995] n_past = 4475
[1786180995] last: [ 'iko':23630, ' (':320, 'female':42634, ')':8, ' found':1730, ' herself':11675, ' thrust':29885, ' into':1119, ' the':279, ' chaos':26915, ' and':323, ' uncertainty':26826, ' that':429, ' characterized':31871, ' life':2272, ' under':1212, ' Japanese':10769, ' rule':5912, ' in':304, ' ':220, '1':16, '9':24, '4':19, '3':18, '.':13, ' Born':37816, ' and':323, ' raised':9226, ' in':304, ' Japan':6323, ' during':2337, ' World':4337, ' War':5004, ' II':7946, ',':11, ' she':1340, ' had':1030, ' witnessed':31026, ' firsthand':82568, ' the':279, ' devastating':32218, ' effects':6239, ' of':315, ' war':4116, ' on':389, ' her':1059, ' homeland':55236, '.':382, 'However':11209, ',':11, ' when':979, ' circumstances':13161, ' led':6069, ' to':311, ' a':264, ' move':3271, ' from':504, ' Bal':19420, 'ik':1579, 'p':79, 'apan':5359, ',':11, ' In':758, 'ou':283 ]
[1786180995] n_remain: 204
[1786180995] eval: [ 'ou':283 ]
[1786180995] n_past = 4476
[1786180995] last: [ ' (':320, 'female':42634, ')':8, ' found':1730, ' herself':11675, ' thrust':29885, ' into':1119, ' the':279, ' chaos':26915, ' and':323, ' uncertainty':26826, ' that':429, ' characterized':31871, ' life':2272, ' under':1212, ' Japanese':10769, ' rule':5912, ' in':304, ' ':220, '1':16, '9':24, '4':19, '3':18, '.':13, ' Born':37816, ' and':323, ' raised':9226, ' in':304, ' Japan':6323, ' during':2337, ' World':4337, ' War':5004, ' II':7946, ',':11, ' she':1340, ' had':1030, ' witnessed':31026, ' firsthand':82568, ' the':279, ' devastating':32218, ' effects':6239, ' of':315, ' war':4116, ' on':389, ' her':1059, ' homeland':55236, '.':382, 'However':11209, ',':11, ' when':979, ' circumstances':13161, ' led':6069, ' to':311, ' a':264, ' move':3271, ' from':504, ' Bal':19420, 'ik':1579, 'p':79, 'apan':5359, ',':11, ' In':758, 'ou':283, 'e':68 ]
[1786180995] n_remain: 203
[1786180995] eval: [ 'e':68 ]
[1786180995] n_past = 4477
[1786180995] last: [ 'female':42634, ')':8, ' found':1730, ' herself':11675, ' thrust':29885, ' into':1119, ' the':279, ' chaos':26915, ' and':323, ' uncertainty':26826, ' that':429, ' characterized':31871, ' life':2272, ' under':1212, ' Japanese':10769, ' rule':5912, ' in':304, ' ':220, '1':16, '9':24, '4':19, '3':18, '.':13, ' Born':37816, ' and':323, ' raised':9226, ' in':304, ' Japan':6323, ' during':2337, ' World':4337, ' War':5004, ' II':7946, ',':11, ' she':1340, ' had':1030, ' witnessed':31026, ' firsthand':82568, ' the':279, ' devastating':32218, ' effects':6239, ' of':315, ' war':4116, ' on':389, ' her':1059, ' homeland':55236, '.':382, 'However':11209, ',':11, ' when':979, ' circumstances':13161, ' led':6069, ' to':311, ' a':264, ' move':3271, ' from':504, ' Bal':19420, 'ik':1579, 'p':79, 'apan':5359, ',':11, ' In':758, 'ou':283, 'e':68, ' Re':1032 ]
[1786180995] n_remain: 202
[1786180995] eval: [ ' Re':1032 ]
[1786180995] n_past = 4478
[1786180995] last: [ ')':8, ' found':1730, ' herself':11675, ' thrust':29885, ' into':1119, ' the':279, ' chaos':26915, ' and':323, ' uncertainty':26826, ' that':429, ' characterized':31871, ' life':2272, ' under':1212, ' Japanese':10769, ' rule':5912, ' in':304, ' ':220, '1':16, '9':24, '4':19, '3':18, '.':13, ' Born':37816, ' and':323, ' raised':9226, ' in':304, ' Japan':6323, ' during':2337, ' World':4337, ' War':5004, ' II':7946, ',':11, ' she':1340, ' had':1030, ' witnessed':31026, ' firsthand':82568, ' the':279, ' devastating':32218, ' effects':6239, ' of':315, ' war':4116, ' on':389, ' her':1059, ' homeland':55236, '.':382, 'However':11209, ',':11, ' when':979, ' circumstances':13161, ' led':6069, ' to':311, ' a':264, ' move':3271, ' from':504, ' Bal':19420, 'ik':1579, 'p':79, 'apan':5359, ',':11, ' In':758, 'ou':283, 'e':68, ' Re':1032, 'iko':23630 ]
[1786180995] n_remain: 201
[1786180995] eval: [ 'iko':23630 ]
[1786180996] n_past = 4479
[1786180996] last: [ ' found':1730, ' herself':11675, ' thrust':29885, ' into':1119, ' the':279, ' chaos':26915, ' and':323, ' uncertainty':26826, ' that':429, ' characterized':31871, ' life':2272, ' under':1212, ' Japanese':10769, ' rule':5912, ' in':304, ' ':220, '1':16, '9':24, '4':19, '3':18, '.':13, ' Born':37816, ' and':323, ' raised':9226, ' in':304, ' Japan':6323, ' during':2337, ' World':4337, ' War':5004, ' II':7946, ',':11, ' she':1340, ' had':1030, ' witnessed':31026, ' firsthand':82568, ' the':279, ' devastating':32218, ' effects':6239, ' of':315, ' war':4116, ' on':389, ' her':1059, ' homeland':55236, '.':382, 'However':11209, ',':11, ' when':979, ' circumstances':13161, ' led':6069, ' to':311, ' a':264, ' move':3271, ' from':504, ' Bal':19420, 'ik':1579, 'p':79, 'apan':5359, ',':11, ' In':758, 'ou':283, 'e':68, ' Re':1032, 'iko':23630, ' was':572 ]
[1786180996] n_remain: 200
[1786180996] eval: [ ' was':572 ]
[1786180996] n_past = 4480
[1786180996] last: [ ' herself':11675, ' thrust':29885, ' into':1119, ' the':279, ' chaos':26915, ' and':323, ' uncertainty':26826, ' that':429, ' characterized':31871, ' life':2272, ' under':1212, ' Japanese':10769, ' rule':5912, ' in':304, ' ':220, '1':16, '9':24, '4':19, '3':18, '.':13, ' Born':37816, ' and':323, ' raised':9226, ' in':304, ' Japan':6323, ' during':2337, ' World':4337, ' War':5004, ' II':7946, ',':11, ' she':1340, ' had':1030, ' witnessed':31026, ' firsthand':82568, ' the':279, ' devastating':32218, ' effects':6239, ' of':315, ' war':4116, ' on':389, ' her':1059, ' homeland':55236, '.':382, 'However':11209, ',':11, ' when':979, ' circumstances':13161, ' led':6069, ' to':311, ' a':264, ' move':3271, ' from':504, ' Bal':19420, 'ik':1579, 'p':79, 'apan':5359, ',':11, ' In':758, 'ou':283, 'e':68, ' Re':1032, 'iko':23630, ' was':572, ' forced':9575 ]
[1786180996] n_remain: 199
[1786180996] eval: [ ' forced':9575 ]
[1786180996] n_past = 4481
[1786180996] last: [ ' thrust':29885, ' into':1119, ' the':279, ' chaos':26915, ' and':323, ' uncertainty':26826, ' that':429, ' characterized':31871, ' life':2272, ' under':1212, ' Japanese':10769, ' rule':5912, ' in':304, ' ':220, '1':16, '9':24, '4':19, '3':18, '.':13, ' Born':37816, ' and':323, ' raised':9226, ' in':304, ' Japan':6323, ' during':2337, ' World':4337, ' War':5004, ' II':7946, ',':11, ' she':1340, ' had':1030, ' witnessed':31026, ' firsthand':82568, ' the':279, ' devastating':32218, ' effects':6239, ' of':315, ' war':4116, ' on':389, ' her':1059, ' homeland':55236, '.':382, 'However':11209, ',':11, ' when':979, ' circumstances':13161, ' led':6069, ' to':311, ' a':264, ' move':3271, ' from':504, ' Bal':19420, 'ik':1579, 'p':79, 'apan':5359, ',':11, ' In':758, 'ou':283, 'e':68, ' Re':1032, 'iko':23630, ' was':572, ' forced':9575, ' to':311 ]
[1786180996] n_remain: 198
[1786180996] eval: [ ' to':311 ]
[1786180996] n_past = 4482
[1786180996] last: [ ' into':1119, ' the':279, ' chaos':26915, ' and':323, ' uncertainty':26826, ' that':429, ' characterized':31871, ' life':2272, ' under':1212, ' Japanese':10769, ' rule':5912, ' in':304, ' ':220, '1':16, '9':24, '4':19, '3':18, '.':13, ' Born':37816, ' and':323, ' raised':9226, ' in':304, ' Japan':6323, ' during':2337, ' World':4337, ' War':5004, ' II':7946, ',':11, ' she':1340, ' had':1030, ' witnessed':31026, ' firsthand':82568, ' the':279, ' devastating':32218, ' effects':6239, ' of':315, ' war':4116, ' on':389, ' her':1059, ' homeland':55236, '.':382, 'However':11209, ',':11, ' when':979, ' circumstances':13161, ' led':6069, ' to':311, ' a':264, ' move':3271, ' from':504, ' Bal':19420, 'ik':1579, 'p':79, 'apan':5359, ',':11, ' In':758, 'ou':283, 'e':68, ' Re':1032, 'iko':23630, ' was':572, ' forced':9575, ' to':311, ' adapt':10515 ]
[1786180996] n_remain: 197
[1786180996] eval: [ ' adapt':10515 ]
[1786180996] n_past = 4483
[1786180996] last: [ ' the':279, ' chaos':26915, ' and':323, ' uncertainty':26826, ' that':429, ' characterized':31871, ' life':2272, ' under':1212, ' Japanese':10769, ' rule':5912, ' in':304, ' ':220, '1':16, '9':24, '4':19, '3':18, '.':13, ' Born':37816, ' and':323, ' raised':9226, ' in':304, ' Japan':6323, ' during':2337, ' World':4337, ' War':5004, ' II':7946, ',':11, ' she':1340, ' had':1030, ' witnessed':31026, ' firsthand':82568, ' the':279, ' devastating':32218, ' effects':6239, ' of':315, ' war':4116, ' on':389, ' her':1059, ' homeland':55236, '.':382, 'However':11209, ',':11, ' when':979, ' circumstances':13161, ' led':6069, ' to':311, ' a':264, ' move':3271, ' from':504, ' Bal':19420, 'ik':1579, 'p':79, 'apan':5359, ',':11, ' In':758, 'ou':283, 'e':68, ' Re':1032, 'iko':23630, ' was':572, ' forced':9575, ' to':311, ' adapt':10515, ' to':311 ]
[1786180996] n_remain: 196
[1786180996] eval: [ ' to':311 ]
[1786180997] n_past = 4484
[1786180997] last: [ ' chaos':26915, ' and':323, ' uncertainty':26826, ' that':429, ' characterized':31871, ' life':2272, ' under':1212, ' Japanese':10769, ' rule':5912, ' in':304, ' ':220, '1':16, '9':24, '4':19, '3':18, '.':13, ' Born':37816, ' and':323, ' raised':9226, ' in':304, ' Japan':6323, ' during':2337, ' World':4337, ' War':5004, ' II':7946, ',':11, ' she':1340, ' had':1030, ' witnessed':31026, ' firsthand':82568, ' the':279, ' devastating':32218, ' effects':6239, ' of':315, ' war':4116, ' on':389, ' her':1059, ' homeland':55236, '.':382, 'However':11209, ',':11, ' when':979, ' circumstances':13161, ' led':6069, ' to':311, ' a':264, ' move':3271, ' from':504, ' Bal':19420, 'ik':1579, 'p':79, 'apan':5359, ',':11, ' In':758, 'ou':283, 'e':68, ' Re':1032, 'iko':23630, ' was':572, ' forced':9575, ' to':311, ' adapt':10515, ' to':311, ' new':501 ]
[1786180997] n_remain: 195
[1786180997] eval: [ ' new':501 ]
[1786180997] n_past = 4485
[1786180997] last: [ ' and':323, ' uncertainty':26826, ' that':429, ' characterized':31871, ' life':2272, ' under':1212, ' Japanese':10769, ' rule':5912, ' in':304, ' ':220, '1':16, '9':24, '4':19, '3':18, '.':13, ' Born':37816, ' and':323, ' raised':9226, ' in':304, ' Japan':6323, ' during':2337, ' World':4337, ' War':5004, ' II':7946, ',':11, ' she':1340, ' had':1030, ' witnessed':31026, ' firsthand':82568, ' the':279, ' devastating':32218, ' effects':6239, ' of':315, ' war':4116, ' on':389, ' her':1059, ' homeland':55236, '.':382, 'However':11209, ',':11, ' when':979, ' circumstances':13161, ' led':6069, ' to':311, ' a':264, ' move':3271, ' from':504, ' Bal':19420, 'ik':1579, 'p':79, 'apan':5359, ',':11, ' In':758, 'ou':283, 'e':68, ' Re':1032, 'iko':23630, ' was':572, ' forced':9575, ' to':311, ' adapt':10515, ' to':311, ' new':501, ' surroundings':39090 ]
[1786180997] n_remain: 194
[1786180997] eval: [ ' surroundings':39090 ]
[1786180997] n_past = 4486
[1786180997] last: [ ' uncertainty':26826, ' that':429, ' characterized':31871, ' life':2272, ' under':1212, ' Japanese':10769, ' rule':5912, ' in':304, ' ':220, '1':16, '9':24, '4':19, '3':18, '.':13, ' Born':37816, ' and':323, ' raised':9226, ' in':304, ' Japan':6323, ' during':2337, ' World':4337, ' War':5004, ' II':7946, ',':11, ' she':1340, ' had':1030, ' witnessed':31026, ' firsthand':82568, ' the':279, ' devastating':32218, ' effects':6239, ' of':315, ' war':4116, ' on':389, ' her':1059, ' homeland':55236, '.':382, 'However':11209, ',':11, ' when':979, ' circumstances':13161, ' led':6069, ' to':311, ' a':264, ' move':3271, ' from':504, ' Bal':19420, 'ik':1579, 'p':79, 'apan':5359, ',':11, ' In':758, 'ou':283, 'e':68, ' Re':1032, 'iko':23630, ' was':572, ' forced':9575, ' to':311, ' adapt':10515, ' to':311, ' new':501, ' surroundings':39090, '.':13 ]
[1786180997] n_remain: 193
[1786180997] eval: [ '.':13 ]
[1786180997] n_past = 4487
[1786180997] last: [ ' that':429, ' characterized':31871, ' life':2272, ' under':1212, ' Japanese':10769, ' rule':5912, ' in':304, ' ':220, '1':16, '9':24, '4':19, '3':18, '.':13, ' Born':37816, ' and':323, ' raised':9226, ' in':304, ' Japan':6323, ' during':2337, ' World':4337, ' War':5004, ' II':7946, ',':11, ' she':1340, ' had':1030, ' witnessed':31026, ' firsthand':82568, ' the':279, ' devastating':32218, ' effects':6239, ' of':315, ' war':4116, ' on':389, ' her':1059, ' homeland':55236, '.':382, 'However':11209, ',':11, ' when':979, ' circumstances':13161, ' led':6069, ' to':311, ' a':264, ' move':3271, ' from':504, ' Bal':19420, 'ik':1579, 'p':79, 'apan':5359, ',':11, ' In':758, 'ou':283, 'e':68, ' Re':1032, 'iko':23630, ' was':572, ' forced':9575, ' to':311, ' adapt':10515, ' to':311, ' new':501, ' surroundings':39090, '.':13, ' She':2932 ]
[1786180997] n_remain: 192
[1786180997] eval: [ ' She':2932 ]
[1786180997] n_past = 4488
[1786180997] last: [ ' characterized':31871, ' life':2272, ' under':1212, ' Japanese':10769, ' rule':5912, ' in':304, ' ':220, '1':16, '9':24, '4':19, '3':18, '.':13, ' Born':37816, ' and':323, ' raised':9226, ' in':304, ' Japan':6323, ' during':2337, ' World':4337, ' War':5004, ' II':7946, ',':11, ' she':1340, ' had':1030, ' witnessed':31026, ' firsthand':82568, ' the':279, ' devastating':32218, ' effects':6239, ' of':315, ' war':4116, ' on':389, ' her':1059, ' homeland':55236, '.':382, 'However':11209, ',':11, ' when':979, ' circumstances':13161, ' led':6069, ' to':311, ' a':264, ' move':3271, ' from':504, ' Bal':19420, 'ik':1579, 'p':79, 'apan':5359, ',':11, ' In':758, 'ou':283, 'e':68, ' Re':1032, 'iko':23630, ' was':572, ' forced':9575, ' to':311, ' adapt':10515, ' to':311, ' new':501, ' surroundings':39090, '.':13, ' She':2932, ' embraced':42503 ]
[1786180997] n_remain: 191
[1786180997] eval: [ ' embraced':42503 ]
[1786180998] n_past = 4489
[1786180998] last: [ ' life':2272, ' under':1212, ' Japanese':10769, ' rule':5912, ' in':304, ' ':220, '1':16, '9':24, '4':19, '3':18, '.':13, ' Born':37816, ' and':323, ' raised':9226, ' in':304, ' Japan':6323, ' during':2337, ' World':4337, ' War':5004, ' II':7946, ',':11, ' she':1340, ' had':1030, ' witnessed':31026, ' firsthand':82568, ' the':279, ' devastating':32218, ' effects':6239, ' of':315, ' war':4116, ' on':389, ' her':1059, ' homeland':55236, '.':382, 'However':11209, ',':11, ' when':979, ' circumstances':13161, ' led':6069, ' to':311, ' a':264, ' move':3271, ' from':504, ' Bal':19420, 'ik':1579, 'p':79, 'apan':5359, ',':11, ' In':758, 'ou':283, 'e':68, ' Re':1032, 'iko':23630, ' was':572, ' forced':9575, ' to':311, ' adapt':10515, ' to':311, ' new':501, ' surroundings':39090, '.':13, ' She':2932, ' embraced':42503, ' this':419 ]
[1786180998] n_remain: 190
[1786180998] eval: [ ' this':419 ]
[1786180998] n_past = 4490
[1786180998] last: [ ' under':1212, ' Japanese':10769, ' rule':5912, ' in':304, ' ':220, '1':16, '9':24, '4':19, '3':18, '.':13, ' Born':37816, ' and':323, ' raised':9226, ' in':304, ' Japan':6323, ' during':2337, ' World':4337, ' War':5004, ' II':7946, ',':11, ' she':1340, ' had':1030, ' witnessed':31026, ' firsthand':82568, ' the':279, ' devastating':32218, ' effects':6239, ' of':315, ' war':4116, ' on':389, ' her':1059, ' homeland':55236, '.':382, 'However':11209, ',':11, ' when':979, ' circumstances':13161, ' led':6069, ' to':311, ' a':264, ' move':3271, ' from':504, ' Bal':19420, 'ik':1579, 'p':79, 'apan':5359, ',':11, ' In':758, 'ou':283, 'e':68, ' Re':1032, 'iko':23630, ' was':572, ' forced':9575, ' to':311, ' adapt':10515, ' to':311, ' new':501, ' surroundings':39090, '.':13, ' She':2932, ' embraced':42503, ' this':419, ' change':2297 ]
[1786180998] n_remain: 189
[1786180998] eval: [ ' change':2297 ]
[1786180998] n_past = 4491
[1786180998] last: [ ' Japanese':10769, ' rule':5912, ' in':304, ' ':220, '1':16, '9':24, '4':19, '3':18, '.':13, ' Born':37816, ' and':323, ' raised':9226, ' in':304, ' Japan':6323, ' during':2337, ' World':4337, ' War':5004, ' II':7946, ',':11, ' she':1340, ' had':1030, ' witnessed':31026, ' firsthand':82568, ' the':279, ' devastating':32218, ' effects':6239, ' of':315, ' war':4116, ' on':389, ' her':1059, ' homeland':55236, '.':382, 'However':11209, ',':11, ' when':979, ' circumstances':13161, ' led':6069, ' to':311, ' a':264, ' move':3271, ' from':504, ' Bal':19420, 'ik':1579, 'p':79, 'apan':5359, ',':11, ' In':758, 'ou':283, 'e':68, ' Re':1032, 'iko':23630, ' was':572, ' forced':9575, ' to':311, ' adapt':10515, ' to':311, ' new':501, ' surroundings':39090, '.':13, ' She':2932, ' embraced':42503, ' this':419, ' change':2297, ' with':448 ]
[1786180998] n_remain: 188
[1786180998] eval: [ ' with':448 ]
[1786180998] n_past = 4492
[1786180998] last: [ ' rule':5912, ' in':304, ' ':220, '1':16, '9':24, '4':19, '3':18, '.':13, ' Born':37816, ' and':323, ' raised':9226, ' in':304, ' Japan':6323, ' during':2337, ' World':4337, ' War':5004, ' II':7946, ',':11, ' she':1340, ' had':1030, ' witnessed':31026, ' firsthand':82568, ' the':279, ' devastating':32218, ' effects':6239, ' of':315, ' war':4116, ' on':389, ' her':1059, ' homeland':55236, '.':382, 'However':11209, ',':11, ' when':979, ' circumstances':13161, ' led':6069, ' to':311, ' a':264, ' move':3271, ' from':504, ' Bal':19420, 'ik':1579, 'p':79, 'apan':5359, ',':11, ' In':758, 'ou':283, 'e':68, ' Re':1032, 'iko':23630, ' was':572, ' forced':9575, ' to':311, ' adapt':10515, ' to':311, ' new':501, ' surroundings':39090, '.':13, ' She':2932, ' embraced':42503, ' this':419, ' change':2297, ' with':448, ' an':458 ]
[1786180998] n_remain: 187
[1786180998] eval: [ ' an':458 ]
[1786180998] n_past = 4493
[1786180998] last: [ ' in':304, ' ':220, '1':16, '9':24, '4':19, '3':18, '.':13, ' Born':37816, ' and':323, ' raised':9226, ' in':304, ' Japan':6323, ' during':2337, ' World':4337, ' War':5004, ' II':7946, ',':11, ' she':1340, ' had':1030, ' witnessed':31026, ' firsthand':82568, ' the':279, ' devastating':32218, ' effects':6239, ' of':315, ' war':4116, ' on':389, ' her':1059, ' homeland':55236, '.':382, 'However':11209, ',':11, ' when':979, ' circumstances':13161, ' led':6069, ' to':311, ' a':264, ' move':3271, ' from':504, ' Bal':19420, 'ik':1579, 'p':79, 'apan':5359, ',':11, ' In':758, 'ou':283, 'e':68, ' Re':1032, 'iko':23630, ' was':572, ' forced':9575, ' to':311, ' adapt':10515, ' to':311, ' new':501, ' surroundings':39090, '.':13, ' She':2932, ' embraced':42503, ' this':419, ' change':2297, ' with':448, ' an':458, ' open':1787 ]
[1786180998] n_remain: 186
[1786180998] eval: [ ' open':1787 ]
[1786180999] n_past = 4494
[1786180999] last: [ ' ':220, '1':16, '9':24, '4':19, '3':18, '.':13, ' Born':37816, ' and':323, ' raised':9226, ' in':304, ' Japan':6323, ' during':2337, ' World':4337, ' War':5004, ' II':7946, ',':11, ' she':1340, ' had':1030, ' witnessed':31026, ' firsthand':82568, ' the':279, ' devastating':32218, ' effects':6239, ' of':315, ' war':4116, ' on':389, ' her':1059, ' homeland':55236, '.':382, 'However':11209, ',':11, ' when':979, ' circumstances':13161, ' led':6069, ' to':311, ' a':264, ' move':3271, ' from':504, ' Bal':19420, 'ik':1579, 'p':79, 'apan':5359, ',':11, ' In':758, 'ou':283, 'e':68, ' Re':1032, 'iko':23630, ' was':572, ' forced':9575, ' to':311, ' adapt':10515, ' to':311, ' new':501, ' surroundings':39090, '.':13, ' She':2932, ' embraced':42503, ' this':419, ' change':2297, ' with':448, ' an':458, ' open':1787, ' mind':3971 ]
[1786180999] n_remain: 185
[1786180999] eval: [ ' mind':3971 ]
[1786180999] n_past = 4495
[1786180999] last: [ '1':16, '9':24, '4':19, '3':18, '.':13, ' Born':37816, ' and':323, ' raised':9226, ' in':304, ' Japan':6323, ' during':2337, ' World':4337, ' War':5004, ' II':7946, ',':11, ' she':1340, ' had':1030, ' witnessed':31026, ' firsthand':82568, ' the':279, ' devastating':32218, ' effects':6239, ' of':315, ' war':4116, ' on':389, ' her':1059, ' homeland':55236, '.':382, 'However':11209, ',':11, ' when':979, ' circumstances':13161, ' led':6069, ' to':311, ' a':264, ' move':3271, ' from':504, ' Bal':19420, 'ik':1579, 'p':79, 'apan':5359, ',':11, ' In':758, 'ou':283, 'e':68, ' Re':1032, 'iko':23630, ' was':572, ' forced':9575, ' to':311, ' adapt':10515, ' to':311, ' new':501, ' surroundings':39090, '.':13, ' She':2932, ' embraced':42503, ' this':419, ' change':2297, ' with':448, ' an':458, ' open':1787, ' mind':3971, ' and':323 ]
[1786180999] n_remain: 184
[1786180999] eval: [ ' and':323 ]
[1786180999] n_past = 4496
[1786180999] last: [ '9':24, '4':19, '3':18, '.':13, ' Born':37816, ' and':323, ' raised':9226, ' in':304, ' Japan':6323, ' during':2337, ' World':4337, ' War':5004, ' II':7946, ',':11, ' she':1340, ' had':1030, ' witnessed':31026, ' firsthand':82568, ' the':279, ' devastating':32218, ' effects':6239, ' of':315, ' war':4116, ' on':389, ' her':1059, ' homeland':55236, '.':382, 'However':11209, ',':11, ' when':979, ' circumstances':13161, ' led':6069, ' to':311, ' a':264, ' move':3271, ' from':504, ' Bal':19420, 'ik':1579, 'p':79, 'apan':5359, ',':11, ' In':758, 'ou':283, 'e':68, ' Re':1032, 'iko':23630, ' was':572, ' forced':9575, ' to':311, ' adapt':10515, ' to':311, ' new':501, ' surroundings':39090, '.':13, ' She':2932, ' embraced':42503, ' this':419, ' change':2297, ' with':448, ' an':458, ' open':1787, ' mind':3971, ' and':323, ' heart':4746 ]
[1786180999] n_remain: 183
[1786180999] eval: [ ' heart':4746 ]
[1786180999] n_past = 4497
[1786180999] last: [ '4':19, '3':18, '.':13, ' Born':37816, ' and':323, ' raised':9226, ' in':304, ' Japan':6323, ' during':2337, ' World':4337, ' War':5004, ' II':7946, ',':11, ' she':1340, ' had':1030, ' witnessed':31026, ' firsthand':82568, ' the':279, ' devastating':32218, ' effects':6239, ' of':315, ' war':4116, ' on':389, ' her':1059, ' homeland':55236, '.':382, 'However':11209, ',':11, ' when':979, ' circumstances':13161, ' led':6069, ' to':311, ' a':264, ' move':3271, ' from':504, ' Bal':19420, 'ik':1579, 'p':79, 'apan':5359, ',':11, ' In':758, 'ou':283, 'e':68, ' Re':1032, 'iko':23630, ' was':572, ' forced':9575, ' to':311, ' adapt':10515, ' to':311, ' new':501, ' surroundings':39090, '.':13, ' She':2932, ' embraced':42503, ' this':419, ' change':2297, ' with':448, ' an':458, ' open':1787, ' mind':3971, ' and':323, ' heart':4746, ',':11 ]
[1786180999] n_remain: 182
[1786180999] eval: [ ',':11 ]
[1786181000] n_past = 4498
[1786181000] last: [ '3':18, '.':13, ' Born':37816, ' and':323, ' raised':9226, ' in':304, ' Japan':6323, ' during':2337, ' World':4337, ' War':5004, ' II':7946, ',':11, ' she':1340, ' had':1030, ' witnessed':31026, ' firsthand':82568, ' the':279, ' devastating':32218, ' effects':6239, ' of':315, ' war':4116, ' on':389, ' her':1059, ' homeland':55236, '.':382, 'However':11209, ',':11, ' when':979, ' circumstances':13161, ' led':6069, ' to':311, ' a':264, ' move':3271, ' from':504, ' Bal':19420, 'ik':1579, 'p':79, 'apan':5359, ',':11, ' In':758, 'ou':283, 'e':68, ' Re':1032, 'iko':23630, ' was':572, ' forced':9575, ' to':311, ' adapt':10515, ' to':311, ' new':501, ' surroundings':39090, '.':13, ' She':2932, ' embraced':42503, ' this':419, ' change':2297, ' with':448, ' an':458, ' open':1787, ' mind':3971, ' and':323, ' heart':4746, ',':11, ' eager':23541 ]
[1786181000] n_remain: 181
[1786181000] eval: [ ' eager':23541 ]
[1786181000] n_past = 4499
[1786181000] last: [ '.':13, ' Born':37816, ' and':323, ' raised':9226, ' in':304, ' Japan':6323, ' during':2337, ' World':4337, ' War':5004, ' II':7946, ',':11, ' she':1340, ' had':1030, ' witnessed':31026, ' firsthand':82568, ' the':279, ' devastating':32218, ' effects':6239, ' of':315, ' war':4116, ' on':389, ' her':1059, ' homeland':55236, '.':382, 'However':11209, ',':11, ' when':979, ' circumstances':13161, ' led':6069, ' to':311, ' a':264, ' move':3271, ' from':504, ' Bal':19420, 'ik':1579, 'p':79, 'apan':5359, ',':11, ' In':758, 'ou':283, 'e':68, ' Re':1032, 'iko':23630, ' was':572, ' forced':9575, ' to':311, ' adapt':10515, ' to':311, ' new':501, ' surroundings':39090, '.':13, ' She':2932, ' embraced':42503, ' this':419, ' change':2297, ' with':448, ' an':458, ' open':1787, ' mind':3971, ' and':323, ' heart':4746, ',':11, ' eager':23541, ' to':311 ]
[1786181000] n_remain: 180
[1786181000] eval: [ ' to':311 ]
[1786181000] n_past = 4500
[1786181000] last: [ ' Born':37816, ' and':323, ' raised':9226, ' in':304, ' Japan':6323, ' during':2337, ' World':4337, ' War':5004, ' II':7946, ',':11, ' she':1340, ' had':1030, ' witnessed':31026, ' firsthand':82568, ' the':279, ' devastating':32218, ' effects':6239, ' of':315, ' war':4116, ' on':389, ' her':1059, ' homeland':55236, '.':382, 'However':11209, ',':11, ' when':979, ' circumstances':13161, ' led':6069, ' to':311, ' a':264, ' move':3271, ' from':504, ' Bal':19420, 'ik':1579, 'p':79, 'apan':5359, ',':11, ' In':758, 'ou':283, 'e':68, ' Re':1032, 'iko':23630, ' was':572, ' forced':9575, ' to':311, ' adapt':10515, ' to':311, ' new':501, ' surroundings':39090, '.':13, ' She':2932, ' embraced':42503, ' this':419, ' change':2297, ' with':448, ' an':458, ' open':1787, ' mind':3971, ' and':323, ' heart':4746, ',':11, ' eager':23541, ' to':311, ' learn':3960 ]
[1786181000] n_remain: 179
[1786181000] eval: [ ' learn':3960 ]
[1786181000] n_past = 4501
[1786181000] last: [ ' and':323, ' raised':9226, ' in':304, ' Japan':6323, ' during':2337, ' World':4337, ' War':5004, ' II':7946, ',':11, ' she':1340, ' had':1030, ' witnessed':31026, ' firsthand':82568, ' the':279, ' devastating':32218, ' effects':6239, ' of':315, ' war':4116, ' on':389, ' her':1059, ' homeland':55236, '.':382, 'However':11209, ',':11, ' when':979, ' circumstances':13161, ' led':6069, ' to':311, ' a':264, ' move':3271, ' from':504, ' Bal':19420, 'ik':1579, 'p':79, 'apan':5359, ',':11, ' In':758, 'ou':283, 'e':68, ' Re':1032, 'iko':23630, ' was':572, ' forced':9575, ' to':311, ' adapt':10515, ' to':311, ' new':501, ' surroundings':39090, '.':13, ' She':2932, ' embraced':42503, ' this':419, ' change':2297, ' with':448, ' an':458, ' open':1787, ' mind':3971, ' and':323, ' heart':4746, ',':11, ' eager':23541, ' to':311, ' learn':3960, ' about':911 ]
[1786181000] n_remain: 178
[1786181000] eval: [ ' about':911 ]
[1786181000] n_past = 4502
[1786181000] last: [ ' raised':9226, ' in':304, ' Japan':6323, ' during':2337, ' World':4337, ' War':5004, ' II':7946, ',':11, ' she':1340, ' had':1030, ' witnessed':31026, ' firsthand':82568, ' the':279, ' devastating':32218, ' effects':6239, ' of':315, ' war':4116, ' on':389, ' her':1059, ' homeland':55236, '.':382, 'However':11209, ',':11, ' when':979, ' circumstances':13161, ' led':6069, ' to':311, ' a':264, ' move':3271, ' from':504, ' Bal':19420, 'ik':1579, 'p':79, 'apan':5359, ',':11, ' In':758, 'ou':283, 'e':68, ' Re':1032, 'iko':23630, ' was':572, ' forced':9575, ' to':311, ' adapt':10515, ' to':311, ' new':501, ' surroundings':39090, '.':13, ' She':2932, ' embraced':42503, ' this':419, ' change':2297, ' with':448, ' an':458, ' open':1787, ' mind':3971, ' and':323, ' heart':4746, ',':11, ' eager':23541, ' to':311, ' learn':3960, ' about':911, ' the':279 ]
[1786181000] n_remain: 177
[1786181000] eval: [ ' the':279 ]
[1786181001] n_past = 4503
[1786181001] last: [ ' in':304, ' Japan':6323, ' during':2337, ' World':4337, ' War':5004, ' II':7946, ',':11, ' she':1340, ' had':1030, ' witnessed':31026, ' firsthand':82568, ' the':279, ' devastating':32218, ' effects':6239, ' of':315, ' war':4116, ' on':389, ' her':1059, ' homeland':55236, '.':382, 'However':11209, ',':11, ' when':979, ' circumstances':13161, ' led':6069, ' to':311, ' a':264, ' move':3271, ' from':504, ' Bal':19420, 'ik':1579, 'p':79, 'apan':5359, ',':11, ' In':758, 'ou':283, 'e':68, ' Re':1032, 'iko':23630, ' was':572, ' forced':9575, ' to':311, ' adapt':10515, ' to':311, ' new':501, ' surroundings':39090, '.':13, ' She':2932, ' embraced':42503, ' this':419, ' change':2297, ' with':448, ' an':458, ' open':1787, ' mind':3971, ' and':323, ' heart':4746, ',':11, ' eager':23541, ' to':311, ' learn':3960, ' about':911, ' the':279, ' customs':34769 ]
[1786181001] n_remain: 176
[1786181001] eval: [ ' customs':34769 ]
[1786181001] n_past = 4504
[1786181001] last: [ ' Japan':6323, ' during':2337, ' World':4337, ' War':5004, ' II':7946, ',':11, ' she':1340, ' had':1030, ' witnessed':31026, ' firsthand':82568, ' the':279, ' devastating':32218, ' effects':6239, ' of':315, ' war':4116, ' on':389, ' her':1059, ' homeland':55236, '.':382, 'However':11209, ',':11, ' when':979, ' circumstances':13161, ' led':6069, ' to':311, ' a':264, ' move':3271, ' from':504, ' Bal':19420, 'ik':1579, 'p':79, 'apan':5359, ',':11, ' In':758, 'ou':283, 'e':68, ' Re':1032, 'iko':23630, ' was':572, ' forced':9575, ' to':311, ' adapt':10515, ' to':311, ' new':501, ' surroundings':39090, '.':13, ' She':2932, ' embraced':42503, ' this':419, ' change':2297, ' with':448, ' an':458, ' open':1787, ' mind':3971, ' and':323, ' heart':4746, ',':11, ' eager':23541, ' to':311, ' learn':3960, ' about':911, ' the':279, ' customs':34769, ',':11 ]
[1786181001] n_remain: 175
[1786181001] eval: [ ',':11 ]
[1786181001] n_past = 4505
[1786181001] last: [ ' during':2337, ' World':4337, ' War':5004, ' II':7946, ',':11, ' she':1340, ' had':1030, ' witnessed':31026, ' firsthand':82568, ' the':279, ' devastating':32218, ' effects':6239, ' of':315, ' war':4116, ' on':389, ' her':1059, ' homeland':55236, '.':382, 'However':11209, ',':11, ' when':979, ' circumstances':13161, ' led':6069, ' to':311, ' a':264, ' move':3271, ' from':504, ' Bal':19420, 'ik':1579, 'p':79, 'apan':5359, ',':11, ' In':758, 'ou':283, 'e':68, ' Re':1032, 'iko':23630, ' was':572, ' forced':9575, ' to':311, ' adapt':10515, ' to':311, ' new':501, ' surroundings':39090, '.':13, ' She':2932, ' embraced':42503, ' this':419, ' change':2297, ' with':448, ' an':458, ' open':1787, ' mind':3971, ' and':323, ' heart':4746, ',':11, ' eager':23541, ' to':311, ' learn':3960, ' about':911, ' the':279, ' customs':34769, ',':11, ' traditions':30906 ]
[1786181001] n_remain: 174
[1786181001] eval: [ ' traditions':30906 ]
[1786181001] n_past = 4506
[1786181001] last: [ ' World':4337, ' War':5004, ' II':7946, ',':11, ' she':1340, ' had':1030, ' witnessed':31026, ' firsthand':82568, ' the':279, ' devastating':32218, ' effects':6239, ' of':315, ' war':4116, ' on':389, ' her':1059, ' homeland':55236, '.':382, 'However':11209, ',':11, ' when':979, ' circumstances':13161, ' led':6069, ' to':311, ' a':264, ' move':3271, ' from':504, ' Bal':19420, 'ik':1579, 'p':79, 'apan':5359, ',':11, ' In':758, 'ou':283, 'e':68, ' Re':1032, 'iko':23630, ' was':572, ' forced':9575, ' to':311, ' adapt':10515, ' to':311, ' new':501, ' surroundings':39090, '.':13, ' She':2932, ' embraced':42503, ' this':419, ' change':2297, ' with':448, ' an':458, ' open':1787, ' mind':3971, ' and':323, ' heart':4746, ',':11, ' eager':23541, ' to':311, ' learn':3960, ' about':911, ' the':279, ' customs':34769, ',':11, ' traditions':30906, ',':11 ]
[1786181001] n_remain: 173
[1786181001] eval: [ ',':11 ]
[1786181001] n_past = 4507
[1786181001] last: [ ' War':5004, ' II':7946, ',':11, ' she':1340, ' had':1030, ' witnessed':31026, ' firsthand':82568, ' the':279, ' devastating':32218, ' effects':6239, ' of':315, ' war':4116, ' on':389, ' her':1059, ' homeland':55236, '.':382, 'However':11209, ',':11, ' when':979, ' circumstances':13161, ' led':6069, ' to':311, ' a':264, ' move':3271, ' from':504, ' Bal':19420, 'ik':1579, 'p':79, 'apan':5359, ',':11, ' In':758, 'ou':283, 'e':68, ' Re':1032, 'iko':23630, ' was':572, ' forced':9575, ' to':311, ' adapt':10515, ' to':311, ' new':501, ' surroundings':39090, '.':13, ' She':2932, ' embraced':42503, ' this':419, ' change':2297, ' with':448, ' an':458, ' open':1787, ' mind':3971, ' and':323, ' heart':4746, ',':11, ' eager':23541, ' to':311, ' learn':3960, ' about':911, ' the':279, ' customs':34769, ',':11, ' traditions':30906, ',':11, ' and':323 ]
[1786181001] n_remain: 172
[1786181001] eval: [ ' and':323 ]
[1786181002] n_past = 4508
[1786181002] last: [ ' II':7946, ',':11, ' she':1340, ' had':1030, ' witnessed':31026, ' firsthand':82568, ' the':279, ' devastating':32218, ' effects':6239, ' of':315, ' war':4116, ' on':389, ' her':1059, ' homeland':55236, '.':382, 'However':11209, ',':11, ' when':979, ' circumstances':13161, ' led':6069, ' to':311, ' a':264, ' move':3271, ' from':504, ' Bal':19420, 'ik':1579, 'p':79, 'apan':5359, ',':11, ' In':758, 'ou':283, 'e':68, ' Re':1032, 'iko':23630, ' was':572, ' forced':9575, ' to':311, ' adapt':10515, ' to':311, ' new':501, ' surroundings':39090, '.':13, ' She':2932, ' embraced':42503, ' this':419, ' change':2297, ' with':448, ' an':458, ' open':1787, ' mind':3971, ' and':323, ' heart':4746, ',':11, ' eager':23541, ' to':311, ' learn':3960, ' about':911, ' the':279, ' customs':34769, ',':11, ' traditions':30906, ',':11, ' and':323, ' people':1251 ]
[1786181002] n_remain: 171
[1786181002] eval: [ ' people':1251 ]
[1786181002] n_past = 4509
[1786181002] last: [ ',':11, ' she':1340, ' had':1030, ' witnessed':31026, ' firsthand':82568, ' the':279, ' devastating':32218, ' effects':6239, ' of':315, ' war':4116, ' on':389, ' her':1059, ' homeland':55236, '.':382, 'However':11209, ',':11, ' when':979, ' circumstances':13161, ' led':6069, ' to':311, ' a':264, ' move':3271, ' from':504, ' Bal':19420, 'ik':1579, 'p':79, 'apan':5359, ',':11, ' In':758, 'ou':283, 'e':68, ' Re':1032, 'iko':23630, ' was':572, ' forced':9575, ' to':311, ' adapt':10515, ' to':311, ' new':501, ' surroundings':39090, '.':13, ' She':2932, ' embraced':42503, ' this':419, ' change':2297, ' with':448, ' an':458, ' open':1787, ' mind':3971, ' and':323, ' heart':4746, ',':11, ' eager':23541, ' to':311, ' learn':3960, ' about':911, ' the':279, ' customs':34769, ',':11, ' traditions':30906, ',':11, ' and':323, ' people':1251, ' who':879 ]
[1786181002] n_remain: 170
[1786181002] eval: [ ' who':879 ]
[1786181002] n_past = 4510
[1786181002] last: [ ' she':1340, ' had':1030, ' witnessed':31026, ' firsthand':82568, ' the':279, ' devastating':32218, ' effects':6239, ' of':315, ' war':4116, ' on':389, ' her':1059, ' homeland':55236, '.':382, 'However':11209, ',':11, ' when':979, ' circumstances':13161, ' led':6069, ' to':311, ' a':264, ' move':3271, ' from':504, ' Bal':19420, 'ik':1579, 'p':79, 'apan':5359, ',':11, ' In':758, 'ou':283, 'e':68, ' Re':1032, 'iko':23630, ' was':572, ' forced':9575, ' to':311, ' adapt':10515, ' to':311, ' new':501, ' surroundings':39090, '.':13, ' She':2932, ' embraced':42503, ' this':419, ' change':2297, ' with':448, ' an':458, ' open':1787, ' mind':3971, ' and':323, ' heart':4746, ',':11, ' eager':23541, ' to':311, ' learn':3960, ' about':911, ' the':279, ' customs':34769, ',':11, ' traditions':30906, ',':11, ' and':323, ' people':1251, ' who':879, ' inhabited':69498 ]
[1786181002] n_remain: 169
[1786181002] eval: [ ' inhabited':69498 ]
[1786181002] n_past = 4511
[1786181002] last: [ ' had':1030, ' witnessed':31026, ' firsthand':82568, ' the':279, ' devastating':32218, ' effects':6239, ' of':315, ' war':4116, ' on':389, ' her':1059, ' homeland':55236, '.':382, 'However':11209, ',':11, ' when':979, ' circumstances':13161, ' led':6069, ' to':311, ' a':264, ' move':3271, ' from':504, ' Bal':19420, 'ik':1579, 'p':79, 'apan':5359, ',':11, ' In':758, 'ou':283, 'e':68, ' Re':1032, 'iko':23630, ' was':572, ' forced':9575, ' to':311, ' adapt':10515, ' to':311, ' new':501, ' surroundings':39090, '.':13, ' She':2932, ' embraced':42503, ' this':419, ' change':2297, ' with':448, ' an':458, ' open':1787, ' mind':3971, ' and':323, ' heart':4746, ',':11, ' eager':23541, ' to':311, ' learn':3960, ' about':911, ' the':279, ' customs':34769, ',':11, ' traditions':30906, ',':11, ' and':323, ' people':1251, ' who':879, ' inhabited':69498, ' this':419 ]
[1786181002] n_remain: 168
[1786181002] eval: [ ' this':419 ]
[1786181003] n_past = 4512
[1786181003] last: [ ' witnessed':31026, ' firsthand':82568, ' the':279, ' devastating':32218, ' effects':6239, ' of':315, ' war':4116, ' on':389, ' her':1059, ' homeland':55236, '.':382, 'However':11209, ',':11, ' when':979, ' circumstances':13161, ' led':6069, ' to':311, ' a':264, ' move':3271, ' from':504, ' Bal':19420, 'ik':1579, 'p':79, 'apan':5359, ',':11, ' In':758, 'ou':283, 'e':68, ' Re':1032, 'iko':23630, ' was':572, ' forced':9575, ' to':311, ' adapt':10515, ' to':311, ' new':501, ' surroundings':39090, '.':13, ' She':2932, ' embraced':42503, ' this':419, ' change':2297, ' with':448, ' an':458, ' open':1787, ' mind':3971, ' and':323, ' heart':4746, ',':11, ' eager':23541, ' to':311, ' learn':3960, ' about':911, ' the':279, ' customs':34769, ',':11, ' traditions':30906, ',':11, ' and':323, ' people':1251, ' who':879, ' inhabited':69498, ' this':419, ' mysterious':25382 ]
[1786181003] n_remain: 167
[1786181003] eval: [ ' mysterious':25382 ]
[1786181003] n_past = 4513
[1786181003] last: [ ' firsthand':82568, ' the':279, ' devastating':32218, ' effects':6239, ' of':315, ' war':4116, ' on':389, ' her':1059, ' homeland':55236, '.':382, 'However':11209, ',':11, ' when':979, ' circumstances':13161, ' led':6069, ' to':311, ' a':264, ' move':3271, ' from':504, ' Bal':19420, 'ik':1579, 'p':79, 'apan':5359, ',':11, ' In':758, 'ou':283, 'e':68, ' Re':1032, 'iko':23630, ' was':572, ' forced':9575, ' to':311, ' adapt':10515, ' to':311, ' new':501, ' surroundings':39090, '.':13, ' She':2932, ' embraced':42503, ' this':419, ' change':2297, ' with':448, ' an':458, ' open':1787, ' mind':3971, ' and':323, ' heart':4746, ',':11, ' eager':23541, ' to':311, ' learn':3960, ' about':911, ' the':279, ' customs':34769, ',':11, ' traditions':30906, ',':11, ' and':323, ' people':1251, ' who':879, ' inhabited':69498, ' this':419, ' mysterious':25382, ' region':5537 ]
[1786181003] n_remain: 166
[1786181003] eval: [ ' region':5537 ]
[1786181003] n_past = 4514
[1786181003] last: [ ' the':279, ' devastating':32218, ' effects':6239, ' of':315, ' war':4116, ' on':389, ' her':1059, ' homeland':55236, '.':382, 'However':11209, ',':11, ' when':979, ' circumstances':13161, ' led':6069, ' to':311, ' a':264, ' move':3271, ' from':504, ' Bal':19420, 'ik':1579, 'p':79, 'apan':5359, ',':11, ' In':758, 'ou':283, 'e':68, ' Re':1032, 'iko':23630, ' was':572, ' forced':9575, ' to':311, ' adapt':10515, ' to':311, ' new':501, ' surroundings':39090, '.':13, ' She':2932, ' embraced':42503, ' this':419, ' change':2297, ' with':448, ' an':458, ' open':1787, ' mind':3971, ' and':323, ' heart':4746, ',':11, ' eager':23541, ' to':311, ' learn':3960, ' about':911, ' the':279, ' customs':34769, ',':11, ' traditions':30906, ',':11, ' and':323, ' people':1251, ' who':879, ' inhabited':69498, ' this':419, ' mysterious':25382, ' region':5537, ' under':1212 ]
[1786181003] n_remain: 165
[1786181003] eval: [ ' under':1212 ]
[1786181003] n_past = 4515
[1786181003] last: [ ' devastating':32218, ' effects':6239, ' of':315, ' war':4116, ' on':389, ' her':1059, ' homeland':55236, '.':382, 'However':11209, ',':11, ' when':979, ' circumstances':13161, ' led':6069, ' to':311, ' a':264, ' move':3271, ' from':504, ' Bal':19420, 'ik':1579, 'p':79, 'apan':5359, ',':11, ' In':758, 'ou':283, 'e':68, ' Re':1032, 'iko':23630, ' was':572, ' forced':9575, ' to':311, ' adapt':10515, ' to':311, ' new':501, ' surroundings':39090, '.':13, ' She':2932, ' embraced':42503, ' this':419, ' change':2297, ' with':448, ' an':458, ' open':1787, ' mind':3971, ' and':323, ' heart':4746, ',':11, ' eager':23541, ' to':311, ' learn':3960, ' about':911, ' the':279, ' customs':34769, ',':11, ' traditions':30906, ',':11, ' and':323, ' people':1251, ' who':879, ' inhabited':69498, ' this':419, ' mysterious':25382, ' region':5537, ' under':1212, ' Japanese':10769 ]
[1786181003] n_remain: 164
[1786181003] eval: [ ' Japanese':10769 ]
[1786181003] n_past = 4516
[1786181003] last: [ ' effects':6239, ' of':315, ' war':4116, ' on':389, ' her':1059, ' homeland':55236, '.':382, 'However':11209, ',':11, ' when':979, ' circumstances':13161, ' led':6069, ' to':311, ' a':264, ' move':3271, ' from':504, ' Bal':19420, 'ik':1579, 'p':79, 'apan':5359, ',':11, ' In':758, 'ou':283, 'e':68, ' Re':1032, 'iko':23630, ' was':572, ' forced':9575, ' to':311, ' adapt':10515, ' to':311, ' new':501, ' surroundings':39090, '.':13, ' She':2932, ' embraced':42503, ' this':419, ' change':2297, ' with':448, ' an':458, ' open':1787, ' mind':3971, ' and':323, ' heart':4746, ',':11, ' eager':23541, ' to':311, ' learn':3960, ' about':911, ' the':279, ' customs':34769, ',':11, ' traditions':30906, ',':11, ' and':323, ' people':1251, ' who':879, ' inhabited':69498, ' this':419, ' mysterious':25382, ' region':5537, ' under':1212, ' Japanese':10769, ' occupation':29647 ]
[1786181003] n_remain: 163
[1786181003] eval: [ ' occupation':29647 ]
[1786181004] n_past = 4517
[1786181004] last: [ ' of':315, ' war':4116, ' on':389, ' her':1059, ' homeland':55236, '.':382, 'However':11209, ',':11, ' when':979, ' circumstances':13161, ' led':6069, ' to':311, ' a':264, ' move':3271, ' from':504, ' Bal':19420, 'ik':1579, 'p':79, 'apan':5359, ',':11, ' In':758, 'ou':283, 'e':68, ' Re':1032, 'iko':23630, ' was':572, ' forced':9575, ' to':311, ' adapt':10515, ' to':311, ' new':501, ' surroundings':39090, '.':13, ' She':2932, ' embraced':42503, ' this':419, ' change':2297, ' with':448, ' an':458, ' open':1787, ' mind':3971, ' and':323, ' heart':4746, ',':11, ' eager':23541, ' to':311, ' learn':3960, ' about':911, ' the':279, ' customs':34769, ',':11, ' traditions':30906, ',':11, ' and':323, ' people':1251, ' who':879, ' inhabited':69498, ' this':419, ' mysterious':25382, ' region':5537, ' under':1212, ' Japanese':10769, ' occupation':29647, '.':382 ]
[1786181004] n_remain: 162
[1786181004] eval: [ '.':382 ]
[1786181004] n_past = 4518
[1786181004] last: [ ' war':4116, ' on':389, ' her':1059, ' homeland':55236, '.':382, 'However':11209, ',':11, ' when':979, ' circumstances':13161, ' led':6069, ' to':311, ' a':264, ' move':3271, ' from':504, ' Bal':19420, 'ik':1579, 'p':79, 'apan':5359, ',':11, ' In':758, 'ou':283, 'e':68, ' Re':1032, 'iko':23630, ' was':572, ' forced':9575, ' to':311, ' adapt':10515, ' to':311, ' new':501, ' surroundings':39090, '.':13, ' She':2932, ' embraced':42503, ' this':419, ' change':2297, ' with':448, ' an':458, ' open':1787, ' mind':3971, ' and':323, ' heart':4746, ',':11, ' eager':23541, ' to':311, ' learn':3960, ' about':911, ' the':279, ' customs':34769, ',':11, ' traditions':30906, ',':11, ' and':323, ' people':1251, ' who':879, ' inhabited':69498, ' this':419, ' mysterious':25382, ' region':5537, ' under':1212, ' Japanese':10769, ' occupation':29647, '.':382, 'The':785 ]
[1786181004] n_remain: 161
[1786181004] eval: [ 'The':785 ]
[1786181004] n_past = 4519
[1786181004] last: [ ' on':389, ' her':1059, ' homeland':55236, '.':382, 'However':11209, ',':11, ' when':979, ' circumstances':13161, ' led':6069, ' to':311, ' a':264, ' move':3271, ' from':504, ' Bal':19420, 'ik':1579, 'p':79, 'apan':5359, ',':11, ' In':758, 'ou':283, 'e':68, ' Re':1032, 'iko':23630, ' was':572, ' forced':9575, ' to':311, ' adapt':10515, ' to':311, ' new':501, ' surroundings':39090, '.':13, ' She':2932, ' embraced':42503, ' this':419, ' change':2297, ' with':448, ' an':458, ' open':1787, ' mind':3971, ' and':323, ' heart':4746, ',':11, ' eager':23541, ' to':311, ' learn':3960, ' about':911, ' the':279, ' customs':34769, ',':11, ' traditions':30906, ',':11, ' and':323, ' people':1251, ' who':879, ' inhabited':69498, ' this':419, ' mysterious':25382, ' region':5537, ' under':1212, ' Japanese':10769, ' occupation':29647, '.':382, 'The':785, ' following':2701 ]
[1786181004] n_remain: 160
[1786181004] eval: [ ' following':2701 ]
[1786181004] n_past = 4520
[1786181004] last: [ ' her':1059, ' homeland':55236, '.':382, 'However':11209, ',':11, ' when':979, ' circumstances':13161, ' led':6069, ' to':311, ' a':264, ' move':3271, ' from':504, ' Bal':19420, 'ik':1579, 'p':79, 'apan':5359, ',':11, ' In':758, 'ou':283, 'e':68, ' Re':1032, 'iko':23630, ' was':572, ' forced':9575, ' to':311, ' adapt':10515, ' to':311, ' new':501, ' surroundings':39090, '.':13, ' She':2932, ' embraced':42503, ' this':419, ' change':2297, ' with':448, ' an':458, ' open':1787, ' mind':3971, ' and':323, ' heart':4746, ',':11, ' eager':23541, ' to':311, ' learn':3960, ' about':911, ' the':279, ' customs':34769, ',':11, ' traditions':30906, ',':11, ' and':323, ' people':1251, ' who':879, ' inhabited':69498, ' this':419, ' mysterious':25382, ' region':5537, ' under':1212, ' Japanese':10769, ' occupation':29647, '.':382, 'The':785, ' following':2701, ' is':374 ]
[1786181004] n_remain: 159
[1786181004] eval: [ ' is':374 ]
[1786181004] n_past = 4521
[1786181004] last: [ ' homeland':55236, '.':382, 'However':11209, ',':11, ' when':979, ' circumstances':13161, ' led':6069, ' to':311, ' a':264, ' move':3271, ' from':504, ' Bal':19420, 'ik':1579, 'p':79, 'apan':5359, ',':11, ' In':758, 'ou':283, 'e':68, ' Re':1032, 'iko':23630, ' was':572, ' forced':9575, ' to':311, ' adapt':10515, ' to':311, ' new':501, ' surroundings':39090, '.':13, ' She':2932, ' embraced':42503, ' this':419, ' change':2297, ' with':448, ' an':458, ' open':1787, ' mind':3971, ' and':323, ' heart':4746, ',':11, ' eager':23541, ' to':311, ' learn':3960, ' about':911, ' the':279, ' customs':34769, ',':11, ' traditions':30906, ',':11, ' and':323, ' people':1251, ' who':879, ' inhabited':69498, ' this':419, ' mysterious':25382, ' region':5537, ' under':1212, ' Japanese':10769, ' occupation':29647, '.':382, 'The':785, ' following':2701, ' is':374, ' a':264 ]
[1786181004] n_remain: 158
[1786181004] eval: [ ' a':264 ]
[1786181005] n_past = 4522
[1786181005] last: [ '.':382, 'However':11209, ',':11, ' when':979, ' circumstances':13161, ' led':6069, ' to':311, ' a':264, ' move':3271, ' from':504, ' Bal':19420, 'ik':1579, 'p':79, 'apan':5359, ',':11, ' In':758, 'ou':283, 'e':68, ' Re':1032, 'iko':23630, ' was':572, ' forced':9575, ' to':311, ' adapt':10515, ' to':311, ' new':501, ' surroundings':39090, '.':13, ' She':2932, ' embraced':42503, ' this':419, ' change':2297, ' with':448, ' an':458, ' open':1787, ' mind':3971, ' and':323, ' heart':4746, ',':11, ' eager':23541, ' to':311, ' learn':3960, ' about':911, ' the':279, ' customs':34769, ',':11, ' traditions':30906, ',':11, ' and':323, ' people':1251, ' who':879, ' inhabited':69498, ' this':419, ' mysterious':25382, ' region':5537, ' under':1212, ' Japanese':10769, ' occupation':29647, '.':382, 'The':785, ' following':2701, ' is':374, ' a':264, ' concise':63594 ]
[1786181005] n_remain: 157
[1786181005] eval: [ ' concise':63594 ]
[1786181005] n_past = 4523
[1786181005] last: [ 'However':11209, ',':11, ' when':979, ' circumstances':13161, ' led':6069, ' to':311, ' a':264, ' move':3271, ' from':504, ' Bal':19420, 'ik':1579, 'p':79, 'apan':5359, ',':11, ' In':758, 'ou':283, 'e':68, ' Re':1032, 'iko':23630, ' was':572, ' forced':9575, ' to':311, ' adapt':10515, ' to':311, ' new':501, ' surroundings':39090, '.':13, ' She':2932, ' embraced':42503, ' this':419, ' change':2297, ' with':448, ' an':458, ' open':1787, ' mind':3971, ' and':323, ' heart':4746, ',':11, ' eager':23541, ' to':311, ' learn':3960, ' about':911, ' the':279, ' customs':34769, ',':11, ' traditions':30906, ',':11, ' and':323, ' people':1251, ' who':879, ' inhabited':69498, ' this':419, ' mysterious':25382, ' region':5537, ' under':1212, ' Japanese':10769, ' occupation':29647, '.':382, 'The':785, ' following':2701, ' is':374, ' a':264, ' concise':63594, ' character':3668 ]
[1786181005] n_remain: 156
[1786181005] eval: [ ' character':3668 ]
[1786181005] n_past = 4524
[1786181005] last: [ ',':11, ' when':979, ' circumstances':13161, ' led':6069, ' to':311, ' a':264, ' move':3271, ' from':504, ' Bal':19420, 'ik':1579, 'p':79, 'apan':5359, ',':11, ' In':758, 'ou':283, 'e':68, ' Re':1032, 'iko':23630, ' was':572, ' forced':9575, ' to':311, ' adapt':10515, ' to':311, ' new':501, ' surroundings':39090, '.':13, ' She':2932, ' embraced':42503, ' this':419, ' change':2297, ' with':448, ' an':458, ' open':1787, ' mind':3971, ' and':323, ' heart':4746, ',':11, ' eager':23541, ' to':311, ' learn':3960, ' about':911, ' the':279, ' customs':34769, ',':11, ' traditions':30906, ',':11, ' and':323, ' people':1251, ' who':879, ' inhabited':69498, ' this':419, ' mysterious':25382, ' region':5537, ' under':1212, ' Japanese':10769, ' occupation':29647, '.':382, 'The':785, ' following':2701, ' is':374, ' a':264, ' concise':63594, ' character':3668, ' biography':47245 ]
[1786181005] n_remain: 155
[1786181005] eval: [ ' biography':47245 ]
[1786181005] n_past = 4525
[1786181005] last: [ ' when':979, ' circumstances':13161, ' led':6069, ' to':311, ' a':264, ' move':3271, ' from':504, ' Bal':19420, 'ik':1579, 'p':79, 'apan':5359, ',':11, ' In':758, 'ou':283, 'e':68, ' Re':1032, 'iko':23630, ' was':572, ' forced':9575, ' to':311, ' adapt':10515, ' to':311, ' new':501, ' surroundings':39090, '.':13, ' She':2932, ' embraced':42503, ' this':419, ' change':2297, ' with':448, ' an':458, ' open':1787, ' mind':3971, ' and':323, ' heart':4746, ',':11, ' eager':23541, ' to':311, ' learn':3960, ' about':911, ' the':279, ' customs':34769, ',':11, ' traditions':30906, ',':11, ' and':323, ' people':1251, ' who':879, ' inhabited':69498, ' this':419, ' mysterious':25382, ' region':5537, ' under':1212, ' Japanese':10769, ' occupation':29647, '.':382, 'The':785, ' following':2701, ' is':374, ' a':264, ' concise':63594, ' character':3668, ' biography':47245, ' for':369 ]
[1786181005] n_remain: 154
[1786181005] eval: [ ' for':369 ]
[1786181006] n_past = 4526
[1786181006] last: [ ' circumstances':13161, ' led':6069, ' to':311, ' a':264, ' move':3271, ' from':504, ' Bal':19420, 'ik':1579, 'p':79, 'apan':5359, ',':11, ' In':758, 'ou':283, 'e':68, ' Re':1032, 'iko':23630, ' was':572, ' forced':9575, ' to':311, ' adapt':10515, ' to':311, ' new':501, ' surroundings':39090, '.':13, ' She':2932, ' embraced':42503, ' this':419, ' change':2297, ' with':448, ' an':458, ' open':1787, ' mind':3971, ' and':323, ' heart':4746, ',':11, ' eager':23541, ' to':311, ' learn':3960, ' about':911, ' the':279, ' customs':34769, ',':11, ' traditions':30906, ',':11, ' and':323, ' people':1251, ' who':879, ' inhabited':69498, ' this':419, ' mysterious':25382, ' region':5537, ' under':1212, ' Japanese':10769, ' occupation':29647, '.':382, 'The':785, ' following':2701, ' is':374, ' a':264, ' concise':63594, ' character':3668, ' biography':47245, ' for':369, ' In':758 ]
[1786181006] n_remain: 153
[1786181006] eval: [ ' In':758 ]
[1786181006] n_past = 4527
[1786181006] last: [ ' led':6069, ' to':311, ' a':264, ' move':3271, ' from':504, ' Bal':19420, 'ik':1579, 'p':79, 'apan':5359, ',':11, ' In':758, 'ou':283, 'e':68, ' Re':1032, 'iko':23630, ' was':572, ' forced':9575, ' to':311, ' adapt':10515, ' to':311, ' new':501, ' surroundings':39090, '.':13, ' She':2932, ' embraced':42503, ' this':419, ' change':2297, ' with':448, ' an':458, ' open':1787, ' mind':3971, ' and':323, ' heart':4746, ',':11, ' eager':23541, ' to':311, ' learn':3960, ' about':911, ' the':279, ' customs':34769, ',':11, ' traditions':30906, ',':11, ' and':323, ' people':1251, ' who':879, ' inhabited':69498, ' this':419, ' mysterious':25382, ' region':5537, ' under':1212, ' Japanese':10769, ' occupation':29647, '.':382, 'The':785, ' following':2701, ' is':374, ' a':264, ' concise':63594, ' character':3668, ' biography':47245, ' for':369, ' In':758, 'ou':283 ]
[1786181006] n_remain: 152
[1786181006] eval: [ 'ou':283 ]
[1786181006] n_past = 4528
[1786181006] last: [ ' to':311, ' a':264, ' move':3271, ' from':504, ' Bal':19420, 'ik':1579, 'p':79, 'apan':5359, ',':11, ' In':758, 'ou':283, 'e':68, ' Re':1032, 'iko':23630, ' was':572, ' forced':9575, ' to':311, ' adapt':10515, ' to':311, ' new':501, ' surroundings':39090, '.':13, ' She':2932, ' embraced':42503, ' this':419, ' change':2297, ' with':448, ' an':458, ' open':1787, ' mind':3971, ' and':323, ' heart':4746, ',':11, ' eager':23541, ' to':311, ' learn':3960, ' about':911, ' the':279, ' customs':34769, ',':11, ' traditions':30906, ',':11, ' and':323, ' people':1251, ' who':879, ' inhabited':69498, ' this':419, ' mysterious':25382, ' region':5537, ' under':1212, ' Japanese':10769, ' occupation':29647, '.':382, 'The':785, ' following':2701, ' is':374, ' a':264, ' concise':63594, ' character':3668, ' biography':47245, ' for':369, ' In':758, 'ou':283, 'e':68 ]
[1786181006] n_remain: 151
[1786181006] eval: [ 'e':68 ]
[1786181006] n_past = 4529
[1786181006] last: [ ' a':264, ' move':3271, ' from':504, ' Bal':19420, 'ik':1579, 'p':79, 'apan':5359, ',':11, ' In':758, 'ou':283, 'e':68, ' Re':1032, 'iko':23630, ' was':572, ' forced':9575, ' to':311, ' adapt':10515, ' to':311, ' new':501, ' surroundings':39090, '.':13, ' She':2932, ' embraced':42503, ' this':419, ' change':2297, ' with':448, ' an':458, ' open':1787, ' mind':3971, ' and':323, ' heart':4746, ',':11, ' eager':23541, ' to':311, ' learn':3960, ' about':911, ' the':279, ' customs':34769, ',':11, ' traditions':30906, ',':11, ' and':323, ' people':1251, ' who':879, ' inhabited':69498, ' this':419, ' mysterious':25382, ' region':5537, ' under':1212, ' Japanese':10769, ' occupation':29647, '.':382, 'The':785, ' following':2701, ' is':374, ' a':264, ' concise':63594, ' character':3668, ' biography':47245, ' for':369, ' In':758, 'ou':283, 'e':68, ' Re':1032 ]
[1786181006] n_remain: 150
[1786181006] eval: [ ' Re':1032 ]
[1786181006] n_past = 4530
[1786181006] last: [ ' move':3271, ' from':504, ' Bal':19420, 'ik':1579, 'p':79, 'apan':5359, ',':11, ' In':758, 'ou':283, 'e':68, ' Re':1032, 'iko':23630, ' was':572, ' forced':9575, ' to':311, ' adapt':10515, ' to':311, ' new':501, ' surroundings':39090, '.':13, ' She':2932, ' embraced':42503, ' this':419, ' change':2297, ' with':448, ' an':458, ' open':1787, ' mind':3971, ' and':323, ' heart':4746, ',':11, ' eager':23541, ' to':311, ' learn':3960, ' about':911, ' the':279, ' customs':34769, ',':11, ' traditions':30906, ',':11, ' and':323, ' people':1251, ' who':879, ' inhabited':69498, ' this':419, ' mysterious':25382, ' region':5537, ' under':1212, ' Japanese':10769, ' occupation':29647, '.':382, 'The':785, ' following':2701, ' is':374, ' a':264, ' concise':63594, ' character':3668, ' biography':47245, ' for':369, ' In':758, 'ou':283, 'e':68, ' Re':1032, 'iko':23630 ]
[1786181006] n_remain: 149
[1786181006] eval: [ 'iko':23630 ]
[1786181007] n_past = 4531
[1786181007] last: [ ' from':504, ' Bal':19420, 'ik':1579, 'p':79, 'apan':5359, ',':11, ' In':758, 'ou':283, 'e':68, ' Re':1032, 'iko':23630, ' was':572, ' forced':9575, ' to':311, ' adapt':10515, ' to':311, ' new':501, ' surroundings':39090, '.':13, ' She':2932, ' embraced':42503, ' this':419, ' change':2297, ' with':448, ' an':458, ' open':1787, ' mind':3971, ' and':323, ' heart':4746, ',':11, ' eager':23541, ' to':311, ' learn':3960, ' about':911, ' the':279, ' customs':34769, ',':11, ' traditions':30906, ',':11, ' and':323, ' people':1251, ' who':879, ' inhabited':69498, ' this':419, ' mysterious':25382, ' region':5537, ' under':1212, ' Japanese':10769, ' occupation':29647, '.':382, 'The':785, ' following':2701, ' is':374, ' a':264, ' concise':63594, ' character':3668, ' biography':47245, ' for':369, ' In':758, 'ou':283, 'e':68, ' Re':1032, 'iko':23630, ' (':320 ]
[1786181007] n_remain: 148
[1786181007] eval: [ ' (':320 ]
[1786181007] n_past = 4532
[1786181007] last: [ ' Bal':19420, 'ik':1579, 'p':79, 'apan':5359, ',':11, ' In':758, 'ou':283, 'e':68, ' Re':1032, 'iko':23630, ' was':572, ' forced':9575, ' to':311, ' adapt':10515, ' to':311, ' new':501, ' surroundings':39090, '.':13, ' She':2932, ' embraced':42503, ' this':419, ' change':2297, ' with':448, ' an':458, ' open':1787, ' mind':3971, ' and':323, ' heart':4746, ',':11, ' eager':23541, ' to':311, ' learn':3960, ' about':911, ' the':279, ' customs':34769, ',':11, ' traditions':30906, ',':11, ' and':323, ' people':1251, ' who':879, ' inhabited':69498, ' this':419, ' mysterious':25382, ' region':5537, ' under':1212, ' Japanese':10769, ' occupation':29647, '.':382, 'The':785, ' following':2701, ' is':374, ' a':264, ' concise':63594, ' character':3668, ' biography':47245, ' for':369, ' In':758, 'ou':283, 'e':68, ' Re':1032, 'iko':23630, ' (':320, 'female':42634 ]
[1786181007] n_remain: 147
[1786181007] eval: [ 'female':42634 ]
[1786181007] n_past = 4533
[1786181007] last: [ 'ik':1579, 'p':79, 'apan':5359, ',':11, ' In':758, 'ou':283, 'e':68, ' Re':1032, 'iko':23630, ' was':572, ' forced':9575, ' to':311, ' adapt':10515, ' to':311, ' new':501, ' surroundings':39090, '.':13, ' She':2932, ' embraced':42503, ' this':419, ' change':2297, ' with':448, ' an':458, ' open':1787, ' mind':3971, ' and':323, ' heart':4746, ',':11, ' eager':23541, ' to':311, ' learn':3960, ' about':911, ' the':279, ' customs':34769, ',':11, ' traditions':30906, ',':11, ' and':323, ' people':1251, ' who':879, ' inhabited':69498, ' this':419, ' mysterious':25382, ' region':5537, ' under':1212, ' Japanese':10769, ' occupation':29647, '.':382, 'The':785, ' following':2701, ' is':374, ' a':264, ' concise':63594, ' character':3668, ' biography':47245, ' for':369, ' In':758, 'ou':283, 'e':68, ' Re':1032, 'iko':23630, ' (':320, 'female':42634, '),':701 ]
[1786181007] n_remain: 146
[1786181007] eval: [ '),':701 ]
[1786181007] n_past = 4534
[1786181007] last: [ 'p':79, 'apan':5359, ',':11, ' In':758, 'ou':283, 'e':68, ' Re':1032, 'iko':23630, ' was':572, ' forced':9575, ' to':311, ' adapt':10515, ' to':311, ' new':501, ' surroundings':39090, '.':13, ' She':2932, ' embraced':42503, ' this':419, ' change':2297, ' with':448, ' an':458, ' open':1787, ' mind':3971, ' and':323, ' heart':4746, ',':11, ' eager':23541, ' to':311, ' learn':3960, ' about':911, ' the':279, ' customs':34769, ',':11, ' traditions':30906, ',':11, ' and':323, ' people':1251, ' who':879, ' inhabited':69498, ' this':419, ' mysterious':25382, ' region':5537, ' under':1212, ' Japanese':10769, ' occupation':29647, '.':382, 'The':785, ' following':2701, ' is':374, ' a':264, ' concise':63594, ' character':3668, ' biography':47245, ' for':369, ' In':758, 'ou':283, 'e':68, ' Re':1032, 'iko':23630, ' (':320, 'female':42634, '),':701, ' born':9223 ]
[1786181007] n_remain: 145
[1786181007] eval: [ ' born':9223 ]
[1786181007] n_past = 4535
[1786181007] last: [ 'apan':5359, ',':11, ' In':758, 'ou':283, 'e':68, ' Re':1032, 'iko':23630, ' was':572, ' forced':9575, ' to':311, ' adapt':10515, ' to':311, ' new':501, ' surroundings':39090, '.':13, ' She':2932, ' embraced':42503, ' this':419, ' change':2297, ' with':448, ' an':458, ' open':1787, ' mind':3971, ' and':323, ' heart':4746, ',':11, ' eager':23541, ' to':311, ' learn':3960, ' about':911, ' the':279, ' customs':34769, ',':11, ' traditions':30906, ',':11, ' and':323, ' people':1251, ' who':879, ' inhabited':69498, ' this':419, ' mysterious':25382, ' region':5537, ' under':1212, ' Japanese':10769, ' occupation':29647, '.':382, 'The':785, ' following':2701, ' is':374, ' a':264, ' concise':63594, ' character':3668, ' biography':47245, ' for':369, ' In':758, 'ou':283, 'e':68, ' Re':1032, 'iko':23630, ' (':320, 'female':42634, '),':701, ' born':9223, ' in':304 ]
[1786181007] n_remain: 144
[1786181007] eval: [ ' in':304 ]
[1786181008] n_past = 4536
[1786181008] last: [ ',':11, ' In':758, 'ou':283, 'e':68, ' Re':1032, 'iko':23630, ' was':572, ' forced':9575, ' to':311, ' adapt':10515, ' to':311, ' new':501, ' surroundings':39090, '.':13, ' She':2932, ' embraced':42503, ' this':419, ' change':2297, ' with':448, ' an':458, ' open':1787, ' mind':3971, ' and':323, ' heart':4746, ',':11, ' eager':23541, ' to':311, ' learn':3960, ' about':911, ' the':279, ' customs':34769, ',':11, ' traditions':30906, ',':11, ' and':323, ' people':1251, ' who':879, ' inhabited':69498, ' this':419, ' mysterious':25382, ' region':5537, ' under':1212, ' Japanese':10769, ' occupation':29647, '.':382, 'The':785, ' following':2701, ' is':374, ' a':264, ' concise':63594, ' character':3668, ' biography':47245, ' for':369, ' In':758, 'ou':283, 'e':68, ' Re':1032, 'iko':23630, ' (':320, 'female':42634, '),':701, ' born':9223, ' in':304, ' Japan':6323 ]
[1786181008] n_remain: 143
[1786181008] eval: [ ' Japan':6323 ]
[1786181008] n_past = 4537
[1786181008] last: [ ' In':758, 'ou':283, 'e':68, ' Re':1032, 'iko':23630, ' was':572, ' forced':9575, ' to':311, ' adapt':10515, ' to':311, ' new':501, ' surroundings':39090, '.':13, ' She':2932, ' embraced':42503, ' this':419, ' change':2297, ' with':448, ' an':458, ' open':1787, ' mind':3971, ' and':323, ' heart':4746, ',':11, ' eager':23541, ' to':311, ' learn':3960, ' about':911, ' the':279, ' customs':34769, ',':11, ' traditions':30906, ',':11, ' and':323, ' people':1251, ' who':879, ' inhabited':69498, ' this':419, ' mysterious':25382, ' region':5537, ' under':1212, ' Japanese':10769, ' occupation':29647, '.':382, 'The':785, ' following':2701, ' is':374, ' a':264, ' concise':63594, ' character':3668, ' biography':47245, ' for':369, ' In':758, 'ou':283, 'e':68, ' Re':1032, 'iko':23630, ' (':320, 'female':42634, '),':701, ' born':9223, ' in':304, ' Japan':6323, ' during':2337 ]
[1786181008] n_remain: 142
[1786181008] eval: [ ' during':2337 ]
[1786181008] n_past = 4538
[1786181008] last: [ 'ou':283, 'e':68, ' Re':1032, 'iko':23630, ' was':572, ' forced':9575, ' to':311, ' adapt':10515, ' to':311, ' new':501, ' surroundings':39090, '.':13, ' She':2932, ' embraced':42503, ' this':419, ' change':2297, ' with':448, ' an':458, ' open':1787, ' mind':3971, ' and':323, ' heart':4746, ',':11, ' eager':23541, ' to':311, ' learn':3960, ' about':911, ' the':279, ' customs':34769, ',':11, ' traditions':30906, ',':11, ' and':323, ' people':1251, ' who':879, ' inhabited':69498, ' this':419, ' mysterious':25382, ' region':5537, ' under':1212, ' Japanese':10769, ' occupation':29647, '.':382, 'The':785, ' following':2701, ' is':374, ' a':264, ' concise':63594, ' character':3668, ' biography':47245, ' for':369, ' In':758, 'ou':283, 'e':68, ' Re':1032, 'iko':23630, ' (':320, 'female':42634, '),':701, ' born':9223, ' in':304, ' Japan':6323, ' during':2337, ' World':4337 ]
[1786181008] n_remain: 141
[1786181008] eval: [ ' World':4337 ]
[1786181008] n_past = 4539
[1786181008] last: [ 'e':68, ' Re':1032, 'iko':23630, ' was':572, ' forced':9575, ' to':311, ' adapt':10515, ' to':311, ' new':501, ' surroundings':39090, '.':13, ' She':2932, ' embraced':42503, ' this':419, ' change':2297, ' with':448, ' an':458, ' open':1787, ' mind':3971, ' and':323, ' heart':4746, ',':11, ' eager':23541, ' to':311, ' learn':3960, ' about':911, ' the':279, ' customs':34769, ',':11, ' traditions':30906, ',':11, ' and':323, ' people':1251, ' who':879, ' inhabited':69498, ' this':419, ' mysterious':25382, ' region':5537, ' under':1212, ' Japanese':10769, ' occupation':29647, '.':382, 'The':785, ' following':2701, ' is':374, ' a':264, ' concise':63594, ' character':3668, ' biography':47245, ' for':369, ' In':758, 'ou':283, 'e':68, ' Re':1032, 'iko':23630, ' (':320, 'female':42634, '),':701, ' born':9223, ' in':304, ' Japan':6323, ' during':2337, ' World':4337, ' War':5004 ]
[1786181008] n_remain: 140
[1786181008] eval: [ ' War':5004 ]
[1786181008] n_past = 4540
[1786181008] last: [ ' Re':1032, 'iko':23630, ' was':572, ' forced':9575, ' to':311, ' adapt':10515, ' to':311, ' new':501, ' surroundings':39090, '.':13, ' She':2932, ' embraced':42503, ' this':419, ' change':2297, ' with':448, ' an':458, ' open':1787, ' mind':3971, ' and':323, ' heart':4746, ',':11, ' eager':23541, ' to':311, ' learn':3960, ' about':911, ' the':279, ' customs':34769, ',':11, ' traditions':30906, ',':11, ' and':323, ' people':1251, ' who':879, ' inhabited':69498, ' this':419, ' mysterious':25382, ' region':5537, ' under':1212, ' Japanese':10769, ' occupation':29647, '.':382, 'The':785, ' following':2701, ' is':374, ' a':264, ' concise':63594, ' character':3668, ' biography':47245, ' for':369, ' In':758, 'ou':283, 'e':68, ' Re':1032, 'iko':23630, ' (':320, 'female':42634, '),':701, ' born':9223, ' in':304, ' Japan':6323, ' during':2337, ' World':4337, ' War':5004, ' II':7946 ]
[1786181008] n_remain: 139
[1786181008] eval: [ ' II':7946 ]
[1786181009] n_past = 4541
[1786181009] last: [ 'iko':23630, ' was':572, ' forced':9575, ' to':311, ' adapt':10515, ' to':311, ' new':501, ' surroundings':39090, '.':13, ' She':2932, ' embraced':42503, ' this':419, ' change':2297, ' with':448, ' an':458, ' open':1787, ' mind':3971, ' and':323, ' heart':4746, ',':11, ' eager':23541, ' to':311, ' learn':3960, ' about':911, ' the':279, ' customs':34769, ',':11, ' traditions':30906, ',':11, ' and':323, ' people':1251, ' who':879, ' inhabited':69498, ' this':419, ' mysterious':25382, ' region':5537, ' under':1212, ' Japanese':10769, ' occupation':29647, '.':382, 'The':785, ' following':2701, ' is':374, ' a':264, ' concise':63594, ' character':3668, ' biography':47245, ' for':369, ' In':758, 'ou':283, 'e':68, ' Re':1032, 'iko':23630, ' (':320, 'female':42634, '),':701, ' born':9223, ' in':304, ' Japan':6323, ' during':2337, ' World':4337, ' War':5004, ' II':7946, ' but':714 ]
[1786181009] n_remain: 138
[1786181009] eval: [ ' but':714 ]
[1786181009] n_past = 4542
[1786181009] last: [ ' was':572, ' forced':9575, ' to':311, ' adapt':10515, ' to':311, ' new':501, ' surroundings':39090, '.':13, ' She':2932, ' embraced':42503, ' this':419, ' change':2297, ' with':448, ' an':458, ' open':1787, ' mind':3971, ' and':323, ' heart':4746, ',':11, ' eager':23541, ' to':311, ' learn':3960, ' about':911, ' the':279, ' customs':34769, ',':11, ' traditions':30906, ',':11, ' and':323, ' people':1251, ' who':879, ' inhabited':69498, ' this':419, ' mysterious':25382, ' region':5537, ' under':1212, ' Japanese':10769, ' occupation':29647, '.':382, 'The':785, ' following':2701, ' is':374, ' a':264, ' concise':63594, ' character':3668, ' biography':47245, ' for':369, ' In':758, 'ou':283, 'e':68, ' Re':1032, 'iko':23630, ' (':320, 'female':42634, '),':701, ' born':9223, ' in':304, ' Japan':6323, ' during':2337, ' World':4337, ' War':5004, ' II':7946, ' but':714, ' later':2937 ]
[1786181009] n_remain: 137
[1786181009] eval: [ ' later':2937 ]
[1786181009] n_past = 4543
[1786181009] last: [ ' forced':9575, ' to':311, ' adapt':10515, ' to':311, ' new':501, ' surroundings':39090, '.':13, ' She':2932, ' embraced':42503, ' this':419, ' change':2297, ' with':448, ' an':458, ' open':1787, ' mind':3971, ' and':323, ' heart':4746, ',':11, ' eager':23541, ' to':311, ' learn':3960, ' about':911, ' the':279, ' customs':34769, ',':11, ' traditions':30906, ',':11, ' and':323, ' people':1251, ' who':879, ' inhabited':69498, ' this':419, ' mysterious':25382, ' region':5537, ' under':1212, ' Japanese':10769, ' occupation':29647, '.':382, 'The':785, ' following':2701, ' is':374, ' a':264, ' concise':63594, ' character':3668, ' biography':47245, ' for':369, ' In':758, 'ou':283, 'e':68, ' Re':1032, 'iko':23630, ' (':320, 'female':42634, '),':701, ' born':9223, ' in':304, ' Japan':6323, ' during':2337, ' World':4337, ' War':5004, ' II':7946, ' but':714, ' later':2937, ' moved':7726 ]
[1786181009] n_remain: 136
[1786181009] eval: [ ' moved':7726 ]
[1786181009] n_past = 4544
[1786181009] last: [ ' to':311, ' adapt':10515, ' to':311, ' new':501, ' surroundings':39090, '.':13, ' She':2932, ' embraced':42503, ' this':419, ' change':2297, ' with':448, ' an':458, ' open':1787, ' mind':3971, ' and':323, ' heart':4746, ',':11, ' eager':23541, ' to':311, ' learn':3960, ' about':911, ' the':279, ' customs':34769, ',':11, ' traditions':30906, ',':11, ' and':323, ' people':1251, ' who':879, ' inhabited':69498, ' this':419, ' mysterious':25382, ' region':5537, ' under':1212, ' Japanese':10769, ' occupation':29647, '.':382, 'The':785, ' following':2701, ' is':374, ' a':264, ' concise':63594, ' character':3668, ' biography':47245, ' for':369, ' In':758, 'ou':283, 'e':68, ' Re':1032, 'iko':23630, ' (':320, 'female':42634, '),':701, ' born':9223, ' in':304, ' Japan':6323, ' during':2337, ' World':4337, ' War':5004, ' II':7946, ' but':714, ' later':2937, ' moved':7726, ' to':311 ]
[1786181009] n_remain: 135
[1786181009] eval: [ ' to':311 ]
[1786181009] n_past = 4545
[1786181009] last: [ ' adapt':10515, ' to':311, ' new':501, ' surroundings':39090, '.':13, ' She':2932, ' embraced':42503, ' this':419, ' change':2297, ' with':448, ' an':458, ' open':1787, ' mind':3971, ' and':323, ' heart':4746, ',':11, ' eager':23541, ' to':311, ' learn':3960, ' about':911, ' the':279, ' customs':34769, ',':11, ' traditions':30906, ',':11, ' and':323, ' people':1251, ' who':879, ' inhabited':69498, ' this':419, ' mysterious':25382, ' region':5537, ' under':1212, ' Japanese':10769, ' occupation':29647, '.':382, 'The':785, ' following':2701, ' is':374, ' a':264, ' concise':63594, ' character':3668, ' biography':47245, ' for':369, ' In':758, 'ou':283, 'e':68, ' Re':1032, 'iko':23630, ' (':320, 'female':42634, '),':701, ' born':9223, ' in':304, ' Japan':6323, ' during':2337, ' World':4337, ' War':5004, ' II':7946, ' but':714, ' later':2937, ' moved':7726, ' to':311, ' Bal':19420 ]
[1786181009] n_remain: 134
[1786181009] eval: [ ' Bal':19420 ]
[1786181010] n_past = 4546
[1786181010] last: [ ' to':311, ' new':501, ' surroundings':39090, '.':13, ' She':2932, ' embraced':42503, ' this':419, ' change':2297, ' with':448, ' an':458, ' open':1787, ' mind':3971, ' and':323, ' heart':4746, ',':11, ' eager':23541, ' to':311, ' learn':3960, ' about':911, ' the':279, ' customs':34769, ',':11, ' traditions':30906, ',':11, ' and':323, ' people':1251, ' who':879, ' inhabited':69498, ' this':419, ' mysterious':25382, ' region':5537, ' under':1212, ' Japanese':10769, ' occupation':29647, '.':382, 'The':785, ' following':2701, ' is':374, ' a':264, ' concise':63594, ' character':3668, ' biography':47245, ' for':369, ' In':758, 'ou':283, 'e':68, ' Re':1032, 'iko':23630, ' (':320, 'female':42634, '),':701, ' born':9223, ' in':304, ' Japan':6323, ' during':2337, ' World':4337, ' War':5004, ' II':7946, ' but':714, ' later':2937, ' moved':7726, ' to':311, ' Bal':19420, 'ik':1579 ]
[1786181010] n_remain: 133
[1786181010] eval: [ 'ik':1579 ]
[1786181010] n_past = 4547
[1786181010] last: [ ' new':501, ' surroundings':39090, '.':13, ' She':2932, ' embraced':42503, ' this':419, ' change':2297, ' with':448, ' an':458, ' open':1787, ' mind':3971, ' and':323, ' heart':4746, ',':11, ' eager':23541, ' to':311, ' learn':3960, ' about':911, ' the':279, ' customs':34769, ',':11, ' traditions':30906, ',':11, ' and':323, ' people':1251, ' who':879, ' inhabited':69498, ' this':419, ' mysterious':25382, ' region':5537, ' under':1212, ' Japanese':10769, ' occupation':29647, '.':382, 'The':785, ' following':2701, ' is':374, ' a':264, ' concise':63594, ' character':3668, ' biography':47245, ' for':369, ' In':758, 'ou':283, 'e':68, ' Re':1032, 'iko':23630, ' (':320, 'female':42634, '),':701, ' born':9223, ' in':304, ' Japan':6323, ' during':2337, ' World':4337, ' War':5004, ' II':7946, ' but':714, ' later':2937, ' moved':7726, ' to':311, ' Bal':19420, 'ik':1579, 'p':79 ]
[1786181010] n_remain: 132
[1786181010] eval: [ 'p':79 ]
[1786181010] n_past = 4548
[1786181010] last: [ ' surroundings':39090, '.':13, ' She':2932, ' embraced':42503, ' this':419, ' change':2297, ' with':448, ' an':458, ' open':1787, ' mind':3971, ' and':323, ' heart':4746, ',':11, ' eager':23541, ' to':311, ' learn':3960, ' about':911, ' the':279, ' customs':34769, ',':11, ' traditions':30906, ',':11, ' and':323, ' people':1251, ' who':879, ' inhabited':69498, ' this':419, ' mysterious':25382, ' region':5537, ' under':1212, ' Japanese':10769, ' occupation':29647, '.':382, 'The':785, ' following':2701, ' is':374, ' a':264, ' concise':63594, ' character':3668, ' biography':47245, ' for':369, ' In':758, 'ou':283, 'e':68, ' Re':1032, 'iko':23630, ' (':320, 'female':42634, '),':701, ' born':9223, ' in':304, ' Japan':6323, ' during':2337, ' World':4337, ' War':5004, ' II':7946, ' but':714, ' later':2937, ' moved':7726, ' to':311, ' Bal':19420, 'ik':1579, 'p':79, 'apan':5359 ]
[1786181010] n_remain: 131
[1786181010] eval: [ 'apan':5359 ]
[1786181010] n_past = 4549
[1786181010] last: [ '.':13, ' She':2932, ' embraced':42503, ' this':419, ' change':2297, ' with':448, ' an':458, ' open':1787, ' mind':3971, ' and':323, ' heart':4746, ',':11, ' eager':23541, ' to':311, ' learn':3960, ' about':911, ' the':279, ' customs':34769, ',':11, ' traditions':30906, ',':11, ' and':323, ' people':1251, ' who':879, ' inhabited':69498, ' this':419, ' mysterious':25382, ' region':5537, ' under':1212, ' Japanese':10769, ' occupation':29647, '.':382, 'The':785, ' following':2701, ' is':374, ' a':264, ' concise':63594, ' character':3668, ' biography':47245, ' for':369, ' In':758, 'ou':283, 'e':68, ' Re':1032, 'iko':23630, ' (':320, 'female':42634, '),':701, ' born':9223, ' in':304, ' Japan':6323, ' during':2337, ' World':4337, ' War':5004, ' II':7946, ' but':714, ' later':2937, ' moved':7726, ' to':311, ' Bal':19420, 'ik':1579, 'p':79, 'apan':5359, ' as':438 ]
[1786181010] n_remain: 130
[1786181010] eval: [ ' as':438 ]
[1786181010] n_past = 4550
[1786181010] last: [ ' She':2932, ' embraced':42503, ' this':419, ' change':2297, ' with':448, ' an':458, ' open':1787, ' mind':3971, ' and':323, ' heart':4746, ',':11, ' eager':23541, ' to':311, ' learn':3960, ' about':911, ' the':279, ' customs':34769, ',':11, ' traditions':30906, ',':11, ' and':323, ' people':1251, ' who':879, ' inhabited':69498, ' this':419, ' mysterious':25382, ' region':5537, ' under':1212, ' Japanese':10769, ' occupation':29647, '.':382, 'The':785, ' following':2701, ' is':374, ' a':264, ' concise':63594, ' character':3668, ' biography':47245, ' for':369, ' In':758, 'ou':283, 'e':68, ' Re':1032, 'iko':23630, ' (':320, 'female':42634, '),':701, ' born':9223, ' in':304, ' Japan':6323, ' during':2337, ' World':4337, ' War':5004, ' II':7946, ' but':714, ' later':2937, ' moved':7726, ' to':311, ' Bal':19420, 'ik':1579, 'p':79, 'apan':5359, ' as':438, ' part':949 ]
[1786181010] n_remain: 129
[1786181010] eval: [ ' part':949 ]
[1786181011] n_past = 4551
[1786181011] last: [ ' embraced':42503, ' this':419, ' change':2297, ' with':448, ' an':458, ' open':1787, ' mind':3971, ' and':323, ' heart':4746, ',':11, ' eager':23541, ' to':311, ' learn':3960, ' about':911, ' the':279, ' customs':34769, ',':11, ' traditions':30906, ',':11, ' and':323, ' people':1251, ' who':879, ' inhabited':69498, ' this':419, ' mysterious':25382, ' region':5537, ' under':1212, ' Japanese':10769, ' occupation':29647, '.':382, 'The':785, ' following':2701, ' is':374, ' a':264, ' concise':63594, ' character':3668, ' biography':47245, ' for':369, ' In':758, 'ou':283, 'e':68, ' Re':1032, 'iko':23630, ' (':320, 'female':42634, '),':701, ' born':9223, ' in':304, ' Japan':6323, ' during':2337, ' World':4337, ' War':5004, ' II':7946, ' but':714, ' later':2937, ' moved':7726, ' to':311, ' Bal':19420, 'ik':1579, 'p':79, 'apan':5359, ' as':438, ' part':949, ' of':315 ]
[1786181011] n_remain: 128
[1786181011] eval: [ ' of':315 ]
[1786181011] n_past = 4552
[1786181011] last: [ ' this':419, ' change':2297, ' with':448, ' an':458, ' open':1787, ' mind':3971, ' and':323, ' heart':4746, ',':11, ' eager':23541, ' to':311, ' learn':3960, ' about':911, ' the':279, ' customs':34769, ',':11, ' traditions':30906, ',':11, ' and':323, ' people':1251, ' who':879, ' inhabited':69498, ' this':419, ' mysterious':25382, ' region':5537, ' under':1212, ' Japanese':10769, ' occupation':29647, '.':382, 'The':785, ' following':2701, ' is':374, ' a':264, ' concise':63594, ' character':3668, ' biography':47245, ' for':369, ' In':758, 'ou':283, 'e':68, ' Re':1032, 'iko':23630, ' (':320, 'female':42634, '),':701, ' born':9223, ' in':304, ' Japan':6323, ' during':2337, ' World':4337, ' War':5004, ' II':7946, ' but':714, ' later':2937, ' moved':7726, ' to':311, ' Bal':19420, 'ik':1579, 'p':79, 'apan':5359, ' as':438, ' part':949, ' of':315, ' the':279 ]
[1786181011] n_remain: 127
[1786181011] eval: [ ' the':279 ]
[1786181011] n_past = 4553
[1786181011] last: [ ' change':2297, ' with':448, ' an':458, ' open':1787, ' mind':3971, ' and':323, ' heart':4746, ',':11, ' eager':23541, ' to':311, ' learn':3960, ' about':911, ' the':279, ' customs':34769, ',':11, ' traditions':30906, ',':11, ' and':323, ' people':1251, ' who':879, ' inhabited':69498, ' this':419, ' mysterious':25382, ' region':5537, ' under':1212, ' Japanese':10769, ' occupation':29647, '.':382, 'The':785, ' following':2701, ' is':374, ' a':264, ' concise':63594, ' character':3668, ' biography':47245, ' for':369, ' In':758, 'ou':283, 'e':68, ' Re':1032, 'iko':23630, ' (':320, 'female':42634, '),':701, ' born':9223, ' in':304, ' Japan':6323, ' during':2337, ' World':4337, ' War':5004, ' II':7946, ' but':714, ' later':2937, ' moved':7726, ' to':311, ' Bal':19420, 'ik':1579, 'p':79, 'apan':5359, ' as':438, ' part':949, ' of':315, ' the':279, ' Dutch':23234 ]
[1786181011] n_remain: 126
[1786181011] eval: [ ' Dutch':23234 ]
[1786181011] n_past = 4554
[1786181011] last: [ ' with':448, ' an':458, ' open':1787, ' mind':3971, ' and':323, ' heart':4746, ',':11, ' eager':23541, ' to':311, ' learn':3960, ' about':911, ' the':279, ' customs':34769, ',':11, ' traditions':30906, ',':11, ' and':323, ' people':1251, ' who':879, ' inhabited':69498, ' this':419, ' mysterious':25382, ' region':5537, ' under':1212, ' Japanese':10769, ' occupation':29647, '.':382, 'The':785, ' following':2701, ' is':374, ' a':264, ' concise':63594, ' character':3668, ' biography':47245, ' for':369, ' In':758, 'ou':283, 'e':68, ' Re':1032, 'iko':23630, ' (':320, 'female':42634, '),':701, ' born':9223, ' in':304, ' Japan':6323, ' during':2337, ' World':4337, ' War':5004, ' II':7946, ' but':714, ' later':2937, ' moved':7726, ' to':311, ' Bal':19420, 'ik':1579, 'p':79, 'apan':5359, ' as':438, ' part':949, ' of':315, ' the':279, ' Dutch':23234, ' colonial':36583 ]
[1786181011] n_remain: 125
[1786181011] eval: [ ' colonial':36583 ]
[1786181011] n_past = 4555
[1786181011] last: [ ' an':458, ' open':1787, ' mind':3971, ' and':323, ' heart':4746, ',':11, ' eager':23541, ' to':311, ' learn':3960, ' about':911, ' the':279, ' customs':34769, ',':11, ' traditions':30906, ',':11, ' and':323, ' people':1251, ' who':879, ' inhabited':69498, ' this':419, ' mysterious':25382, ' region':5537, ' under':1212, ' Japanese':10769, ' occupation':29647, '.':382, 'The':785, ' following':2701, ' is':374, ' a':264, ' concise':63594, ' character':3668, ' biography':47245, ' for':369, ' In':758, 'ou':283, 'e':68, ' Re':1032, 'iko':23630, ' (':320, 'female':42634, '),':701, ' born':9223, ' in':304, ' Japan':6323, ' during':2337, ' World':4337, ' War':5004, ' II':7946, ' but':714, ' later':2937, ' moved':7726, ' to':311, ' Bal':19420, 'ik':1579, 'p':79, 'apan':5359, ' as':438, ' part':949, ' of':315, ' the':279, ' Dutch':23234, ' colonial':36583, ' society':8232 ]
[1786181011] n_remain: 124
[1786181011] eval: [ ' society':8232 ]
[1786181012] n_past = 4556
[1786181012] last: [ ' open':1787, ' mind':3971, ' and':323, ' heart':4746, ',':11, ' eager':23541, ' to':311, ' learn':3960, ' about':911, ' the':279, ' customs':34769, ',':11, ' traditions':30906, ',':11, ' and':323, ' people':1251, ' who':879, ' inhabited':69498, ' this':419, ' mysterious':25382, ' region':5537, ' under':1212, ' Japanese':10769, ' occupation':29647, '.':382, 'The':785, ' following':2701, ' is':374, ' a':264, ' concise':63594, ' character':3668, ' biography':47245, ' for':369, ' In':758, 'ou':283, 'e':68, ' Re':1032, 'iko':23630, ' (':320, 'female':42634, '),':701, ' born':9223, ' in':304, ' Japan':6323, ' during':2337, ' World':4337, ' War':5004, ' II':7946, ' but':714, ' later':2937, ' moved':7726, ' to':311, ' Bal':19420, 'ik':1579, 'p':79, 'apan':5359, ' as':438, ' part':949, ' of':315, ' the':279, ' Dutch':23234, ' colonial':36583, ' society':8232, '.':13 ]
[1786181012] n_remain: 123
[1786181012] eval: [ '.':13 ]
[1786181012] n_past = 4557
[1786181012] last: [ ' mind':3971, ' and':323, ' heart':4746, ',':11, ' eager':23541, ' to':311, ' learn':3960, ' about':911, ' the':279, ' customs':34769, ',':11, ' traditions':30906, ',':11, ' and':323, ' people':1251, ' who':879, ' inhabited':69498, ' this':419, ' mysterious':25382, ' region':5537, ' under':1212, ' Japanese':10769, ' occupation':29647, '.':382, 'The':785, ' following':2701, ' is':374, ' a':264, ' concise':63594, ' character':3668, ' biography':47245, ' for':369, ' In':758, 'ou':283, 'e':68, ' Re':1032, 'iko':23630, ' (':320, 'female':42634, '),':701, ' born':9223, ' in':304, ' Japan':6323, ' during':2337, ' World':4337, ' War':5004, ' II':7946, ' but':714, ' later':2937, ' moved':7726, ' to':311, ' Bal':19420, 'ik':1579, 'p':79, 'apan':5359, ' as':438, ' part':949, ' of':315, ' the':279, ' Dutch':23234, ' colonial':36583, ' society':8232, '.':13, ' Her':6252 ]
[1786181012] n_remain: 122
[1786181012] eval: [ ' Her':6252 ]
[1786181012] n_past = 4558
[1786181012] last: [ ' and':323, ' heart':4746, ',':11, ' eager':23541, ' to':311, ' learn':3960, ' about':911, ' the':279, ' customs':34769, ',':11, ' traditions':30906, ',':11, ' and':323, ' people':1251, ' who':879, ' inhabited':69498, ' this':419, ' mysterious':25382, ' region':5537, ' under':1212, ' Japanese':10769, ' occupation':29647, '.':382, 'The':785, ' following':2701, ' is':374, ' a':264, ' concise':63594, ' character':3668, ' biography':47245, ' for':369, ' In':758, 'ou':283, 'e':68, ' Re':1032, 'iko':23630, ' (':320, 'female':42634, '),':701, ' born':9223, ' in':304, ' Japan':6323, ' during':2337, ' World':4337, ' War':5004, ' II':7946, ' but':714, ' later':2937, ' moved':7726, ' to':311, ' Bal':19420, 'ik':1579, 'p':79, 'apan':5359, ' as':438, ' part':949, ' of':315, ' the':279, ' Dutch':23234, ' colonial':36583, ' society':8232, '.':13, ' Her':6252, ' experiences':11449 ]
[1786181012] n_remain: 121
[1786181012] eval: [ ' experiences':11449 ]
[1786181012] n_past = 4559
[1786181012] last: [ ' heart':4746, ',':11, ' eager':23541, ' to':311, ' learn':3960, ' about':911, ' the':279, ' customs':34769, ',':11, ' traditions':30906, ',':11, ' and':323, ' people':1251, ' who':879, ' inhabited':69498, ' this':419, ' mysterious':25382, ' region':5537, ' under':1212, ' Japanese':10769, ' occupation':29647, '.':382, 'The':785, ' following':2701, ' is':374, ' a':264, ' concise':63594, ' character':3668, ' biography':47245, ' for':369, ' In':758, 'ou':283, 'e':68, ' Re':1032, 'iko':23630, ' (':320, 'female':42634, '),':701, ' born':9223, ' in':304, ' Japan':6323, ' during':2337, ' World':4337, ' War':5004, ' II':7946, ' but':714, ' later':2937, ' moved':7726, ' to':311, ' Bal':19420, 'ik':1579, 'p':79, 'apan':5359, ' as':438, ' part':949, ' of':315, ' the':279, ' Dutch':23234, ' colonial':36583, ' society':8232, '.':13, ' Her':6252, ' experiences':11449, ' shaped':26271 ]
[1786181012] n_remain: 120
[1786181012] eval: [ ' shaped':26271 ]
[1786181012] n_past = 4560
[1786181012] last: [ ',':11, ' eager':23541, ' to':311, ' learn':3960, ' about':911, ' the':279, ' customs':34769, ',':11, ' traditions':30906, ',':11, ' and':323, ' people':1251, ' who':879, ' inhabited':69498, ' this':419, ' mysterious':25382, ' region':5537, ' under':1212, ' Japanese':10769, ' occupation':29647, '.':382, 'The':785, ' following':2701, ' is':374, ' a':264, ' concise':63594, ' character':3668, ' biography':47245, ' for':369, ' In':758, 'ou':283, 'e':68, ' Re':1032, 'iko':23630, ' (':320, 'female':42634, '),':701, ' born':9223, ' in':304, ' Japan':6323, ' during':2337, ' World':4337, ' War':5004, ' II':7946, ' but':714, ' later':2937, ' moved':7726, ' to':311, ' Bal':19420, 'ik':1579, 'p':79, 'apan':5359, ' as':438, ' part':949, ' of':315, ' the':279, ' Dutch':23234, ' colonial':36583, ' society':8232, '.':13, ' Her':6252, ' experiences':11449, ' shaped':26271, ' her':1059 ]
[1786181012] n_remain: 119
[1786181012] eval: [ ' her':1059 ]
[1786181013] n_past = 4561
[1786181013] last: [ ' eager':23541, ' to':311, ' learn':3960, ' about':911, ' the':279, ' customs':34769, ',':11, ' traditions':30906, ',':11, ' and':323, ' people':1251, ' who':879, ' inhabited':69498, ' this':419, ' mysterious':25382, ' region':5537, ' under':1212, ' Japanese':10769, ' occupation':29647, '.':382, 'The':785, ' following':2701, ' is':374, ' a':264, ' concise':63594, ' character':3668, ' biography':47245, ' for':369, ' In':758, 'ou':283, 'e':68, ' Re':1032, 'iko':23630, ' (':320, 'female':42634, '),':701, ' born':9223, ' in':304, ' Japan':6323, ' during':2337, ' World':4337, ' War':5004, ' II':7946, ' but':714, ' later':2937, ' moved':7726, ' to':311, ' Bal':19420, 'ik':1579, 'p':79, 'apan':5359, ' as':438, ' part':949, ' of':315, ' the':279, ' Dutch':23234, ' colonial':36583, ' society':8232, '.':13, ' Her':6252, ' experiences':11449, ' shaped':26271, ' her':1059, ' identity':9569 ]
[1786181013] n_remain: 118
[1786181013] eval: [ ' identity':9569 ]
[1786181013] n_past = 4562
[1786181013] last: [ ' to':311, ' learn':3960, ' about':911, ' the':279, ' customs':34769, ',':11, ' traditions':30906, ',':11, ' and':323, ' people':1251, ' who':879, ' inhabited':69498, ' this':419, ' mysterious':25382, ' region':5537, ' under':1212, ' Japanese':10769, ' occupation':29647, '.':382, 'The':785, ' following':2701, ' is':374, ' a':264, ' concise':63594, ' character':3668, ' biography':47245, ' for':369, ' In':758, 'ou':283, 'e':68, ' Re':1032, 'iko':23630, ' (':320, 'female':42634, '),':701, ' born':9223, ' in':304, ' Japan':6323, ' during':2337, ' World':4337, ' War':5004, ' II':7946, ' but':714, ' later':2937, ' moved':7726, ' to':311, ' Bal':19420, 'ik':1579, 'p':79, 'apan':5359, ' as':438, ' part':949, ' of':315, ' the':279, ' Dutch':23234, ' colonial':36583, ' society':8232, '.':13, ' Her':6252, ' experiences':11449, ' shaped':26271, ' her':1059, ' identity':9569, ' and':323 ]
[1786181013] n_remain: 117
[1786181013] eval: [ ' and':323 ]
[1786181013] n_past = 4563
[1786181013] last: [ ' learn':3960, ' about':911, ' the':279, ' customs':34769, ',':11, ' traditions':30906, ',':11, ' and':323, ' people':1251, ' who':879, ' inhabited':69498, ' this':419, ' mysterious':25382, ' region':5537, ' under':1212, ' Japanese':10769, ' occupation':29647, '.':382, 'The':785, ' following':2701, ' is':374, ' a':264, ' concise':63594, ' character':3668, ' biography':47245, ' for':369, ' In':758, 'ou':283, 'e':68, ' Re':1032, 'iko':23630, ' (':320, 'female':42634, '),':701, ' born':9223, ' in':304, ' Japan':6323, ' during':2337, ' World':4337, ' War':5004, ' II':7946, ' but':714, ' later':2937, ' moved':7726, ' to':311, ' Bal':19420, 'ik':1579, 'p':79, 'apan':5359, ' as':438, ' part':949, ' of':315, ' the':279, ' Dutch':23234, ' colonial':36583, ' society':8232, '.':13, ' Her':6252, ' experiences':11449, ' shaped':26271, ' her':1059, ' identity':9569, ' and':323, ' worldview':77062 ]
[1786181013] n_remain: 116
[1786181013] eval: [ ' worldview':77062 ]
[1786181013] n_past = 4564
[1786181013] last: [ ' about':911, ' the':279, ' customs':34769, ',':11, ' traditions':30906, ',':11, ' and':323, ' people':1251, ' who':879, ' inhabited':69498, ' this':419, ' mysterious':25382, ' region':5537, ' under':1212, ' Japanese':10769, ' occupation':29647, '.':382, 'The':785, ' following':2701, ' is':374, ' a':264, ' concise':63594, ' character':3668, ' biography':47245, ' for':369, ' In':758, 'ou':283, 'e':68, ' Re':1032, 'iko':23630, ' (':320, 'female':42634, '),':701, ' born':9223, ' in':304, ' Japan':6323, ' during':2337, ' World':4337, ' War':5004, ' II':7946, ' but':714, ' later':2937, ' moved':7726, ' to':311, ' Bal':19420, 'ik':1579, 'p':79, 'apan':5359, ' as':438, ' part':949, ' of':315, ' the':279, ' Dutch':23234, ' colonial':36583, ' society':8232, '.':13, ' Her':6252, ' experiences':11449, ' shaped':26271, ' her':1059, ' identity':9569, ' and':323, ' worldview':77062, ' throughout':6814 ]
[1786181013] n_remain: 115
[1786181013] eval: [ ' throughout':6814 ]
[1786181013] n_past = 4565
[1786181013] last: [ ' the':279, ' customs':34769, ',':11, ' traditions':30906, ',':11, ' and':323, ' people':1251, ' who':879, ' inhabited':69498, ' this':419, ' mysterious':25382, ' region':5537, ' under':1212, ' Japanese':10769, ' occupation':29647, '.':382, 'The':785, ' following':2701, ' is':374, ' a':264, ' concise':63594, ' character':3668, ' biography':47245, ' for':369, ' In':758, 'ou':283, 'e':68, ' Re':1032, 'iko':23630, ' (':320, 'female':42634, '),':701, ' born':9223, ' in':304, ' Japan':6323, ' during':2337, ' World':4337, ' War':5004, ' II':7946, ' but':714, ' later':2937, ' moved':7726, ' to':311, ' Bal':19420, 'ik':1579, 'p':79, 'apan':5359, ' as':438, ' part':949, ' of':315, ' the':279, ' Dutch':23234, ' colonial':36583, ' society':8232, '.':13, ' Her':6252, ' experiences':11449, ' shaped':26271, ' her':1059, ' identity':9569, ' and':323, ' worldview':77062, ' throughout':6814, ' the':279 ]
[1786181013] n_remain: 114
[1786181013] eval: [ ' the':279 ]
[1786181014] n_past = 4566
[1786181014] last: [ ' customs':34769, ',':11, ' traditions':30906, ',':11, ' and':323, ' people':1251, ' who':879, ' inhabited':69498, ' this':419, ' mysterious':25382, ' region':5537, ' under':1212, ' Japanese':10769, ' occupation':29647, '.':382, 'The':785, ' following':2701, ' is':374, ' a':264, ' concise':63594, ' character':3668, ' biography':47245, ' for':369, ' In':758, 'ou':283, 'e':68, ' Re':1032, 'iko':23630, ' (':320, 'female':42634, '),':701, ' born':9223, ' in':304, ' Japan':6323, ' during':2337, ' World':4337, ' War':5004, ' II':7946, ' but':714, ' later':2937, ' moved':7726, ' to':311, ' Bal':19420, 'ik':1579, 'p':79, 'apan':5359, ' as':438, ' part':949, ' of':315, ' the':279, ' Dutch':23234, ' colonial':36583, ' society':8232, '.':13, ' Her':6252, ' experiences':11449, ' shaped':26271, ' her':1059, ' identity':9569, ' and':323, ' worldview':77062, ' throughout':6814, ' the':279, ' tumult':84577 ]
[1786181014] n_remain: 113
[1786181014] eval: [ ' tumult':84577 ]
[1786181014] n_past = 4567
[1786181014] last: [ ',':11, ' traditions':30906, ',':11, ' and':323, ' people':1251, ' who':879, ' inhabited':69498, ' this':419, ' mysterious':25382, ' region':5537, ' under':1212, ' Japanese':10769, ' occupation':29647, '.':382, 'The':785, ' following':2701, ' is':374, ' a':264, ' concise':63594, ' character':3668, ' biography':47245, ' for':369, ' In':758, 'ou':283, 'e':68, ' Re':1032, 'iko':23630, ' (':320, 'female':42634, '),':701, ' born':9223, ' in':304, ' Japan':6323, ' during':2337, ' World':4337, ' War':5004, ' II':7946, ' but':714, ' later':2937, ' moved':7726, ' to':311, ' Bal':19420, 'ik':1579, 'p':79, 'apan':5359, ' as':438, ' part':949, ' of':315, ' the':279, ' Dutch':23234, ' colonial':36583, ' society':8232, '.':13, ' Her':6252, ' experiences':11449, ' shaped':26271, ' her':1059, ' identity':9569, ' and':323, ' worldview':77062, ' throughout':6814, ' the':279, ' tumult':84577, 'uous':9193 ]
[1786181014] n_remain: 112
[1786181014] eval: [ 'uous':9193 ]
[1786181014] n_past = 4568
[1786181014] last: [ ' traditions':30906, ',':11, ' and':323, ' people':1251, ' who':879, ' inhabited':69498, ' this':419, ' mysterious':25382, ' region':5537, ' under':1212, ' Japanese':10769, ' occupation':29647, '.':382, 'The':785, ' following':2701, ' is':374, ' a':264, ' concise':63594, ' character':3668, ' biography':47245, ' for':369, ' In':758, 'ou':283, 'e':68, ' Re':1032, 'iko':23630, ' (':320, 'female':42634, '),':701, ' born':9223, ' in':304, ' Japan':6323, ' during':2337, ' World':4337, ' War':5004, ' II':7946, ' but':714, ' later':2937, ' moved':7726, ' to':311, ' Bal':19420, 'ik':1579, 'p':79, 'apan':5359, ' as':438, ' part':949, ' of':315, ' the':279, ' Dutch':23234, ' colonial':36583, ' society':8232, '.':13, ' Her':6252, ' experiences':11449, ' shaped':26271, ' her':1059, ' identity':9569, ' and':323, ' worldview':77062, ' throughout':6814, ' the':279, ' tumult':84577, 'uous':9193, ' year':1042 ]
[1786181014] n_remain: 111
[1786181014] eval: [ ' year':1042 ]
[1786181014] n_past = 4569
[1786181014] last: [ ',':11, ' and':323, ' people':1251, ' who':879, ' inhabited':69498, ' this':419, ' mysterious':25382, ' region':5537, ' under':1212, ' Japanese':10769, ' occupation':29647, '.':382, 'The':785, ' following':2701, ' is':374, ' a':264, ' concise':63594, ' character':3668, ' biography':47245, ' for':369, ' In':758, 'ou':283, 'e':68, ' Re':1032, 'iko':23630, ' (':320, 'female':42634, '),':701, ' born':9223, ' in':304, ' Japan':6323, ' during':2337, ' World':4337, ' War':5004, ' II':7946, ' but':714, ' later':2937, ' moved':7726, ' to':311, ' Bal':19420, 'ik':1579, 'p':79, 'apan':5359, ' as':438, ' part':949, ' of':315, ' the':279, ' Dutch':23234, ' colonial':36583, ' society':8232, '.':13, ' Her':6252, ' experiences':11449, ' shaped':26271, ' her':1059, ' identity':9569, ' and':323, ' worldview':77062, ' throughout':6814, ' the':279, ' tumult':84577, 'uous':9193, ' year':1042, ' of':315 ]
[1786181014] n_remain: 110
[1786181014] eval: [ ' of':315 ]
[1786181014] n_past = 4570
[1786181014] last: [ ' and':323, ' people':1251, ' who':879, ' inhabited':69498, ' this':419, ' mysterious':25382, ' region':5537, ' under':1212, ' Japanese':10769, ' occupation':29647, '.':382, 'The':785, ' following':2701, ' is':374, ' a':264, ' concise':63594, ' character':3668, ' biography':47245, ' for':369, ' In':758, 'ou':283, 'e':68, ' Re':1032, 'iko':23630, ' (':320, 'female':42634, '),':701, ' born':9223, ' in':304, ' Japan':6323, ' during':2337, ' World':4337, ' War':5004, ' II':7946, ' but':714, ' later':2937, ' moved':7726, ' to':311, ' Bal':19420, 'ik':1579, 'p':79, 'apan':5359, ' as':438, ' part':949, ' of':315, ' the':279, ' Dutch':23234, ' colonial':36583, ' society':8232, '.':13, ' Her':6252, ' experiences':11449, ' shaped':26271, ' her':1059, ' identity':9569, ' and':323, ' worldview':77062, ' throughout':6814, ' the':279, ' tumult':84577, 'uous':9193, ' year':1042, ' of':315, ' ':220 ]
[1786181014] n_remain: 109
[1786181014] eval: [ ' ':220 ]
[1786181015] n_past = 4571
[1786181015] last: [ ' people':1251, ' who':879, ' inhabited':69498, ' this':419, ' mysterious':25382, ' region':5537, ' under':1212, ' Japanese':10769, ' occupation':29647, '.':382, 'The':785, ' following':2701, ' is':374, ' a':264, ' concise':63594, ' character':3668, ' biography':47245, ' for':369, ' In':758, 'ou':283, 'e':68, ' Re':1032, 'iko':23630, ' (':320, 'female':42634, '),':701, ' born':9223, ' in':304, ' Japan':6323, ' during':2337, ' World':4337, ' War':5004, ' II':7946, ' but':714, ' later':2937, ' moved':7726, ' to':311, ' Bal':19420, 'ik':1579, 'p':79, 'apan':5359, ' as':438, ' part':949, ' of':315, ' the':279, ' Dutch':23234, ' colonial':36583, ' society':8232, '.':13, ' Her':6252, ' experiences':11449, ' shaped':26271, ' her':1059, ' identity':9569, ' and':323, ' worldview':77062, ' throughout':6814, ' the':279, ' tumult':84577, 'uous':9193, ' year':1042, ' of':315, ' ':220, '1':16 ]
[1786181015] n_remain: 108
[1786181015] eval: [ '1':16 ]
[1786181015] n_past = 4572
[1786181015] last: [ ' who':879, ' inhabited':69498, ' this':419, ' mysterious':25382, ' region':5537, ' under':1212, ' Japanese':10769, ' occupation':29647, '.':382, 'The':785, ' following':2701, ' is':374, ' a':264, ' concise':63594, ' character':3668, ' biography':47245, ' for':369, ' In':758, 'ou':283, 'e':68, ' Re':1032, 'iko':23630, ' (':320, 'female':42634, '),':701, ' born':9223, ' in':304, ' Japan':6323, ' during':2337, ' World':4337, ' War':5004, ' II':7946, ' but':714, ' later':2937, ' moved':7726, ' to':311, ' Bal':19420, 'ik':1579, 'p':79, 'apan':5359, ' as':438, ' part':949, ' of':315, ' the':279, ' Dutch':23234, ' colonial':36583, ' society':8232, '.':13, ' Her':6252, ' experiences':11449, ' shaped':26271, ' her':1059, ' identity':9569, ' and':323, ' worldview':77062, ' throughout':6814, ' the':279, ' tumult':84577, 'uous':9193, ' year':1042, ' of':315, ' ':220, '1':16, '9':24 ]
[1786181015] n_remain: 107
[1786181015] eval: [ '9':24 ]
[1786181015] n_past = 4573
[1786181015] last: [ ' inhabited':69498, ' this':419, ' mysterious':25382, ' region':5537, ' under':1212, ' Japanese':10769, ' occupation':29647, '.':382, 'The':785, ' following':2701, ' is':374, ' a':264, ' concise':63594, ' character':3668, ' biography':47245, ' for':369, ' In':758, 'ou':283, 'e':68, ' Re':1032, 'iko':23630, ' (':320, 'female':42634, '),':701, ' born':9223, ' in':304, ' Japan':6323, ' during':2337, ' World':4337, ' War':5004, ' II':7946, ' but':714, ' later':2937, ' moved':7726, ' to':311, ' Bal':19420, 'ik':1579, 'p':79, 'apan':5359, ' as':438, ' part':949, ' of':315, ' the':279, ' Dutch':23234, ' colonial':36583, ' society':8232, '.':13, ' Her':6252, ' experiences':11449, ' shaped':26271, ' her':1059, ' identity':9569, ' and':323, ' worldview':77062, ' throughout':6814, ' the':279, ' tumult':84577, 'uous':9193, ' year':1042, ' of':315, ' ':220, '1':16, '9':24, '4':19 ]
[1786181015] n_remain: 106
[1786181015] eval: [ '4':19 ]
[1786181015] n_past = 4574
[1786181015] last: [ ' this':419, ' mysterious':25382, ' region':5537, ' under':1212, ' Japanese':10769, ' occupation':29647, '.':382, 'The':785, ' following':2701, ' is':374, ' a':264, ' concise':63594, ' character':3668, ' biography':47245, ' for':369, ' In':758, 'ou':283, 'e':68, ' Re':1032, 'iko':23630, ' (':320, 'female':42634, '),':701, ' born':9223, ' in':304, ' Japan':6323, ' during':2337, ' World':4337, ' War':5004, ' II':7946, ' but':714, ' later':2937, ' moved':7726, ' to':311, ' Bal':19420, 'ik':1579, 'p':79, 'apan':5359, ' as':438, ' part':949, ' of':315, ' the':279, ' Dutch':23234, ' colonial':36583, ' society':8232, '.':13, ' Her':6252, ' experiences':11449, ' shaped':26271, ' her':1059, ' identity':9569, ' and':323, ' worldview':77062, ' throughout':6814, ' the':279, ' tumult':84577, 'uous':9193, ' year':1042, ' of':315, ' ':220, '1':16, '9':24, '4':19, '3':18 ]
[1786181015] n_remain: 105
[1786181015] eval: [ '3':18 ]
[1786181016] n_past = 4575
[1786181016] last: [ ' mysterious':25382, ' region':5537, ' under':1212, ' Japanese':10769, ' occupation':29647, '.':382, 'The':785, ' following':2701, ' is':374, ' a':264, ' concise':63594, ' character':3668, ' biography':47245, ' for':369, ' In':758, 'ou':283, 'e':68, ' Re':1032, 'iko':23630, ' (':320, 'female':42634, '),':701, ' born':9223, ' in':304, ' Japan':6323, ' during':2337, ' World':4337, ' War':5004, ' II':7946, ' but':714, ' later':2937, ' moved':7726, ' to':311, ' Bal':19420, 'ik':1579, 'p':79, 'apan':5359, ' as':438, ' part':949, ' of':315, ' the':279, ' Dutch':23234, ' colonial':36583, ' society':8232, '.':13, ' Her':6252, ' experiences':11449, ' shaped':26271, ' her':1059, ' identity':9569, ' and':323, ' worldview':77062, ' throughout':6814, ' the':279, ' tumult':84577, 'uous':9193, ' year':1042, ' of':315, ' ':220, '1':16, '9':24, '4':19, '3':18, ',':11 ]
[1786181016] n_remain: 104
[1786181016] eval: [ ',':11 ]
[1786181016] n_past = 4576
[1786181016] last: [ ' region':5537, ' under':1212, ' Japanese':10769, ' occupation':29647, '.':382, 'The':785, ' following':2701, ' is':374, ' a':264, ' concise':63594, ' character':3668, ' biography':47245, ' for':369, ' In':758, 'ou':283, 'e':68, ' Re':1032, 'iko':23630, ' (':320, 'female':42634, '),':701, ' born':9223, ' in':304, ' Japan':6323, ' during':2337, ' World':4337, ' War':5004, ' II':7946, ' but':714, ' later':2937, ' moved':7726, ' to':311, ' Bal':19420, 'ik':1579, 'p':79, 'apan':5359, ' as':438, ' part':949, ' of':315, ' the':279, ' Dutch':23234, ' colonial':36583, ' society':8232, '.':13, ' Her':6252, ' experiences':11449, ' shaped':26271, ' her':1059, ' identity':9569, ' and':323, ' worldview':77062, ' throughout':6814, ' the':279, ' tumult':84577, 'uous':9193, ' year':1042, ' of':315, ' ':220, '1':16, '9':24, '4':19, '3':18, ',':11, ' which':892 ]
[1786181016] n_remain: 103
[1786181016] eval: [ ' which':892 ]
[1786181016] n_past = 4577
[1786181016] last: [ ' under':1212, ' Japanese':10769, ' occupation':29647, '.':382, 'The':785, ' following':2701, ' is':374, ' a':264, ' concise':63594, ' character':3668, ' biography':47245, ' for':369, ' In':758, 'ou':283, 'e':68, ' Re':1032, 'iko':23630, ' (':320, 'female':42634, '),':701, ' born':9223, ' in':304, ' Japan':6323, ' during':2337, ' World':4337, ' War':5004, ' II':7946, ' but':714, ' later':2937, ' moved':7726, ' to':311, ' Bal':19420, 'ik':1579, 'p':79, 'apan':5359, ' as':438, ' part':949, ' of':315, ' the':279, ' Dutch':23234, ' colonial':36583, ' society':8232, '.':13, ' Her':6252, ' experiences':11449, ' shaped':26271, ' her':1059, ' identity':9569, ' and':323, ' worldview':77062, ' throughout':6814, ' the':279, ' tumult':84577, 'uous':9193, ' year':1042, ' of':315, ' ':220, '1':16, '9':24, '4':19, '3':18, ',':11, ' which':892, ' was':572 ]
[1786181016] n_remain: 102
[1786181016] eval: [ ' was':572 ]
[1786181016] n_past = 4578
[1786181016] last: [ ' Japanese':10769, ' occupation':29647, '.':382, 'The':785, ' following':2701, ' is':374, ' a':264, ' concise':63594, ' character':3668, ' biography':47245, ' for':369, ' In':758, 'ou':283, 'e':68, ' Re':1032, 'iko':23630, ' (':320, 'female':42634, '),':701, ' born':9223, ' in':304, ' Japan':6323, ' during':2337, ' World':4337, ' War':5004, ' II':7946, ' but':714, ' later':2937, ' moved':7726, ' to':311, ' Bal':19420, 'ik':1579, 'p':79, 'apan':5359, ' as':438, ' part':949, ' of':315, ' the':279, ' Dutch':23234, ' colonial':36583, ' society':8232, '.':13, ' Her':6252, ' experiences':11449, ' shaped':26271, ' her':1059, ' identity':9569, ' and':323, ' worldview':77062, ' throughout':6814, ' the':279, ' tumult':84577, 'uous':9193, ' year':1042, ' of':315, ' ':220, '1':16, '9':24, '4':19, '3':18, ',':11, ' which':892, ' was':572, ' also':1083 ]
[1786181016] n_remain: 101
[1786181016] eval: [ ' also':1083 ]
[1786181016] n_past = 4579
[1786181016] last: [ ' occupation':29647, '.':382, 'The':785, ' following':2701, ' is':374, ' a':264, ' concise':63594, ' character':3668, ' biography':47245, ' for':369, ' In':758, 'ou':283, 'e':68, ' Re':1032, 'iko':23630, ' (':320, 'female':42634, '),':701, ' born':9223, ' in':304, ' Japan':6323, ' during':2337, ' World':4337, ' War':5004, ' II':7946, ' but':714, ' later':2937, ' moved':7726, ' to':311, ' Bal':19420, 'ik':1579, 'p':79, 'apan':5359, ' as':438, ' part':949, ' of':315, ' the':279, ' Dutch':23234, ' colonial':36583, ' society':8232, '.':13, ' Her':6252, ' experiences':11449, ' shaped':26271, ' her':1059, ' identity':9569, ' and':323, ' worldview':77062, ' throughout':6814, ' the':279, ' tumult':84577, 'uous':9193, ' year':1042, ' of':315, ' ':220, '1':16, '9':24, '4':19, '3':18, ',':11, ' which':892, ' was':572, ' also':1083, ' the':279 ]
[1786181016] n_remain: 100
[1786181016] eval: [ ' the':279 ]
[1786181017] n_past = 4580
[1786181017] last: [ '.':382, 'The':785, ' following':2701, ' is':374, ' a':264, ' concise':63594, ' character':3668, ' biography':47245, ' for':369, ' In':758, 'ou':283, 'e':68, ' Re':1032, 'iko':23630, ' (':320, 'female':42634, '),':701, ' born':9223, ' in':304, ' Japan':6323, ' during':2337, ' World':4337, ' War':5004, ' II':7946, ' but':714, ' later':2937, ' moved':7726, ' to':311, ' Bal':19420, 'ik':1579, 'p':79, 'apan':5359, ' as':438, ' part':949, ' of':315, ' the':279, ' Dutch':23234, ' colonial':36583, ' society':8232, '.':13, ' Her':6252, ' experiences':11449, ' shaped':26271, ' her':1059, ' identity':9569, ' and':323, ' worldview':77062, ' throughout':6814, ' the':279, ' tumult':84577, 'uous':9193, ' year':1042, ' of':315, ' ':220, '1':16, '9':24, '4':19, '3':18, ',':11, ' which':892, ' was':572, ' also':1083, ' the':279, ' year':1042 ]
[1786181017] n_remain: 99
[1786181017] eval: [ ' year':1042 ]
[1786181017] n_past = 4581
[1786181017] last: [ 'The':785, ' following':2701, ' is':374, ' a':264, ' concise':63594, ' character':3668, ' biography':47245, ' for':369, ' In':758, 'ou':283, 'e':68, ' Re':1032, 'iko':23630, ' (':320, 'female':42634, '),':701, ' born':9223, ' in':304, ' Japan':6323, ' during':2337, ' World':4337, ' War':5004, ' II':7946, ' but':714, ' later':2937, ' moved':7726, ' to':311, ' Bal':19420, 'ik':1579, 'p':79, 'apan':5359, ' as':438, ' part':949, ' of':315, ' the':279, ' Dutch':23234, ' colonial':36583, ' society':8232, '.':13, ' Her':6252, ' experiences':11449, ' shaped':26271, ' her':1059, ' identity':9569, ' and':323, ' worldview':77062, ' throughout':6814, ' the':279, ' tumult':84577, 'uous':9193, ' year':1042, ' of':315, ' ':220, '1':16, '9':24, '4':19, '3':18, ',':11, ' which':892, ' was':572, ' also':1083, ' the':279, ' year':1042, ' of':315 ]
[1786181017] n_remain: 98
[1786181017] eval: [ ' of':315 ]
[1786181017] n_past = 4582
[1786181017] last: [ ' following':2701, ' is':374, ' a':264, ' concise':63594, ' character':3668, ' biography':47245, ' for':369, ' In':758, 'ou':283, 'e':68, ' Re':1032, 'iko':23630, ' (':320, 'female':42634, '),':701, ' born':9223, ' in':304, ' Japan':6323, ' during':2337, ' World':4337, ' War':5004, ' II':7946, ' but':714, ' later':2937, ' moved':7726, ' to':311, ' Bal':19420, 'ik':1579, 'p':79, 'apan':5359, ' as':438, ' part':949, ' of':315, ' the':279, ' Dutch':23234, ' colonial':36583, ' society':8232, '.':13, ' Her':6252, ' experiences':11449, ' shaped':26271, ' her':1059, ' identity':9569, ' and':323, ' worldview':77062, ' throughout':6814, ' the':279, ' tumult':84577, 'uous':9193, ' year':1042, ' of':315, ' ':220, '1':16, '9':24, '4':19, '3':18, ',':11, ' which':892, ' was':572, ' also':1083, ' the':279, ' year':1042, ' of':315, ' Japanese':10769 ]
[1786181017] n_remain: 97
[1786181017] eval: [ ' Japanese':10769 ]
[1786181017] n_past = 4583
[1786181017] last: [ ' is':374, ' a':264, ' concise':63594, ' character':3668, ' biography':47245, ' for':369, ' In':758, 'ou':283, 'e':68, ' Re':1032, 'iko':23630, ' (':320, 'female':42634, '),':701, ' born':9223, ' in':304, ' Japan':6323, ' during':2337, ' World':4337, ' War':5004, ' II':7946, ' but':714, ' later':2937, ' moved':7726, ' to':311, ' Bal':19420, 'ik':1579, 'p':79, 'apan':5359, ' as':438, ' part':949, ' of':315, ' the':279, ' Dutch':23234, ' colonial':36583, ' society':8232, '.':13, ' Her':6252, ' experiences':11449, ' shaped':26271, ' her':1059, ' identity':9569, ' and':323, ' worldview':77062, ' throughout':6814, ' the':279, ' tumult':84577, 'uous':9193, ' year':1042, ' of':315, ' ':220, '1':16, '9':24, '4':19, '3':18, ',':11, ' which':892, ' was':572, ' also':1083, ' the':279, ' year':1042, ' of':315, ' Japanese':10769, ' occupation':29647 ]
[1786181017] n_remain: 96
[1786181017] eval: [ ' occupation':29647 ]
[1786181017] n_past = 4584
[1786181017] last: [ ' a':264, ' concise':63594, ' character':3668, ' biography':47245, ' for':369, ' In':758, 'ou':283, 'e':68, ' Re':1032, 'iko':23630, ' (':320, 'female':42634, '),':701, ' born':9223, ' in':304, ' Japan':6323, ' during':2337, ' World':4337, ' War':5004, ' II':7946, ' but':714, ' later':2937, ' moved':7726, ' to':311, ' Bal':19420, 'ik':1579, 'p':79, 'apan':5359, ' as':438, ' part':949, ' of':315, ' the':279, ' Dutch':23234, ' colonial':36583, ' society':8232, '.':13, ' Her':6252, ' experiences':11449, ' shaped':26271, ' her':1059, ' identity':9569, ' and':323, ' worldview':77062, ' throughout':6814, ' the':279, ' tumult':84577, 'uous':9193, ' year':1042, ' of':315, ' ':220, '1':16, '9':24, '4':19, '3':18, ',':11, ' which':892, ' was':572, ' also':1083, ' the':279, ' year':1042, ' of':315, ' Japanese':10769, ' occupation':29647, '.':382 ]
[1786181017] n_remain: 95
[1786181017] eval: [ '.':382 ]
[1786181018] n_past = 4585
[1786181018] last: [ ' concise':63594, ' character':3668, ' biography':47245, ' for':369, ' In':758, 'ou':283, 'e':68, ' Re':1032, 'iko':23630, ' (':320, 'female':42634, '),':701, ' born':9223, ' in':304, ' Japan':6323, ' during':2337, ' World':4337, ' War':5004, ' II':7946, ' but':714, ' later':2937, ' moved':7726, ' to':311, ' Bal':19420, 'ik':1579, 'p':79, 'apan':5359, ' as':438, ' part':949, ' of':315, ' the':279, ' Dutch':23234, ' colonial':36583, ' society':8232, '.':13, ' Her':6252, ' experiences':11449, ' shaped':26271, ' her':1059, ' identity':9569, ' and':323, ' worldview':77062, ' throughout':6814, ' the':279, ' tumult':84577, 'uous':9193, ' year':1042, ' of':315, ' ':220, '1':16, '9':24, '4':19, '3':18, ',':11, ' which':892, ' was':572, ' also':1083, ' the':279, ' year':1042, ' of':315, ' Japanese':10769, ' occupation':29647, '.':382, 'Please':5501 ]
[1786181018] n_remain: 94
[1786181018] eval: [ 'Please':5501 ]
[1786181018] n_past = 4586
[1786181018] last: [ ' character':3668, ' biography':47245, ' for':369, ' In':758, 'ou':283, 'e':68, ' Re':1032, 'iko':23630, ' (':320, 'female':42634, '),':701, ' born':9223, ' in':304, ' Japan':6323, ' during':2337, ' World':4337, ' War':5004, ' II':7946, ' but':714, ' later':2937, ' moved':7726, ' to':311, ' Bal':19420, 'ik':1579, 'p':79, 'apan':5359, ' as':438, ' part':949, ' of':315, ' the':279, ' Dutch':23234, ' colonial':36583, ' society':8232, '.':13, ' Her':6252, ' experiences':11449, ' shaped':26271, ' her':1059, ' identity':9569, ' and':323, ' worldview':77062, ' throughout':6814, ' the':279, ' tumult':84577, 'uous':9193, ' year':1042, ' of':315, ' ':220, '1':16, '9':24, '4':19, '3':18, ',':11, ' which':892, ' was':572, ' also':1083, ' the':279, ' year':1042, ' of':315, ' Japanese':10769, ' occupation':29647, '.':382, 'Please':5501, ' note':5185 ]
[1786181018] n_remain: 93
[1786181018] eval: [ ' note':5185 ]
[1786181018] n_past = 4587
[1786181018] last: [ ' biography':47245, ' for':369, ' In':758, 'ou':283, 'e':68, ' Re':1032, 'iko':23630, ' (':320, 'female':42634, '),':701, ' born':9223, ' in':304, ' Japan':6323, ' during':2337, ' World':4337, ' War':5004, ' II':7946, ' but':714, ' later':2937, ' moved':7726, ' to':311, ' Bal':19420, 'ik':1579, 'p':79, 'apan':5359, ' as':438, ' part':949, ' of':315, ' the':279, ' Dutch':23234, ' colonial':36583, ' society':8232, '.':13, ' Her':6252, ' experiences':11449, ' shaped':26271, ' her':1059, ' identity':9569, ' and':323, ' worldview':77062, ' throughout':6814, ' the':279, ' tumult':84577, 'uous':9193, ' year':1042, ' of':315, ' ':220, '1':16, '9':24, '4':19, '3':18, ',':11, ' which':892, ' was':572, ' also':1083, ' the':279, ' year':1042, ' of':315, ' Japanese':10769, ' occupation':29647, '.':382, 'Please':5501, ' note':5185, ' that':429 ]
[1786181018] n_remain: 92
[1786181018] eval: [ ' that':429 ]
[1786181018] n_past = 4588
[1786181018] last: [ ' for':369, ' In':758, 'ou':283, 'e':68, ' Re':1032, 'iko':23630, ' (':320, 'female':42634, '),':701, ' born':9223, ' in':304, ' Japan':6323, ' during':2337, ' World':4337, ' War':5004, ' II':7946, ' but':714, ' later':2937, ' moved':7726, ' to':311, ' Bal':19420, 'ik':1579, 'p':79, 'apan':5359, ' as':438, ' part':949, ' of':315, ' the':279, ' Dutch':23234, ' colonial':36583, ' society':8232, '.':13, ' Her':6252, ' experiences':11449, ' shaped':26271, ' her':1059, ' identity':9569, ' and':323, ' worldview':77062, ' throughout':6814, ' the':279, ' tumult':84577, 'uous':9193, ' year':1042, ' of':315, ' ':220, '1':16, '9':24, '4':19, '3':18, ',':11, ' which':892, ' was':572, ' also':1083, ' the':279, ' year':1042, ' of':315, ' Japanese':10769, ' occupation':29647, '.':382, 'Please':5501, ' note':5185, ' that':429, ' this':419 ]
[1786181018] n_remain: 91
[1786181018] eval: [ ' this':419 ]
[1786181018] n_past = 4589
[1786181018] last: [ ' In':758, 'ou':283, 'e':68, ' Re':1032, 'iko':23630, ' (':320, 'female':42634, '),':701, ' born':9223, ' in':304, ' Japan':6323, ' during':2337, ' World':4337, ' War':5004, ' II':7946, ' but':714, ' later':2937, ' moved':7726, ' to':311, ' Bal':19420, 'ik':1579, 'p':79, 'apan':5359, ' as':438, ' part':949, ' of':315, ' the':279, ' Dutch':23234, ' colonial':36583, ' society':8232, '.':13, ' Her':6252, ' experiences':11449, ' shaped':26271, ' her':1059, ' identity':9569, ' and':323, ' worldview':77062, ' throughout':6814, ' the':279, ' tumult':84577, 'uous':9193, ' year':1042, ' of':315, ' ':220, '1':16, '9':24, '4':19, '3':18, ',':11, ' which':892, ' was':572, ' also':1083, ' the':279, ' year':1042, ' of':315, ' Japanese':10769, ' occupation':29647, '.':382, 'Please':5501, ' note':5185, ' that':429, ' this':419, ' character':3668 ]
[1786181018] n_remain: 90
[1786181018] eval: [ ' character':3668 ]
[1786181019] n_past = 4590
[1786181019] last: [ 'ou':283, 'e':68, ' Re':1032, 'iko':23630, ' (':320, 'female':42634, '),':701, ' born':9223, ' in':304, ' Japan':6323, ' during':2337, ' World':4337, ' War':5004, ' II':7946, ' but':714, ' later':2937, ' moved':7726, ' to':311, ' Bal':19420, 'ik':1579, 'p':79, 'apan':5359, ' as':438, ' part':949, ' of':315, ' the':279, ' Dutch':23234, ' colonial':36583, ' society':8232, '.':13, ' Her':6252, ' experiences':11449, ' shaped':26271, ' her':1059, ' identity':9569, ' and':323, ' worldview':77062, ' throughout':6814, ' the':279, ' tumult':84577, 'uous':9193, ' year':1042, ' of':315, ' ':220, '1':16, '9':24, '4':19, '3':18, ',':11, ' which':892, ' was':572, ' also':1083, ' the':279, ' year':1042, ' of':315, ' Japanese':10769, ' occupation':29647, '.':382, 'Please':5501, ' note':5185, ' that':429, ' this':419, ' character':3668, ' biography':47245 ]
[1786181019] n_remain: 89
[1786181019] eval: [ ' biography':47245 ]
[1786181019] n_past = 4591
[1786181019] last: [ 'e':68, ' Re':1032, 'iko':23630, ' (':320, 'female':42634, '),':701, ' born':9223, ' in':304, ' Japan':6323, ' during':2337, ' World':4337, ' War':5004, ' II':7946, ' but':714, ' later':2937, ' moved':7726, ' to':311, ' Bal':19420, 'ik':1579, 'p':79, 'apan':5359, ' as':438, ' part':949, ' of':315, ' the':279, ' Dutch':23234, ' colonial':36583, ' society':8232, '.':13, ' Her':6252, ' experiences':11449, ' shaped':26271, ' her':1059, ' identity':9569, ' and':323, ' worldview':77062, ' throughout':6814, ' the':279, ' tumult':84577, 'uous':9193, ' year':1042, ' of':315, ' ':220, '1':16, '9':24, '4':19, '3':18, ',':11, ' which':892, ' was':572, ' also':1083, ' the':279, ' year':1042, ' of':315, ' Japanese':10769, ' occupation':29647, '.':382, 'Please':5501, ' note':5185, ' that':429, ' this':419, ' character':3668, ' biography':47245, ' is':374 ]
[1786181019] n_remain: 88
[1786181019] eval: [ ' is':374 ]
[1786181019] n_past = 4592
[1786181019] last: [ ' Re':1032, 'iko':23630, ' (':320, 'female':42634, '),':701, ' born':9223, ' in':304, ' Japan':6323, ' during':2337, ' World':4337, ' War':5004, ' II':7946, ' but':714, ' later':2937, ' moved':7726, ' to':311, ' Bal':19420, 'ik':1579, 'p':79, 'apan':5359, ' as':438, ' part':949, ' of':315, ' the':279, ' Dutch':23234, ' colonial':36583, ' society':8232, '.':13, ' Her':6252, ' experiences':11449, ' shaped':26271, ' her':1059, ' identity':9569, ' and':323, ' worldview':77062, ' throughout':6814, ' the':279, ' tumult':84577, 'uous':9193, ' year':1042, ' of':315, ' ':220, '1':16, '9':24, '4':19, '3':18, ',':11, ' which':892, ' was':572, ' also':1083, ' the':279, ' year':1042, ' of':315, ' Japanese':10769, ' occupation':29647, '.':382, 'Please':5501, ' note':5185, ' that':429, ' this':419, ' character':3668, ' biography':47245, ' is':374, ' fictional':43582 ]
[1786181019] n_remain: 87
[1786181019] eval: [ ' fictional':43582 ]
[1786181019] n_past = 4593
[1786181019] last: [ 'iko':23630, ' (':320, 'female':42634, '),':701, ' born':9223, ' in':304, ' Japan':6323, ' during':2337, ' World':4337, ' War':5004, ' II':7946, ' but':714, ' later':2937, ' moved':7726, ' to':311, ' Bal':19420, 'ik':1579, 'p':79, 'apan':5359, ' as':438, ' part':949, ' of':315, ' the':279, ' Dutch':23234, ' colonial':36583, ' society':8232, '.':13, ' Her':6252, ' experiences':11449, ' shaped':26271, ' her':1059, ' identity':9569, ' and':323, ' worldview':77062, ' throughout':6814, ' the':279, ' tumult':84577, 'uous':9193, ' year':1042, ' of':315, ' ':220, '1':16, '9':24, '4':19, '3':18, ',':11, ' which':892, ' was':572, ' also':1083, ' the':279, ' year':1042, ' of':315, ' Japanese':10769, ' occupation':29647, '.':382, 'Please':5501, ' note':5185, ' that':429, ' this':419, ' character':3668, ' biography':47245, ' is':374, ' fictional':43582, ' and':323 ]
[1786181019] n_remain: 86
[1786181019] eval: [ ' and':323 ]
[1786181019] n_past = 4594
[1786181019] last: [ ' (':320, 'female':42634, '),':701, ' born':9223, ' in':304, ' Japan':6323, ' during':2337, ' World':4337, ' War':5004, ' II':7946, ' but':714, ' later':2937, ' moved':7726, ' to':311, ' Bal':19420, 'ik':1579, 'p':79, 'apan':5359, ' as':438, ' part':949, ' of':315, ' the':279, ' Dutch':23234, ' colonial':36583, ' society':8232, '.':13, ' Her':6252, ' experiences':11449, ' shaped':26271, ' her':1059, ' identity':9569, ' and':323, ' worldview':77062, ' throughout':6814, ' the':279, ' tumult':84577, 'uous':9193, ' year':1042, ' of':315, ' ':220, '1':16, '9':24, '4':19, '3':18, ',':11, ' which':892, ' was':572, ' also':1083, ' the':279, ' year':1042, ' of':315, ' Japanese':10769, ' occupation':29647, '.':382, 'Please':5501, ' note':5185, ' that':429, ' this':419, ' character':3668, ' biography':47245, ' is':374, ' fictional':43582, ' and':323, ' may':1231 ]
[1786181019] n_remain: 85
[1786181019] eval: [ ' may':1231 ]
[1786181020] n_past = 4595
[1786181020] last: [ 'female':42634, '),':701, ' born':9223, ' in':304, ' Japan':6323, ' during':2337, ' World':4337, ' War':5004, ' II':7946, ' but':714, ' later':2937, ' moved':7726, ' to':311, ' Bal':19420, 'ik':1579, 'p':79, 'apan':5359, ' as':438, ' part':949, ' of':315, ' the':279, ' Dutch':23234, ' colonial':36583, ' society':8232, '.':13, ' Her':6252, ' experiences':11449, ' shaped':26271, ' her':1059, ' identity':9569, ' and':323, ' worldview':77062, ' throughout':6814, ' the':279, ' tumult':84577, 'uous':9193, ' year':1042, ' of':315, ' ':220, '1':16, '9':24, '4':19, '3':18, ',':11, ' which':892, ' was':572, ' also':1083, ' the':279, ' year':1042, ' of':315, ' Japanese':10769, ' occupation':29647, '.':382, 'Please':5501, ' note':5185, ' that':429, ' this':419, ' character':3668, ' biography':47245, ' is':374, ' fictional':43582, ' and':323, ' may':1231, ' not':537 ]
[1786181020] n_remain: 84
[1786181020] eval: [ ' not':537 ]
[1786181020] n_past = 4596
[1786181020] last: [ '),':701, ' born':9223, ' in':304, ' Japan':6323, ' during':2337, ' World':4337, ' War':5004, ' II':7946, ' but':714, ' later':2937, ' moved':7726, ' to':311, ' Bal':19420, 'ik':1579, 'p':79, 'apan':5359, ' as':438, ' part':949, ' of':315, ' the':279, ' Dutch':23234, ' colonial':36583, ' society':8232, '.':13, ' Her':6252, ' experiences':11449, ' shaped':26271, ' her':1059, ' identity':9569, ' and':323, ' worldview':77062, ' throughout':6814, ' the':279, ' tumult':84577, 'uous':9193, ' year':1042, ' of':315, ' ':220, '1':16, '9':24, '4':19, '3':18, ',':11, ' which':892, ' was':572, ' also':1083, ' the':279, ' year':1042, ' of':315, ' Japanese':10769, ' occupation':29647, '.':382, 'Please':5501, ' note':5185, ' that':429, ' this':419, ' character':3668, ' biography':47245, ' is':374, ' fictional':43582, ' and':323, ' may':1231, ' not':537, ' be':387 ]
[1786181020] n_remain: 83
[1786181020] eval: [ ' be':387 ]
[1786181020] n_past = 4597
[1786181020] last: [ ' born':9223, ' in':304, ' Japan':6323, ' during':2337, ' World':4337, ' War':5004, ' II':7946, ' but':714, ' later':2937, ' moved':7726, ' to':311, ' Bal':19420, 'ik':1579, 'p':79, 'apan':5359, ' as':438, ' part':949, ' of':315, ' the':279, ' Dutch':23234, ' colonial':36583, ' society':8232, '.':13, ' Her':6252, ' experiences':11449, ' shaped':26271, ' her':1059, ' identity':9569, ' and':323, ' worldview':77062, ' throughout':6814, ' the':279, ' tumult':84577, 'uous':9193, ' year':1042, ' of':315, ' ':220, '1':16, '9':24, '4':19, '3':18, ',':11, ' which':892, ' was':572, ' also':1083, ' the':279, ' year':1042, ' of':315, ' Japanese':10769, ' occupation':29647, '.':382, 'Please':5501, ' note':5185, ' that':429, ' this':419, ' character':3668, ' biography':47245, ' is':374, ' fictional':43582, ' and':323, ' may':1231, ' not':537, ' be':387, ' accurate':13382 ]
[1786181020] n_remain: 82
[1786181020] eval: [ ' accurate':13382 ]
[1786181020] n_past = 4598
[1786181020] last: [ ' in':304, ' Japan':6323, ' during':2337, ' World':4337, ' War':5004, ' II':7946, ' but':714, ' later':2937, ' moved':7726, ' to':311, ' Bal':19420, 'ik':1579, 'p':79, 'apan':5359, ' as':438, ' part':949, ' of':315, ' the':279, ' Dutch':23234, ' colonial':36583, ' society':8232, '.':13, ' Her':6252, ' experiences':11449, ' shaped':26271, ' her':1059, ' identity':9569, ' and':323, ' worldview':77062, ' throughout':6814, ' the':279, ' tumult':84577, 'uous':9193, ' year':1042, ' of':315, ' ':220, '1':16, '9':24, '4':19, '3':18, ',':11, ' which':892, ' was':572, ' also':1083, ' the':279, ' year':1042, ' of':315, ' Japanese':10769, ' occupation':29647, '.':382, 'Please':5501, ' note':5185, ' that':429, ' this':419, ' character':3668, ' biography':47245, ' is':374, ' fictional':43582, ' and':323, ' may':1231, ' not':537, ' be':387, ' accurate':13382, ' or':476 ]
[1786181020] n_remain: 81
[1786181020] eval: [ ' or':476 ]
[1786181020] n_past = 4599
[1786181020] last: [ ' Japan':6323, ' during':2337, ' World':4337, ' War':5004, ' II':7946, ' but':714, ' later':2937, ' moved':7726, ' to':311, ' Bal':19420, 'ik':1579, 'p':79, 'apan':5359, ' as':438, ' part':949, ' of':315, ' the':279, ' Dutch':23234, ' colonial':36583, ' society':8232, '.':13, ' Her':6252, ' experiences':11449, ' shaped':26271, ' her':1059, ' identity':9569, ' and':323, ' worldview':77062, ' throughout':6814, ' the':279, ' tumult':84577, 'uous':9193, ' year':1042, ' of':315, ' ':220, '1':16, '9':24, '4':19, '3':18, ',':11, ' which':892, ' was':572, ' also':1083, ' the':279, ' year':1042, ' of':315, ' Japanese':10769, ' occupation':29647, '.':382, 'Please':5501, ' note':5185, ' that':429, ' this':419, ' character':3668, ' biography':47245, ' is':374, ' fictional':43582, ' and':323, ' may':1231, ' not':537, ' be':387, ' accurate':13382, ' or':476, ' historically':34801 ]
[1786181020] n_remain: 80
[1786181020] eval: [ ' historically':34801 ]
[1786181021] n_past = 4600
[1786181021] last: [ ' during':2337, ' World':4337, ' War':5004, ' II':7946, ' but':714, ' later':2937, ' moved':7726, ' to':311, ' Bal':19420, 'ik':1579, 'p':79, 'apan':5359, ' as':438, ' part':949, ' of':315, ' the':279, ' Dutch':23234, ' colonial':36583, ' society':8232, '.':13, ' Her':6252, ' experiences':11449, ' shaped':26271, ' her':1059, ' identity':9569, ' and':323, ' worldview':77062, ' throughout':6814, ' the':279, ' tumult':84577, 'uous':9193, ' year':1042, ' of':315, ' ':220, '1':16, '9':24, '4':19, '3':18, ',':11, ' which':892, ' was':572, ' also':1083, ' the':279, ' year':1042, ' of':315, ' Japanese':10769, ' occupation':29647, '.':382, 'Please':5501, ' note':5185, ' that':429, ' this':419, ' character':3668, ' biography':47245, ' is':374, ' fictional':43582, ' and':323, ' may':1231, ' not':537, ' be':387, ' accurate':13382, ' or':476, ' historically':34801, ' representative':18239 ]
[1786181021] n_remain: 79
[1786181021] eval: [ ' representative':18239 ]
[1786181021] n_past = 4601
[1786181021] last: [ ' World':4337, ' War':5004, ' II':7946, ' but':714, ' later':2937, ' moved':7726, ' to':311, ' Bal':19420, 'ik':1579, 'p':79, 'apan':5359, ' as':438, ' part':949, ' of':315, ' the':279, ' Dutch':23234, ' colonial':36583, ' society':8232, '.':13, ' Her':6252, ' experiences':11449, ' shaped':26271, ' her':1059, ' identity':9569, ' and':323, ' worldview':77062, ' throughout':6814, ' the':279, ' tumult':84577, 'uous':9193, ' year':1042, ' of':315, ' ':220, '1':16, '9':24, '4':19, '3':18, ',':11, ' which':892, ' was':572, ' also':1083, ' the':279, ' year':1042, ' of':315, ' Japanese':10769, ' occupation':29647, '.':382, 'Please':5501, ' note':5185, ' that':429, ' this':419, ' character':3668, ' biography':47245, ' is':374, ' fictional':43582, ' and':323, ' may':1231, ' not':537, ' be':387, ' accurate':13382, ' or':476, ' historically':34801, ' representative':18239, '.':13 ]
[1786181021] n_remain: 78
[1786181021] eval: [ '.':13 ]
[1786181021] n_past = 4602
[1786181021] last: [ ' War':5004, ' II':7946, ' but':714, ' later':2937, ' moved':7726, ' to':311, ' Bal':19420, 'ik':1579, 'p':79, 'apan':5359, ' as':438, ' part':949, ' of':315, ' the':279, ' Dutch':23234, ' colonial':36583, ' society':8232, '.':13, ' Her':6252, ' experiences':11449, ' shaped':26271, ' her':1059, ' identity':9569, ' and':323, ' worldview':77062, ' throughout':6814, ' the':279, ' tumult':84577, 'uous':9193, ' year':1042, ' of':315, ' ':220, '1':16, '9':24, '4':19, '3':18, ',':11, ' which':892, ' was':572, ' also':1083, ' the':279, ' year':1042, ' of':315, ' Japanese':10769, ' occupation':29647, '.':382, 'Please':5501, ' note':5185, ' that':429, ' this':419, ' character':3668, ' biography':47245, ' is':374, ' fictional':43582, ' and':323, ' may':1231, ' not':537, ' be':387, ' accurate':13382, ' or':476, ' historically':34801, ' representative':18239, '.':13, '<|endoftext|>':151643 ]
[1786181021] n_remain: 77
[1786181021] eval: [ '<|endoftext|>':151643 ]
[1786181021] n_past = 4603
[1786181021] last: [ ' II':7946, ' but':714, ' later':2937, ' moved':7726, ' to':311, ' Bal':19420, 'ik':1579, 'p':79, 'apan':5359, ' as':438, ' part':949, ' of':315, ' the':279, ' Dutch':23234, ' colonial':36583, ' society':8232, '.':13, ' Her':6252, ' experiences':11449, ' shaped':26271, ' her':1059, ' identity':9569, ' and':323, ' worldview':77062, ' throughout':6814, ' the':279, ' tumult':84577, 'uous':9193, ' year':1042, ' of':315, ' ':220, '1':16, '9':24, '4':19, '3':18, ',':11, ' which':892, ' was':572, ' also':1083, ' the':279, ' year':1042, ' of':315, ' Japanese':10769, ' occupation':29647, '.':382, 'Please':5501, ' note':5185, ' that':429, ' this':419, ' character':3668, ' biography':47245, ' is':374, ' fictional':43582, ' and':323, ' may':1231, ' not':537, ' be':387, ' accurate':13382, ' or':476, ' historically':34801, ' representative':18239, '.':13, '<|endoftext|>':151643, 'Human':33975 ]
[1786181021] n_remain: 76
[1786181021] eval: [ 'Human':33975 ]
[1786181022] n_past = 4604
[1786181022] last: [ ' but':714, ' later':2937, ' moved':7726, ' to':311, ' Bal':19420, 'ik':1579, 'p':79, 'apan':5359, ' as':438, ' part':949, ' of':315, ' the':279, ' Dutch':23234, ' colonial':36583, ' society':8232, '.':13, ' Her':6252, ' experiences':11449, ' shaped':26271, ' her':1059, ' identity':9569, ' and':323, ' worldview':77062, ' throughout':6814, ' the':279, ' tumult':84577, 'uous':9193, ' year':1042, ' of':315, ' ':220, '1':16, '9':24, '4':19, '3':18, ',':11, ' which':892, ' was':572, ' also':1083, ' the':279, ' year':1042, ' of':315, ' Japanese':10769, ' occupation':29647, '.':382, 'Please':5501, ' note':5185, ' that':429, ' this':419, ' character':3668, ' biography':47245, ' is':374, ' fictional':43582, ' and':323, ' may':1231, ' not':537, ' be':387, ' accurate':13382, ' or':476, ' historically':34801, ' representative':18239, '.':13, '<|endoftext|>':151643, 'Human':33975, ':':25 ]
[1786181022] n_remain: 75
[1786181022] eval: [ ':':25 ]
[1786181022] n_past = 4605
[1786181022] last: [ ' later':2937, ' moved':7726, ' to':311, ' Bal':19420, 'ik':1579, 'p':79, 'apan':5359, ' as':438, ' part':949, ' of':315, ' the':279, ' Dutch':23234, ' colonial':36583, ' society':8232, '.':13, ' Her':6252, ' experiences':11449, ' shaped':26271, ' her':1059, ' identity':9569, ' and':323, ' worldview':77062, ' throughout':6814, ' the':279, ' tumult':84577, 'uous':9193, ' year':1042, ' of':315, ' ':220, '1':16, '9':24, '4':19, '3':18, ',':11, ' which':892, ' was':572, ' also':1083, ' the':279, ' year':1042, ' of':315, ' Japanese':10769, ' occupation':29647, '.':382, 'Please':5501, ' note':5185, ' that':429, ' this':419, ' character':3668, ' biography':47245, ' is':374, ' fictional':43582, ' and':323, ' may':1231, ' not':537, ' be':387, ' accurate':13382, ' or':476, ' historically':34801, ' representative':18239, '.':13, '<|endoftext|>':151643, 'Human':33975, ':':25, ' Write':9645 ]
[1786181022] n_remain: 74
[1786181022] eval: [ ' Write':9645 ]
[1786181022] n_past = 4606
[1786181022] last: [ ' moved':7726, ' to':311, ' Bal':19420, 'ik':1579, 'p':79, 'apan':5359, ' as':438, ' part':949, ' of':315, ' the':279, ' Dutch':23234, ' colonial':36583, ' society':8232, '.':13, ' Her':6252, ' experiences':11449, ' shaped':26271, ' her':1059, ' identity':9569, ' and':323, ' worldview':77062, ' throughout':6814, ' the':279, ' tumult':84577, 'uous':9193, ' year':1042, ' of':315, ' ':220, '1':16, '9':24, '4':19, '3':18, ',':11, ' which':892, ' was':572, ' also':1083, ' the':279, ' year':1042, ' of':315, ' Japanese':10769, ' occupation':29647, '.':382, 'Please':5501, ' note':5185, ' that':429, ' this':419, ' character':3668, ' biography':47245, ' is':374, ' fictional':43582, ' and':323, ' may':1231, ' not':537, ' be':387, ' accurate':13382, ' or':476, ' historically':34801, ' representative':18239, '.':13, '<|endoftext|>':151643, 'Human':33975, ':':25, ' Write':9645, ' an':458 ]
[1786181022] n_remain: 73
[1786181022] eval: [ ' an':458 ]
[1786181022] n_past = 4607
[1786181022] last: [ ' to':311, ' Bal':19420, 'ik':1579, 'p':79, 'apan':5359, ' as':438, ' part':949, ' of':315, ' the':279, ' Dutch':23234, ' colonial':36583, ' society':8232, '.':13, ' Her':6252, ' experiences':11449, ' shaped':26271, ' her':1059, ' identity':9569, ' and':323, ' worldview':77062, ' throughout':6814, ' the':279, ' tumult':84577, 'uous':9193, ' year':1042, ' of':315, ' ':220, '1':16, '9':24, '4':19, '3':18, ',':11, ' which':892, ' was':572, ' also':1083, ' the':279, ' year':1042, ' of':315, ' Japanese':10769, ' occupation':29647, '.':382, 'Please':5501, ' note':5185, ' that':429, ' this':419, ' character':3668, ' biography':47245, ' is':374, ' fictional':43582, ' and':323, ' may':1231, ' not':537, ' be':387, ' accurate':13382, ' or':476, ' historically':34801, ' representative':18239, '.':13, '<|endoftext|>':151643, 'Human':33975, ':':25, ' Write':9645, ' an':458, ' introduction':16800 ]
[1786181022] n_remain: 72
[1786181022] eval: [ ' introduction':16800 ]
[1786181022] n_past = 4608
[1786181022] last: [ ' Bal':19420, 'ik':1579, 'p':79, 'apan':5359, ' as':438, ' part':949, ' of':315, ' the':279, ' Dutch':23234, ' colonial':36583, ' society':8232, '.':13, ' Her':6252, ' experiences':11449, ' shaped':26271, ' her':1059, ' identity':9569, ' and':323, ' worldview':77062, ' throughout':6814, ' the':279, ' tumult':84577, 'uous':9193, ' year':1042, ' of':315, ' ':220, '1':16, '9':24, '4':19, '3':18, ',':11, ' which':892, ' was':572, ' also':1083, ' the':279, ' year':1042, ' of':315, ' Japanese':10769, ' occupation':29647, '.':382, 'Please':5501, ' note':5185, ' that':429, ' this':419, ' character':3668, ' biography':47245, ' is':374, ' fictional':43582, ' and':323, ' may':1231, ' not':537, ' be':387, ' accurate':13382, ' or':476, ' historically':34801, ' representative':18239, '.':13, '<|endoftext|>':151643, 'Human':33975, ':':25, ' Write':9645, ' an':458, ' introduction':16800, ' about':911 ]
[1786181022] n_remain: 71
[1786181022] eval: [ ' about':911 ]
[1786181023] n_past = 4609
[1786181023] last: [ 'ik':1579, 'p':79, 'apan':5359, ' as':438, ' part':949, ' of':315, ' the':279, ' Dutch':23234, ' colonial':36583, ' society':8232, '.':13, ' Her':6252, ' experiences':11449, ' shaped':26271, ' her':1059, ' identity':9569, ' and':323, ' worldview':77062, ' throughout':6814, ' the':279, ' tumult':84577, 'uous':9193, ' year':1042, ' of':315, ' ':220, '1':16, '9':24, '4':19, '3':18, ',':11, ' which':892, ' was':572, ' also':1083, ' the':279, ' year':1042, ' of':315, ' Japanese':10769, ' occupation':29647, '.':382, 'Please':5501, ' note':5185, ' that':429, ' this':419, ' character':3668, ' biography':47245, ' is':374, ' fictional':43582, ' and':323, ' may':1231, ' not':537, ' be':387, ' accurate':13382, ' or':476, ' historically':34801, ' representative':18239, '.':13, '<|endoftext|>':151643, 'Human':33975, ':':25, ' Write':9645, ' an':458, ' introduction':16800, ' about':911, ' "':330 ]
[1786181023] n_remain: 70
[1786181023] eval: [ ' "':330 ]
[1786181023] n_past = 4610
[1786181023] last: [ 'p':79, 'apan':5359, ' as':438, ' part':949, ' of':315, ' the':279, ' Dutch':23234, ' colonial':36583, ' society':8232, '.':13, ' Her':6252, ' experiences':11449, ' shaped':26271, ' her':1059, ' identity':9569, ' and':323, ' worldview':77062, ' throughout':6814, ' the':279, ' tumult':84577, 'uous':9193, ' year':1042, ' of':315, ' ':220, '1':16, '9':24, '4':19, '3':18, ',':11, ' which':892, ' was':572, ' also':1083, ' the':279, ' year':1042, ' of':315, ' Japanese':10769, ' occupation':29647, '.':382, 'Please':5501, ' note':5185, ' that':429, ' this':419, ' character':3668, ' biography':47245, ' is':374, ' fictional':43582, ' and':323, ' may':1231, ' not':537, ' be':387, ' accurate':13382, ' or':476, ' historically':34801, ' representative':18239, '.':13, '<|endoftext|>':151643, 'Human':33975, ':':25, ' Write':9645, ' an':458, ' introduction':16800, ' about':911, ' "':330, 'The':785 ]
[1786181023] n_remain: 69
[1786181023] eval: [ 'The':785 ]
[1786181023] n_past = 4611
[1786181023] last: [ 'apan':5359, ' as':438, ' part':949, ' of':315, ' the':279, ' Dutch':23234, ' colonial':36583, ' society':8232, '.':13, ' Her':6252, ' experiences':11449, ' shaped':26271, ' her':1059, ' identity':9569, ' and':323, ' worldview':77062, ' throughout':6814, ' the':279, ' tumult':84577, 'uous':9193, ' year':1042, ' of':315, ' ':220, '1':16, '9':24, '4':19, '3':18, ',':11, ' which':892, ' was':572, ' also':1083, ' the':279, ' year':1042, ' of':315, ' Japanese':10769, ' occupation':29647, '.':382, 'Please':5501, ' note':5185, ' that':429, ' this':419, ' character':3668, ' biography':47245, ' is':374, ' fictional':43582, ' and':323, ' may':1231, ' not':537, ' be':387, ' accurate':13382, ' or':476, ' historically':34801, ' representative':18239, '.':13, '<|endoftext|>':151643, 'Human':33975, ':':25, ' Write':9645, ' an':458, ' introduction':16800, ' about':911, ' "':330, 'The':785, ' Japanese':10769 ]
[1786181023] n_remain: 68
[1786181023] eval: [ ' Japanese':10769 ]
[1786181023] n_past = 4612
[1786181023] last: [ ' as':438, ' part':949, ' of':315, ' the':279, ' Dutch':23234, ' colonial':36583, ' society':8232, '.':13, ' Her':6252, ' experiences':11449, ' shaped':26271, ' her':1059, ' identity':9569, ' and':323, ' worldview':77062, ' throughout':6814, ' the':279, ' tumult':84577, 'uous':9193, ' year':1042, ' of':315, ' ':220, '1':16, '9':24, '4':19, '3':18, ',':11, ' which':892, ' was':572, ' also':1083, ' the':279, ' year':1042, ' of':315, ' Japanese':10769, ' occupation':29647, '.':382, 'Please':5501, ' note':5185, ' that':429, ' this':419, ' character':3668, ' biography':47245, ' is':374, ' fictional':43582, ' and':323, ' may':1231, ' not':537, ' be':387, ' accurate':13382, ' or':476, ' historically':34801, ' representative':18239, '.':13, '<|endoftext|>':151643, 'Human':33975, ':':25, ' Write':9645, ' an':458, ' introduction':16800, ' about':911, ' "':330, 'The':785, ' Japanese':10769, ' occupation':29647 ]
[1786181023] n_remain: 67
[1786181023] eval: [ ' occupation':29647 ]
[1786181023] n_past = 4613
[1786181023] last: [ ' part':949, ' of':315, ' the':279, ' Dutch':23234, ' colonial':36583, ' society':8232, '.':13, ' Her':6252, ' experiences':11449, ' shaped':26271, ' her':1059, ' identity':9569, ' and':323, ' worldview':77062, ' throughout':6814, ' the':279, ' tumult':84577, 'uous':9193, ' year':1042, ' of':315, ' ':220, '1':16, '9':24, '4':19, '3':18, ',':11, ' which':892, ' was':572, ' also':1083, ' the':279, ' year':1042, ' of':315, ' Japanese':10769, ' occupation':29647, '.':382, 'Please':5501, ' note':5185, ' that':429, ' this':419, ' character':3668, ' biography':47245, ' is':374, ' fictional':43582, ' and':323, ' may':1231, ' not':537, ' be':387, ' accurate':13382, ' or':476, ' historically':34801, ' representative':18239, '.':13, '<|endoftext|>':151643, 'Human':33975, ':':25, ' Write':9645, ' an':458, ' introduction':16800, ' about':911, ' "':330, 'The':785, ' Japanese':10769, ' occupation':29647, ' of':315 ]
[1786181023] n_remain: 66
[1786181023] eval: [ ' of':315 ]
[1786181024] n_past = 4614
[1786181024] last: [ ' of':315, ' the':279, ' Dutch':23234, ' colonial':36583, ' society':8232, '.':13, ' Her':6252, ' experiences':11449, ' shaped':26271, ' her':1059, ' identity':9569, ' and':323, ' worldview':77062, ' throughout':6814, ' the':279, ' tumult':84577, 'uous':9193, ' year':1042, ' of':315, ' ':220, '1':16, '9':24, '4':19, '3':18, ',':11, ' which':892, ' was':572, ' also':1083, ' the':279, ' year':1042, ' of':315, ' Japanese':10769, ' occupation':29647, '.':382, 'Please':5501, ' note':5185, ' that':429, ' this':419, ' character':3668, ' biography':47245, ' is':374, ' fictional':43582, ' and':323, ' may':1231, ' not':537, ' be':387, ' accurate':13382, ' or':476, ' historically':34801, ' representative':18239, '.':13, '<|endoftext|>':151643, 'Human':33975, ':':25, ' Write':9645, ' an':458, ' introduction':16800, ' about':911, ' "':330, 'The':785, ' Japanese':10769, ' occupation':29647, ' of':315, ' Bal':19420 ]
[1786181024] n_remain: 65
[1786181024] eval: [ ' Bal':19420 ]
[1786181024] n_past = 4615
[1786181024] last: [ ' the':279, ' Dutch':23234, ' colonial':36583, ' society':8232, '.':13, ' Her':6252, ' experiences':11449, ' shaped':26271, ' her':1059, ' identity':9569, ' and':323, ' worldview':77062, ' throughout':6814, ' the':279, ' tumult':84577, 'uous':9193, ' year':1042, ' of':315, ' ':220, '1':16, '9':24, '4':19, '3':18, ',':11, ' which':892, ' was':572, ' also':1083, ' the':279, ' year':1042, ' of':315, ' Japanese':10769, ' occupation':29647, '.':382, 'Please':5501, ' note':5185, ' that':429, ' this':419, ' character':3668, ' biography':47245, ' is':374, ' fictional':43582, ' and':323, ' may':1231, ' not':537, ' be':387, ' accurate':13382, ' or':476, ' historically':34801, ' representative':18239, '.':13, '<|endoftext|>':151643, 'Human':33975, ':':25, ' Write':9645, ' an':458, ' introduction':16800, ' about':911, ' "':330, 'The':785, ' Japanese':10769, ' occupation':29647, ' of':315, ' Bal':19420, 'ik':1579 ]
[1786181024] n_remain: 64
[1786181024] eval: [ 'ik':1579 ]
[1786181024] n_past = 4616
[1786181024] last: [ ' Dutch':23234, ' colonial':36583, ' society':8232, '.':13, ' Her':6252, ' experiences':11449, ' shaped':26271, ' her':1059, ' identity':9569, ' and':323, ' worldview':77062, ' throughout':6814, ' the':279, ' tumult':84577, 'uous':9193, ' year':1042, ' of':315, ' ':220, '1':16, '9':24, '4':19, '3':18, ',':11, ' which':892, ' was':572, ' also':1083, ' the':279, ' year':1042, ' of':315, ' Japanese':10769, ' occupation':29647, '.':382, 'Please':5501, ' note':5185, ' that':429, ' this':419, ' character':3668, ' biography':47245, ' is':374, ' fictional':43582, ' and':323, ' may':1231, ' not':537, ' be':387, ' accurate':13382, ' or':476, ' historically':34801, ' representative':18239, '.':13, '<|endoftext|>':151643, 'Human':33975, ':':25, ' Write':9645, ' an':458, ' introduction':16800, ' about':911, ' "':330, 'The':785, ' Japanese':10769, ' occupation':29647, ' of':315, ' Bal':19420, 'ik':1579, 'p':79 ]
[1786181024] n_remain: 63
[1786181024] eval: [ 'p':79 ]
[1786181024] n_past = 4617
[1786181024] last: [ ' colonial':36583, ' society':8232, '.':13, ' Her':6252, ' experiences':11449, ' shaped':26271, ' her':1059, ' identity':9569, ' and':323, ' worldview':77062, ' throughout':6814, ' the':279, ' tumult':84577, 'uous':9193, ' year':1042, ' of':315, ' ':220, '1':16, '9':24, '4':19, '3':18, ',':11, ' which':892, ' was':572, ' also':1083, ' the':279, ' year':1042, ' of':315, ' Japanese':10769, ' occupation':29647, '.':382, 'Please':5501, ' note':5185, ' that':429, ' this':419, ' character':3668, ' biography':47245, ' is':374, ' fictional':43582, ' and':323, ' may':1231, ' not':537, ' be':387, ' accurate':13382, ' or':476, ' historically':34801, ' representative':18239, '.':13, '<|endoftext|>':151643, 'Human':33975, ':':25, ' Write':9645, ' an':458, ' introduction':16800, ' about':911, ' "':330, 'The':785, ' Japanese':10769, ' occupation':29647, ' of':315, ' Bal':19420, 'ik':1579, 'p':79, 'apan':5359 ]
[1786181024] n_remain: 62
[1786181024] eval: [ 'apan':5359 ]
[1786181025] n_past = 4618
[1786181025] last: [ ' society':8232, '.':13, ' Her':6252, ' experiences':11449, ' shaped':26271, ' her':1059, ' identity':9569, ' and':323, ' worldview':77062, ' throughout':6814, ' the':279, ' tumult':84577, 'uous':9193, ' year':1042, ' of':315, ' ':220, '1':16, '9':24, '4':19, '3':18, ',':11, ' which':892, ' was':572, ' also':1083, ' the':279, ' year':1042, ' of':315, ' Japanese':10769, ' occupation':29647, '.':382, 'Please':5501, ' note':5185, ' that':429, ' this':419, ' character':3668, ' biography':47245, ' is':374, ' fictional':43582, ' and':323, ' may':1231, ' not':537, ' be':387, ' accurate':13382, ' or':476, ' historically':34801, ' representative':18239, '.':13, '<|endoftext|>':151643, 'Human':33975, ':':25, ' Write':9645, ' an':458, ' introduction':16800, ' about':911, ' "':330, 'The':785, ' Japanese':10769, ' occupation':29647, ' of':315, ' Bal':19420, 'ik':1579, 'p':79, 'apan':5359, '".':3263 ]
[1786181025] n_remain: 61
[1786181025] eval: [ '".':3263 ]
[1786181025] n_past = 4619
[1786181025] last: [ '.':13, ' Her':6252, ' experiences':11449, ' shaped':26271, ' her':1059, ' identity':9569, ' and':323, ' worldview':77062, ' throughout':6814, ' the':279, ' tumult':84577, 'uous':9193, ' year':1042, ' of':315, ' ':220, '1':16, '9':24, '4':19, '3':18, ',':11, ' which':892, ' was':572, ' also':1083, ' the':279, ' year':1042, ' of':315, ' Japanese':10769, ' occupation':29647, '.':382, 'Please':5501, ' note':5185, ' that':429, ' this':419, ' character':3668, ' biography':47245, ' is':374, ' fictional':43582, ' and':323, ' may':1231, ' not':537, ' be':387, ' accurate':13382, ' or':476, ' historically':34801, ' representative':18239, '.':13, '<|endoftext|>':151643, 'Human':33975, ':':25, ' Write':9645, ' an':458, ' introduction':16800, ' about':911, ' "':330, 'The':785, ' Japanese':10769, ' occupation':29647, ' of':315, ' Bal':19420, 'ik':1579, 'p':79, 'apan':5359, '".':3263, ' The':576 ]
[1786181025] n_remain: 60
[1786181025] eval: [ ' The':576 ]
[1786181025] n_past = 4620
[1786181025] last: [ ' Her':6252, ' experiences':11449, ' shaped':26271, ' her':1059, ' identity':9569, ' and':323, ' worldview':77062, ' throughout':6814, ' the':279, ' tumult':84577, 'uous':9193, ' year':1042, ' of':315, ' ':220, '1':16, '9':24, '4':19, '3':18, ',':11, ' which':892, ' was':572, ' also':1083, ' the':279, ' year':1042, ' of':315, ' Japanese':10769, ' occupation':29647, '.':382, 'Please':5501, ' note':5185, ' that':429, ' this':419, ' character':3668, ' biography':47245, ' is':374, ' fictional':43582, ' and':323, ' may':1231, ' not':537, ' be':387, ' accurate':13382, ' or':476, ' historically':34801, ' representative':18239, '.':13, '<|endoftext|>':151643, 'Human':33975, ':':25, ' Write':9645, ' an':458, ' introduction':16800, ' about':911, ' "':330, 'The':785, ' Japanese':10769, ' occupation':29647, ' of':315, ' Bal':19420, 'ik':1579, 'p':79, 'apan':5359, '".':3263, ' The':576, ' year':1042 ]
[1786181025] n_remain: 59
[1786181025] eval: [ ' year':1042 ]
[1786181025] n_past = 4621
[1786181025] last: [ ' experiences':11449, ' shaped':26271, ' her':1059, ' identity':9569, ' and':323, ' worldview':77062, ' throughout':6814, ' the':279, ' tumult':84577, 'uous':9193, ' year':1042, ' of':315, ' ':220, '1':16, '9':24, '4':19, '3':18, ',':11, ' which':892, ' was':572, ' also':1083, ' the':279, ' year':1042, ' of':315, ' Japanese':10769, ' occupation':29647, '.':382, 'Please':5501, ' note':5185, ' that':429, ' this':419, ' character':3668, ' biography':47245, ' is':374, ' fictional':43582, ' and':323, ' may':1231, ' not':537, ' be':387, ' accurate':13382, ' or':476, ' historically':34801, ' representative':18239, '.':13, '<|endoftext|>':151643, 'Human':33975, ':':25, ' Write':9645, ' an':458, ' introduction':16800, ' about':911, ' "':330, 'The':785, ' Japanese':10769, ' occupation':29647, ' of':315, ' Bal':19420, 'ik':1579, 'p':79, 'apan':5359, '".':3263, ' The':576, ' year':1042, ' should':1265 ]
[1786181025] n_remain: 58
[1786181025] eval: [ ' should':1265 ]
[1786181025] n_past = 4622
[1786181025] last: [ ' shaped':26271, ' her':1059, ' identity':9569, ' and':323, ' worldview':77062, ' throughout':6814, ' the':279, ' tumult':84577, 'uous':9193, ' year':1042, ' of':315, ' ':220, '1':16, '9':24, '4':19, '3':18, ',':11, ' which':892, ' was':572, ' also':1083, ' the':279, ' year':1042, ' of':315, ' Japanese':10769, ' occupation':29647, '.':382, 'Please':5501, ' note':5185, ' that':429, ' this':419, ' character':3668, ' biography':47245, ' is':374, ' fictional':43582, ' and':323, ' may':1231, ' not':537, ' be':387, ' accurate':13382, ' or':476, ' historically':34801, ' representative':18239, '.':13, '<|endoftext|>':151643, 'Human':33975, ':':25, ' Write':9645, ' an':458, ' introduction':16800, ' about':911, ' "':330, 'The':785, ' Japanese':10769, ' occupation':29647, ' of':315, ' Bal':19420, 'ik':1579, 'p':79, 'apan':5359, '".':3263, ' The':576, ' year':1042, ' should':1265, ' be':387 ]
[1786181025] n_remain: 57
[1786181025] eval: [ ' be':387 ]
[1786181026] n_past = 4623
[1786181026] last: [ ' her':1059, ' identity':9569, ' and':323, ' worldview':77062, ' throughout':6814, ' the':279, ' tumult':84577, 'uous':9193, ' year':1042, ' of':315, ' ':220, '1':16, '9':24, '4':19, '3':18, ',':11, ' which':892, ' was':572, ' also':1083, ' the':279, ' year':1042, ' of':315, ' Japanese':10769, ' occupation':29647, '.':382, 'Please':5501, ' note':5185, ' that':429, ' this':419, ' character':3668, ' biography':47245, ' is':374, ' fictional':43582, ' and':323, ' may':1231, ' not':537, ' be':387, ' accurate':13382, ' or':476, ' historically':34801, ' representative':18239, '.':13, '<|endoftext|>':151643, 'Human':33975, ':':25, ' Write':9645, ' an':458, ' introduction':16800, ' about':911, ' "':330, 'The':785, ' Japanese':10769, ' occupation':29647, ' of':315, ' Bal':19420, 'ik':1579, 'p':79, 'apan':5359, '".':3263, ' The':576, ' year':1042, ' should':1265, ' be':387, ' ':220 ]
[1786181026] n_remain: 56
[1786181026] eval: [ ' ':220 ]
[1786181026] n_past = 4624
[1786181026] last: [ ' identity':9569, ' and':323, ' worldview':77062, ' throughout':6814, ' the':279, ' tumult':84577, 'uous':9193, ' year':1042, ' of':315, ' ':220, '1':16, '9':24, '4':19, '3':18, ',':11, ' which':892, ' was':572, ' also':1083, ' the':279, ' year':1042, ' of':315, ' Japanese':10769, ' occupation':29647, '.':382, 'Please':5501, ' note':5185, ' that':429, ' this':419, ' character':3668, ' biography':47245, ' is':374, ' fictional':43582, ' and':323, ' may':1231, ' not':537, ' be':387, ' accurate':13382, ' or':476, ' historically':34801, ' representative':18239, '.':13, '<|endoftext|>':151643, 'Human':33975, ':':25, ' Write':9645, ' an':458, ' introduction':16800, ' about':911, ' "':330, 'The':785, ' Japanese':10769, ' occupation':29647, ' of':315, ' Bal':19420, 'ik':1579, 'p':79, 'apan':5359, '".':3263, ' The':576, ' year':1042, ' should':1265, ' be':387, ' ':220, '1':16 ]
[1786181026] n_remain: 55
[1786181026] eval: [ '1':16 ]
[1786181026] n_past = 4625
[1786181026] last: [ ' and':323, ' worldview':77062, ' throughout':6814, ' the':279, ' tumult':84577, 'uous':9193, ' year':1042, ' of':315, ' ':220, '1':16, '9':24, '4':19, '3':18, ',':11, ' which':892, ' was':572, ' also':1083, ' the':279, ' year':1042, ' of':315, ' Japanese':10769, ' occupation':29647, '.':382, 'Please':5501, ' note':5185, ' that':429, ' this':419, ' character':3668, ' biography':47245, ' is':374, ' fictional':43582, ' and':323, ' may':1231, ' not':537, ' be':387, ' accurate':13382, ' or':476, ' historically':34801, ' representative':18239, '.':13, '<|endoftext|>':151643, 'Human':33975, ':':25, ' Write':9645, ' an':458, ' introduction':16800, ' about':911, ' "':330, 'The':785, ' Japanese':10769, ' occupation':29647, ' of':315, ' Bal':19420, 'ik':1579, 'p':79, 'apan':5359, '".':3263, ' The':576, ' year':1042, ' should':1265, ' be':387, ' ':220, '1':16, '9':24 ]
[1786181026] n_remain: 54
[1786181026] eval: [ '9':24 ]
[1786181026] n_past = 4626
[1786181026] last: [ ' worldview':77062, ' throughout':6814, ' the':279, ' tumult':84577, 'uous':9193, ' year':1042, ' of':315, ' ':220, '1':16, '9':24, '4':19, '3':18, ',':11, ' which':892, ' was':572, ' also':1083, ' the':279, ' year':1042, ' of':315, ' Japanese':10769, ' occupation':29647, '.':382, 'Please':5501, ' note':5185, ' that':429, ' this':419, ' character':3668, ' biography':47245, ' is':374, ' fictional':43582, ' and':323, ' may':1231, ' not':537, ' be':387, ' accurate':13382, ' or':476, ' historically':34801, ' representative':18239, '.':13, '<|endoftext|>':151643, 'Human':33975, ':':25, ' Write':9645, ' an':458, ' introduction':16800, ' about':911, ' "':330, 'The':785, ' Japanese':10769, ' occupation':29647, ' of':315, ' Bal':19420, 'ik':1579, 'p':79, 'apan':5359, '".':3263, ' The':576, ' year':1042, ' should':1265, ' be':387, ' ':220, '1':16, '9':24, '4':19 ]
[1786181026] n_remain: 53
[1786181026] eval: [ '4':19 ]
[1786181026] n_past = 4627
[1786181026] last: [ ' throughout':6814, ' the':279, ' tumult':84577, 'uous':9193, ' year':1042, ' of':315, ' ':220, '1':16, '9':24, '4':19, '3':18, ',':11, ' which':892, ' was':572, ' also':1083, ' the':279, ' year':1042, ' of':315, ' Japanese':10769, ' occupation':29647, '.':382, 'Please':5501, ' note':5185, ' that':429, ' this':419, ' character':3668, ' biography':47245, ' is':374, ' fictional':43582, ' and':323, ' may':1231, ' not':537, ' be':387, ' accurate':13382, ' or':476, ' historically':34801, ' representative':18239, '.':13, '<|endoftext|>':151643, 'Human':33975, ':':25, ' Write':9645, ' an':458, ' introduction':16800, ' about':911, ' "':330, 'The':785, ' Japanese':10769, ' occupation':29647, ' of':315, ' Bal':19420, 'ik':1579, 'p':79, 'apan':5359, '".':3263, ' The':576, ' year':1042, ' should':1265, ' be':387, ' ':220, '1':16, '9':24, '4':19, '3':18 ]
[1786181026] n_remain: 52
[1786181026] eval: [ '3':18 ]
[1786181027] n_past = 4628
[1786181027] last: [ ' the':279, ' tumult':84577, 'uous':9193, ' year':1042, ' of':315, ' ':220, '1':16, '9':24, '4':19, '3':18, ',':11, ' which':892, ' was':572, ' also':1083, ' the':279, ' year':1042, ' of':315, ' Japanese':10769, ' occupation':29647, '.':382, 'Please':5501, ' note':5185, ' that':429, ' this':419, ' character':3668, ' biography':47245, ' is':374, ' fictional':43582, ' and':323, ' may':1231, ' not':537, ' be':387, ' accurate':13382, ' or':476, ' historically':34801, ' representative':18239, '.':13, '<|endoftext|>':151643, 'Human':33975, ':':25, ' Write':9645, ' an':458, ' introduction':16800, ' about':911, ' "':330, 'The':785, ' Japanese':10769, ' occupation':29647, ' of':315, ' Bal':19420, 'ik':1579, 'p':79, 'apan':5359, '".':3263, ' The':576, ' year':1042, ' should':1265, ' be':387, ' ':220, '1':16, '9':24, '4':19, '3':18, '':198 ]
[1786181027] n_remain: 51
[1786181027] eval: [ '':198 ]
[1786181027] n_past = 4629
[1786181027] last: [ ' tumult':84577, 'uous':9193, ' year':1042, ' of':315, ' ':220, '1':16, '9':24, '4':19, '3':18, ',':11, ' which':892, ' was':572, ' also':1083, ' the':279, ' year':1042, ' of':315, ' Japanese':10769, ' occupation':29647, '.':382, 'Please':5501, ' note':5185, ' that':429, ' this':419, ' character':3668, ' biography':47245, ' is':374, ' fictional':43582, ' and':323, ' may':1231, ' not':537, ' be':387, ' accurate':13382, ' or':476, ' historically':34801, ' representative':18239, '.':13, '<|endoftext|>':151643, 'Human':33975, ':':25, ' Write':9645, ' an':458, ' introduction':16800, ' about':911, ' "':330, 'The':785, ' Japanese':10769, ' occupation':29647, ' of':315, ' Bal':19420, 'ik':1579, 'p':79, 'apan':5359, '".':3263, ' The':576, ' year':1042, ' should':1265, ' be':387, ' ':220, '1':16, '9':24, '4':19, '3':18, '':198, 'Assistant':71703 ]
[1786181027] n_remain: 50
[1786181027] eval: [ 'Assistant':71703 ]
[1786181027] n_past = 4630
[1786181027] last: [ 'uous':9193, ' year':1042, ' of':315, ' ':220, '1':16, '9':24, '4':19, '3':18, ',':11, ' which':892, ' was':572, ' also':1083, ' the':279, ' year':1042, ' of':315, ' Japanese':10769, ' occupation':29647, '.':382, 'Please':5501, ' note':5185, ' that':429, ' this':419, ' character':3668, ' biography':47245, ' is':374, ' fictional':43582, ' and':323, ' may':1231, ' not':537, ' be':387, ' accurate':13382, ' or':476, ' historically':34801, ' representative':18239, '.':13, '<|endoftext|>':151643, 'Human':33975, ':':25, ' Write':9645, ' an':458, ' introduction':16800, ' about':911, ' "':330, 'The':785, ' Japanese':10769, ' occupation':29647, ' of':315, ' Bal':19420, 'ik':1579, 'p':79, 'apan':5359, '".':3263, ' The':576, ' year':1042, ' should':1265, ' be':387, ' ':220, '1':16, '9':24, '4':19, '3':18, '':198, 'Assistant':71703, ':':25 ]
[1786181027] n_remain: 49
[1786181027] eval: [ ':':25 ]
[1786181027] n_past = 4631
[1786181027] last: [ ' year':1042, ' of':315, ' ':220, '1':16, '9':24, '4':19, '3':18, ',':11, ' which':892, ' was':572, ' also':1083, ' the':279, ' year':1042, ' of':315, ' Japanese':10769, ' occupation':29647, '.':382, 'Please':5501, ' note':5185, ' that':429, ' this':419, ' character':3668, ' biography':47245, ' is':374, ' fictional':43582, ' and':323, ' may':1231, ' not':537, ' be':387, ' accurate':13382, ' or':476, ' historically':34801, ' representative':18239, '.':13, '<|endoftext|>':151643, 'Human':33975, ':':25, ' Write':9645, ' an':458, ' introduction':16800, ' about':911, ' "':330, 'The':785, ' Japanese':10769, ' occupation':29647, ' of':315, ' Bal':19420, 'ik':1579, 'p':79, 'apan':5359, '".':3263, ' The':576, ' year':1042, ' should':1265, ' be':387, ' ':220, '1':16, '9':24, '4':19, '3':18, '':198, 'Assistant':71703, ':':25, ' Certainly':52366 ]
[1786181027] n_remain: 48
[1786181027] eval: [ ' Certainly':52366 ]
[1786181027] n_past = 4632
[1786181027] last: [ ' of':315, ' ':220, '1':16, '9':24, '4':19, '3':18, ',':11, ' which':892, ' was':572, ' also':1083, ' the':279, ' year':1042, ' of':315, ' Japanese':10769, ' occupation':29647, '.':382, 'Please':5501, ' note':5185, ' that':429, ' this':419, ' character':3668, ' biography':47245, ' is':374, ' fictional':43582, ' and':323, ' may':1231, ' not':537, ' be':387, ' accurate':13382, ' or':476, ' historically':34801, ' representative':18239, '.':13, '<|endoftext|>':151643, 'Human':33975, ':':25, ' Write':9645, ' an':458, ' introduction':16800, ' about':911, ' "':330, 'The':785, ' Japanese':10769, ' occupation':29647, ' of':315, ' Bal':19420, 'ik':1579, 'p':79, 'apan':5359, '".':3263, ' The':576, ' year':1042, ' should':1265, ' be':387, ' ':220, '1':16, '9':24, '4':19, '3':18, '':198, 'Assistant':71703, ':':25, ' Certainly':52366, '!':0 ]
[1786181027] n_remain: 47
[1786181027] eval: [ '!':0 ]
[1786181028] n_past = 4633
[1786181028] last: [ ' ':220, '1':16, '9':24, '4':19, '3':18, ',':11, ' which':892, ' was':572, ' also':1083, ' the':279, ' year':1042, ' of':315, ' Japanese':10769, ' occupation':29647, '.':382, 'Please':5501, ' note':5185, ' that':429, ' this':419, ' character':3668, ' biography':47245, ' is':374, ' fictional':43582, ' and':323, ' may':1231, ' not':537, ' be':387, ' accurate':13382, ' or':476, ' historically':34801, ' representative':18239, '.':13, '<|endoftext|>':151643, 'Human':33975, ':':25, ' Write':9645, ' an':458, ' introduction':16800, ' about':911, ' "':330, 'The':785, ' Japanese':10769, ' occupation':29647, ' of':315, ' Bal':19420, 'ik':1579, 'p':79, 'apan':5359, '".':3263, ' The':576, ' year':1042, ' should':1265, ' be':387, ' ':220, '1':16, '9':24, '4':19, '3':18, '':198, 'Assistant':71703, ':':25, ' Certainly':52366, '!':0, ' Here':5692 ]
[1786181028] n_remain: 46
[1786181028] eval: [ ' Here':5692 ]
[1786181028] n_past = 4634
[1786181028] last: [ '1':16, '9':24, '4':19, '3':18, ',':11, ' which':892, ' was':572, ' also':1083, ' the':279, ' year':1042, ' of':315, ' Japanese':10769, ' occupation':29647, '.':382, 'Please':5501, ' note':5185, ' that':429, ' this':419, ' character':3668, ' biography':47245, ' is':374, ' fictional':43582, ' and':323, ' may':1231, ' not':537, ' be':387, ' accurate':13382, ' or':476, ' historically':34801, ' representative':18239, '.':13, '<|endoftext|>':151643, 'Human':33975, ':':25, ' Write':9645, ' an':458, ' introduction':16800, ' about':911, ' "':330, 'The':785, ' Japanese':10769, ' occupation':29647, ' of':315, ' Bal':19420, 'ik':1579, 'p':79, 'apan':5359, '".':3263, ' The':576, ' year':1042, ' should':1265, ' be':387, ' ':220, '1':16, '9':24, '4':19, '3':18, '':198, 'Assistant':71703, ':':25, ' Certainly':52366, '!':0, ' Here':5692, ''s':594 ]
[1786181028] n_remain: 45
[1786181028] eval: [ ''s':594 ]
[1786181028] n_past = 4635
[1786181028] last: [ '9':24, '4':19, '3':18, ',':11, ' which':892, ' was':572, ' also':1083, ' the':279, ' year':1042, ' of':315, ' Japanese':10769, ' occupation':29647, '.':382, 'Please':5501, ' note':5185, ' that':429, ' this':419, ' character':3668, ' biography':47245, ' is':374, ' fictional':43582, ' and':323, ' may':1231, ' not':537, ' be':387, ' accurate':13382, ' or':476, ' historically':34801, ' representative':18239, '.':13, '<|endoftext|>':151643, 'Human':33975, ':':25, ' Write':9645, ' an':458, ' introduction':16800, ' about':911, ' "':330, 'The':785, ' Japanese':10769, ' occupation':29647, ' of':315, ' Bal':19420, 'ik':1579, 'p':79, 'apan':5359, '".':3263, ' The':576, ' year':1042, ' should':1265, ' be':387, ' ':220, '1':16, '9':24, '4':19, '3':18, '':198, 'Assistant':71703, ':':25, ' Certainly':52366, '!':0, ' Here':5692, ''s':594, ' a':264 ]
[1786181028] n_remain: 44
[1786181028] eval: [ ' a':264 ]
[1786181028] n_past = 4636
[1786181028] last: [ '4':19, '3':18, ',':11, ' which':892, ' was':572, ' also':1083, ' the':279, ' year':1042, ' of':315, ' Japanese':10769, ' occupation':29647, '.':382, 'Please':5501, ' note':5185, ' that':429, ' this':419, ' character':3668, ' biography':47245, ' is':374, ' fictional':43582, ' and':323, ' may':1231, ' not':537, ' be':387, ' accurate':13382, ' or':476, ' historically':34801, ' representative':18239, '.':13, '<|endoftext|>':151643, 'Human':33975, ':':25, ' Write':9645, ' an':458, ' introduction':16800, ' about':911, ' "':330, 'The':785, ' Japanese':10769, ' occupation':29647, ' of':315, ' Bal':19420, 'ik':1579, 'p':79, 'apan':5359, '".':3263, ' The':576, ' year':1042, ' should':1265, ' be':387, ' ':220, '1':16, '9':24, '4':19, '3':18, '':198, 'Assistant':71703, ':':25, ' Certainly':52366, '!':0, ' Here':5692, ''s':594, ' a':264, ' concise':63594 ]
[1786181028] n_remain: 43
[1786181028] eval: [ ' concise':63594 ]
[1786181028] n_past = 4637
[1786181028] last: [ '3':18, ',':11, ' which':892, ' was':572, ' also':1083, ' the':279, ' year':1042, ' of':315, ' Japanese':10769, ' occupation':29647, '.':382, 'Please':5501, ' note':5185, ' that':429, ' this':419, ' character':3668, ' biography':47245, ' is':374, ' fictional':43582, ' and':323, ' may':1231, ' not':537, ' be':387, ' accurate':13382, ' or':476, ' historically':34801, ' representative':18239, '.':13, '<|endoftext|>':151643, 'Human':33975, ':':25, ' Write':9645, ' an':458, ' introduction':16800, ' about':911, ' "':330, 'The':785, ' Japanese':10769, ' occupation':29647, ' of':315, ' Bal':19420, 'ik':1579, 'p':79, 'apan':5359, '".':3263, ' The':576, ' year':1042, ' should':1265, ' be':387, ' ':220, '1':16, '9':24, '4':19, '3':18, '':198, 'Assistant':71703, ':':25, ' Certainly':52366, '!':0, ' Here':5692, ''s':594, ' a':264, ' concise':63594, ' introduction':16800 ]
[1786181028] n_remain: 42
[1786181028] eval: [ ' introduction':16800 ]
[1786181029] n_past = 4638
[1786181029] last: [ ',':11, ' which':892, ' was':572, ' also':1083, ' the':279, ' year':1042, ' of':315, ' Japanese':10769, ' occupation':29647, '.':382, 'Please':5501, ' note':5185, ' that':429, ' this':419, ' character':3668, ' biography':47245, ' is':374, ' fictional':43582, ' and':323, ' may':1231, ' not':537, ' be':387, ' accurate':13382, ' or':476, ' historically':34801, ' representative':18239, '.':13, '<|endoftext|>':151643, 'Human':33975, ':':25, ' Write':9645, ' an':458, ' introduction':16800, ' about':911, ' "':330, 'The':785, ' Japanese':10769, ' occupation':29647, ' of':315, ' Bal':19420, 'ik':1579, 'p':79, 'apan':5359, '".':3263, ' The':576, ' year':1042, ' should':1265, ' be':387, ' ':220, '1':16, '9':24, '4':19, '3':18, '':198, 'Assistant':71703, ':':25, ' Certainly':52366, '!':0, ' Here':5692, ''s':594, ' a':264, ' concise':63594, ' introduction':16800, ' for':369 ]
[1786181029] n_remain: 41
[1786181029] eval: [ ' for':369 ]
[1786181029] n_past = 4639
[1786181029] last: [ ' which':892, ' was':572, ' also':1083, ' the':279, ' year':1042, ' of':315, ' Japanese':10769, ' occupation':29647, '.':382, 'Please':5501, ' note':5185, ' that':429, ' this':419, ' character':3668, ' biography':47245, ' is':374, ' fictional':43582, ' and':323, ' may':1231, ' not':537, ' be':387, ' accurate':13382, ' or':476, ' historically':34801, ' representative':18239, '.':13, '<|endoftext|>':151643, 'Human':33975, ':':25, ' Write':9645, ' an':458, ' introduction':16800, ' about':911, ' "':330, 'The':785, ' Japanese':10769, ' occupation':29647, ' of':315, ' Bal':19420, 'ik':1579, 'p':79, 'apan':5359, '".':3263, ' The':576, ' year':1042, ' should':1265, ' be':387, ' ':220, '1':16, '9':24, '4':19, '3':18, '':198, 'Assistant':71703, ':':25, ' Certainly':52366, '!':0, ' Here':5692, ''s':594, ' a':264, ' concise':63594, ' introduction':16800, ' for':369, ' you':498 ]
[1786181029] n_remain: 40
[1786181029] eval: [ ' you':498 ]
[1786181029] n_past = 4640
[1786181029] last: [ ' was':572, ' also':1083, ' the':279, ' year':1042, ' of':315, ' Japanese':10769, ' occupation':29647, '.':382, 'Please':5501, ' note':5185, ' that':429, ' this':419, ' character':3668, ' biography':47245, ' is':374, ' fictional':43582, ' and':323, ' may':1231, ' not':537, ' be':387, ' accurate':13382, ' or':476, ' historically':34801, ' representative':18239, '.':13, '<|endoftext|>':151643, 'Human':33975, ':':25, ' Write':9645, ' an':458, ' introduction':16800, ' about':911, ' "':330, 'The':785, ' Japanese':10769, ' occupation':29647, ' of':315, ' Bal':19420, 'ik':1579, 'p':79, 'apan':5359, '".':3263, ' The':576, ' year':1042, ' should':1265, ' be':387, ' ':220, '1':16, '9':24, '4':19, '3':18, '':198, 'Assistant':71703, ':':25, ' Certainly':52366, '!':0, ' Here':5692, ''s':594, ' a':264, ' concise':63594, ' introduction':16800, ' for':369, ' you':498, ':':1447 ]
[1786181029] n_remain: 39
[1786181029] eval: [ ':':1447 ]
[1786181029] n_past = 4641
[1786181029] last: [ ' also':1083, ' the':279, ' year':1042, ' of':315, ' Japanese':10769, ' occupation':29647, '.':382, 'Please':5501, ' note':5185, ' that':429, ' this':419, ' character':3668, ' biography':47245, ' is':374, ' fictional':43582, ' and':323, ' may':1231, ' not':537, ' be':387, ' accurate':13382, ' or':476, ' historically':34801, ' representative':18239, '.':13, '<|endoftext|>':151643, 'Human':33975, ':':25, ' Write':9645, ' an':458, ' introduction':16800, ' about':911, ' "':330, 'The':785, ' Japanese':10769, ' occupation':29647, ' of':315, ' Bal':19420, 'ik':1579, 'p':79, 'apan':5359, '".':3263, ' The':576, ' year':1042, ' should':1265, ' be':387, ' ':220, '1':16, '9':24, '4':19, '3':18, '':198, 'Assistant':71703, ':':25, ' Certainly':52366, '!':0, ' Here':5692, ''s':594, ' a':264, ' concise':63594, ' introduction':16800, ' for':369, ' you':498, ':':1447, 'In':641 ]
[1786181029] n_remain: 38
[1786181029] eval: [ 'In':641 ]
[1786181029] n_past = 4642
[1786181029] last: [ ' the':279, ' year':1042, ' of':315, ' Japanese':10769, ' occupation':29647, '.':382, 'Please':5501, ' note':5185, ' that':429, ' this':419, ' character':3668, ' biography':47245, ' is':374, ' fictional':43582, ' and':323, ' may':1231, ' not':537, ' be':387, ' accurate':13382, ' or':476, ' historically':34801, ' representative':18239, '.':13, '<|endoftext|>':151643, 'Human':33975, ':':25, ' Write':9645, ' an':458, ' introduction':16800, ' about':911, ' "':330, 'The':785, ' Japanese':10769, ' occupation':29647, ' of':315, ' Bal':19420, 'ik':1579, 'p':79, 'apan':5359, '".':3263, ' The':576, ' year':1042, ' should':1265, ' be':387, ' ':220, '1':16, '9':24, '4':19, '3':18, '':198, 'Assistant':71703, ':':25, ' Certainly':52366, '!':0, ' Here':5692, ''s':594, ' a':264, ' concise':63594, ' introduction':16800, ' for':369, ' you':498, ':':1447, 'In':641, 'ou':283 ]
[1786181029] n_remain: 37
[1786181029] eval: [ 'ou':283 ]
[1786181030] n_past = 4643
[1786181030] last: [ ' year':1042, ' of':315, ' Japanese':10769, ' occupation':29647, '.':382, 'Please':5501, ' note':5185, ' that':429, ' this':419, ' character':3668, ' biography':47245, ' is':374, ' fictional':43582, ' and':323, ' may':1231, ' not':537, ' be':387, ' accurate':13382, ' or':476, ' historically':34801, ' representative':18239, '.':13, '<|endoftext|>':151643, 'Human':33975, ':':25, ' Write':9645, ' an':458, ' introduction':16800, ' about':911, ' "':330, 'The':785, ' Japanese':10769, ' occupation':29647, ' of':315, ' Bal':19420, 'ik':1579, 'p':79, 'apan':5359, '".':3263, ' The':576, ' year':1042, ' should':1265, ' be':387, ' ':220, '1':16, '9':24, '4':19, '3':18, '':198, 'Assistant':71703, ':':25, ' Certainly':52366, '!':0, ' Here':5692, ''s':594, ' a':264, ' concise':63594, ' introduction':16800, ' for':369, ' you':498, ':':1447, 'In':641, 'ou':283, 'e':68 ]
[1786181030] n_remain: 36
[1786181030] eval: [ 'e':68 ]
[1786181030] n_past = 4644
[1786181030] last: [ ' of':315, ' Japanese':10769, ' occupation':29647, '.':382, 'Please':5501, ' note':5185, ' that':429, ' this':419, ' character':3668, ' biography':47245, ' is':374, ' fictional':43582, ' and':323, ' may':1231, ' not':537, ' be':387, ' accurate':13382, ' or':476, ' historically':34801, ' representative':18239, '.':13, '<|endoftext|>':151643, 'Human':33975, ':':25, ' Write':9645, ' an':458, ' introduction':16800, ' about':911, ' "':330, 'The':785, ' Japanese':10769, ' occupation':29647, ' of':315, ' Bal':19420, 'ik':1579, 'p':79, 'apan':5359, '".':3263, ' The':576, ' year':1042, ' should':1265, ' be':387, ' ':220, '1':16, '9':24, '4':19, '3':18, '':198, 'Assistant':71703, ':':25, ' Certainly':52366, '!':0, ' Here':5692, ''s':594, ' a':264, ' concise':63594, ' introduction':16800, ' for':369, ' you':498, ':':1447, 'In':641, 'ou':283, 'e':68, ' Re':1032 ]
[1786181030] n_remain: 35
[1786181030] eval: [ ' Re':1032 ]
[1786181030] n_past = 4645
[1786181030] last: [ ' Japanese':10769, ' occupation':29647, '.':382, 'Please':5501, ' note':5185, ' that':429, ' this':419, ' character':3668, ' biography':47245, ' is':374, ' fictional':43582, ' and':323, ' may':1231, ' not':537, ' be':387, ' accurate':13382, ' or':476, ' historically':34801, ' representative':18239, '.':13, '<|endoftext|>':151643, 'Human':33975, ':':25, ' Write':9645, ' an':458, ' introduction':16800, ' about':911, ' "':330, 'The':785, ' Japanese':10769, ' occupation':29647, ' of':315, ' Bal':19420, 'ik':1579, 'p':79, 'apan':5359, '".':3263, ' The':576, ' year':1042, ' should':1265, ' be':387, ' ':220, '1':16, '9':24, '4':19, '3':18, '':198, 'Assistant':71703, ':':25, ' Certainly':52366, '!':0, ' Here':5692, ''s':594, ' a':264, ' concise':63594, ' introduction':16800, ' for':369, ' you':498, ':':1447, 'In':641, 'ou':283, 'e':68, ' Re':1032, 'iko':23630 ]
[1786181030] n_remain: 34
[1786181030] eval: [ 'iko':23630 ]
[1786181030] n_past = 4646
[1786181030] last: [ ' occupation':29647, '.':382, 'Please':5501, ' note':5185, ' that':429, ' this':419, ' character':3668, ' biography':47245, ' is':374, ' fictional':43582, ' and':323, ' may':1231, ' not':537, ' be':387, ' accurate':13382, ' or':476, ' historically':34801, ' representative':18239, '.':13, '<|endoftext|>':151643, 'Human':33975, ':':25, ' Write':9645, ' an':458, ' introduction':16800, ' about':911, ' "':330, 'The':785, ' Japanese':10769, ' occupation':29647, ' of':315, ' Bal':19420, 'ik':1579, 'p':79, 'apan':5359, '".':3263, ' The':576, ' year':1042, ' should':1265, ' be':387, ' ':220, '1':16, '9':24, '4':19, '3':18, '':198, 'Assistant':71703, ':':25, ' Certainly':52366, '!':0, ' Here':5692, ''s':594, ' a':264, ' concise':63594, ' introduction':16800, ' for':369, ' you':498, ':':1447, 'In':641, 'ou':283, 'e':68, ' Re':1032, 'iko':23630, ' (':320 ]
[1786181030] n_remain: 33
[1786181030] eval: [ ' (':320 ]
[1786181030] n_past = 4647
[1786181030] last: [ '.':382, 'Please':5501, ' note':5185, ' that':429, ' this':419, ' character':3668, ' biography':47245, ' is':374, ' fictional':43582, ' and':323, ' may':1231, ' not':537, ' be':387, ' accurate':13382, ' or':476, ' historically':34801, ' representative':18239, '.':13, '<|endoftext|>':151643, 'Human':33975, ':':25, ' Write':9645, ' an':458, ' introduction':16800, ' about':911, ' "':330, 'The':785, ' Japanese':10769, ' occupation':29647, ' of':315, ' Bal':19420, 'ik':1579, 'p':79, 'apan':5359, '".':3263, ' The':576, ' year':1042, ' should':1265, ' be':387, ' ':220, '1':16, '9':24, '4':19, '3':18, '':198, 'Assistant':71703, ':':25, ' Certainly':52366, '!':0, ' Here':5692, ''s':594, ' a':264, ' concise':63594, ' introduction':16800, ' for':369, ' you':498, ':':1447, 'In':641, 'ou':283, 'e':68, ' Re':1032, 'iko':23630, ' (':320, 'female':42634 ]
[1786181030] n_remain: 32
[1786181030] eval: [ 'female':42634 ]
[1786181031] n_past = 4648
[1786181031] last: [ 'Please':5501, ' note':5185, ' that':429, ' this':419, ' character':3668, ' biography':47245, ' is':374, ' fictional':43582, ' and':323, ' may':1231, ' not':537, ' be':387, ' accurate':13382, ' or':476, ' historically':34801, ' representative':18239, '.':13, '<|endoftext|>':151643, 'Human':33975, ':':25, ' Write':9645, ' an':458, ' introduction':16800, ' about':911, ' "':330, 'The':785, ' Japanese':10769, ' occupation':29647, ' of':315, ' Bal':19420, 'ik':1579, 'p':79, 'apan':5359, '".':3263, ' The':576, ' year':1042, ' should':1265, ' be':387, ' ':220, '1':16, '9':24, '4':19, '3':18, '':198, 'Assistant':71703, ':':25, ' Certainly':52366, '!':0, ' Here':5692, ''s':594, ' a':264, ' concise':63594, ' introduction':16800, ' for':369, ' you':498, ':':1447, 'In':641, 'ou':283, 'e':68, ' Re':1032, 'iko':23630, ' (':320, 'female':42634, '),':701 ]
[1786181031] n_remain: 31
[1786181031] eval: [ '),':701 ]
[1786181031] n_past = 4649
[1786181031] last: [ ' note':5185, ' that':429, ' this':419, ' character':3668, ' biography':47245, ' is':374, ' fictional':43582, ' and':323, ' may':1231, ' not':537, ' be':387, ' accurate':13382, ' or':476, ' historically':34801, ' representative':18239, '.':13, '<|endoftext|>':151643, 'Human':33975, ':':25, ' Write':9645, ' an':458, ' introduction':16800, ' about':911, ' "':330, 'The':785, ' Japanese':10769, ' occupation':29647, ' of':315, ' Bal':19420, 'ik':1579, 'p':79, 'apan':5359, '".':3263, ' The':576, ' year':1042, ' should':1265, ' be':387, ' ':220, '1':16, '9':24, '4':19, '3':18, '':198, 'Assistant':71703, ':':25, ' Certainly':52366, '!':0, ' Here':5692, ''s':594, ' a':264, ' concise':63594, ' introduction':16800, ' for':369, ' you':498, ':':1447, 'In':641, 'ou':283, 'e':68, ' Re':1032, 'iko':23630, ' (':320, 'female':42634, '),':701, ' born':9223 ]
[1786181031] n_remain: 30
[1786181031] eval: [ ' born':9223 ]
[1786181031] n_past = 4650
[1786181031] last: [ ' that':429, ' this':419, ' character':3668, ' biography':47245, ' is':374, ' fictional':43582, ' and':323, ' may':1231, ' not':537, ' be':387, ' accurate':13382, ' or':476, ' historically':34801, ' representative':18239, '.':13, '<|endoftext|>':151643, 'Human':33975, ':':25, ' Write':9645, ' an':458, ' introduction':16800, ' about':911, ' "':330, 'The':785, ' Japanese':10769, ' occupation':29647, ' of':315, ' Bal':19420, 'ik':1579, 'p':79, 'apan':5359, '".':3263, ' The':576, ' year':1042, ' should':1265, ' be':387, ' ':220, '1':16, '9':24, '4':19, '3':18, '':198, 'Assistant':71703, ':':25, ' Certainly':52366, '!':0, ' Here':5692, ''s':594, ' a':264, ' concise':63594, ' introduction':16800, ' for':369, ' you':498, ':':1447, 'In':641, 'ou':283, 'e':68, ' Re':1032, 'iko':23630, ' (':320, 'female':42634, '),':701, ' born':9223, ' in':304 ]
[1786181031] n_remain: 29
[1786181031] eval: [ ' in':304 ]
[1786181031] n_past = 4651
[1786181031] last: [ ' this':419, ' character':3668, ' biography':47245, ' is':374, ' fictional':43582, ' and':323, ' may':1231, ' not':537, ' be':387, ' accurate':13382, ' or':476, ' historically':34801, ' representative':18239, '.':13, '<|endoftext|>':151643, 'Human':33975, ':':25, ' Write':9645, ' an':458, ' introduction':16800, ' about':911, ' "':330, 'The':785, ' Japanese':10769, ' occupation':29647, ' of':315, ' Bal':19420, 'ik':1579, 'p':79, 'apan':5359, '".':3263, ' The':576, ' year':1042, ' should':1265, ' be':387, ' ':220, '1':16, '9':24, '4':19, '3':18, '':198, 'Assistant':71703, ':':25, ' Certainly':52366, '!':0, ' Here':5692, ''s':594, ' a':264, ' concise':63594, ' introduction':16800, ' for':369, ' you':498, ':':1447, 'In':641, 'ou':283, 'e':68, ' Re':1032, 'iko':23630, ' (':320, 'female':42634, '),':701, ' born':9223, ' in':304, ' Japan':6323 ]
[1786181031] n_remain: 28
[1786181031] eval: [ ' Japan':6323 ]
[1786181031] n_past = 4652
[1786181031] last: [ ' character':3668, ' biography':47245, ' is':374, ' fictional':43582, ' and':323, ' may':1231, ' not':537, ' be':387, ' accurate':13382, ' or':476, ' historically':34801, ' representative':18239, '.':13, '<|endoftext|>':151643, 'Human':33975, ':':25, ' Write':9645, ' an':458, ' introduction':16800, ' about':911, ' "':330, 'The':785, ' Japanese':10769, ' occupation':29647, ' of':315, ' Bal':19420, 'ik':1579, 'p':79, 'apan':5359, '".':3263, ' The':576, ' year':1042, ' should':1265, ' be':387, ' ':220, '1':16, '9':24, '4':19, '3':18, '':198, 'Assistant':71703, ':':25, ' Certainly':52366, '!':0, ' Here':5692, ''s':594, ' a':264, ' concise':63594, ' introduction':16800, ' for':369, ' you':498, ':':1447, 'In':641, 'ou':283, 'e':68, ' Re':1032, 'iko':23630, ' (':320, 'female':42634, '),':701, ' born':9223, ' in':304, ' Japan':6323, ' during':2337 ]
[1786181031] n_remain: 27
[1786181031] eval: [ ' during':2337 ]
[1786181032] n_past = 4653
[1786181032] last: [ ' biography':47245, ' is':374, ' fictional':43582, ' and':323, ' may':1231, ' not':537, ' be':387, ' accurate':13382, ' or':476, ' historically':34801, ' representative':18239, '.':13, '<|endoftext|>':151643, 'Human':33975, ':':25, ' Write':9645, ' an':458, ' introduction':16800, ' about':911, ' "':330, 'The':785, ' Japanese':10769, ' occupation':29647, ' of':315, ' Bal':19420, 'ik':1579, 'p':79, 'apan':5359, '".':3263, ' The':576, ' year':1042, ' should':1265, ' be':387, ' ':220, '1':16, '9':24, '4':19, '3':18, '':198, 'Assistant':71703, ':':25, ' Certainly':52366, '!':0, ' Here':5692, ''s':594, ' a':264, ' concise':63594, ' introduction':16800, ' for':369, ' you':498, ':':1447, 'In':641, 'ou':283, 'e':68, ' Re':1032, 'iko':23630, ' (':320, 'female':42634, '),':701, ' born':9223, ' in':304, ' Japan':6323, ' during':2337, ' World':4337 ]
[1786181032] n_remain: 26
[1786181032] eval: [ ' World':4337 ]
[1786181032] n_past = 4654
[1786181032] last: [ ' is':374, ' fictional':43582, ' and':323, ' may':1231, ' not':537, ' be':387, ' accurate':13382, ' or':476, ' historically':34801, ' representative':18239, '.':13, '<|endoftext|>':151643, 'Human':33975, ':':25, ' Write':9645, ' an':458, ' introduction':16800, ' about':911, ' "':330, 'The':785, ' Japanese':10769, ' occupation':29647, ' of':315, ' Bal':19420, 'ik':1579, 'p':79, 'apan':5359, '".':3263, ' The':576, ' year':1042, ' should':1265, ' be':387, ' ':220, '1':16, '9':24, '4':19, '3':18, '':198, 'Assistant':71703, ':':25, ' Certainly':52366, '!':0, ' Here':5692, ''s':594, ' a':264, ' concise':63594, ' introduction':16800, ' for':369, ' you':498, ':':1447, 'In':641, 'ou':283, 'e':68, ' Re':1032, 'iko':23630, ' (':320, 'female':42634, '),':701, ' born':9223, ' in':304, ' Japan':6323, ' during':2337, ' World':4337, ' War':5004 ]
[1786181032] n_remain: 25
[1786181032] eval: [ ' War':5004 ]
[1786181032] n_past = 4655
[1786181032] last: [ ' fictional':43582, ' and':323, ' may':1231, ' not':537, ' be':387, ' accurate':13382, ' or':476, ' historically':34801, ' representative':18239, '.':13, '<|endoftext|>':151643, 'Human':33975, ':':25, ' Write':9645, ' an':458, ' introduction':16800, ' about':911, ' "':330, 'The':785, ' Japanese':10769, ' occupation':29647, ' of':315, ' Bal':19420, 'ik':1579, 'p':79, 'apan':5359, '".':3263, ' The':576, ' year':1042, ' should':1265, ' be':387, ' ':220, '1':16, '9':24, '4':19, '3':18, '':198, 'Assistant':71703, ':':25, ' Certainly':52366, '!':0, ' Here':5692, ''s':594, ' a':264, ' concise':63594, ' introduction':16800, ' for':369, ' you':498, ':':1447, 'In':641, 'ou':283, 'e':68, ' Re':1032, 'iko':23630, ' (':320, 'female':42634, '),':701, ' born':9223, ' in':304, ' Japan':6323, ' during':2337, ' World':4337, ' War':5004, ' II':7946 ]
[1786181032] n_remain: 24
[1786181032] eval: [ ' II':7946 ]
[1786181032] n_past = 4656
[1786181032] last: [ ' and':323, ' may':1231, ' not':537, ' be':387, ' accurate':13382, ' or':476, ' historically':34801, ' representative':18239, '.':13, '<|endoftext|>':151643, 'Human':33975, ':':25, ' Write':9645, ' an':458, ' introduction':16800, ' about':911, ' "':330, 'The':785, ' Japanese':10769, ' occupation':29647, ' of':315, ' Bal':19420, 'ik':1579, 'p':79, 'apan':5359, '".':3263, ' The':576, ' year':1042, ' should':1265, ' be':387, ' ':220, '1':16, '9':24, '4':19, '3':18, '':198, 'Assistant':71703, ':':25, ' Certainly':52366, '!':0, ' Here':5692, ''s':594, ' a':264, ' concise':63594, ' introduction':16800, ' for':369, ' you':498, ':':1447, 'In':641, 'ou':283, 'e':68, ' Re':1032, 'iko':23630, ' (':320, 'female':42634, '),':701, ' born':9223, ' in':304, ' Japan':6323, ' during':2337, ' World':4337, ' War':5004, ' II':7946, ',':11 ]
[1786181032] n_remain: 23
[1786181032] eval: [ ',':11 ]
[1786181033] n_past = 4657
[1786181033] last: [ ' may':1231, ' not':537, ' be':387, ' accurate':13382, ' or':476, ' historically':34801, ' representative':18239, '.':13, '<|endoftext|>':151643, 'Human':33975, ':':25, ' Write':9645, ' an':458, ' introduction':16800, ' about':911, ' "':330, 'The':785, ' Japanese':10769, ' occupation':29647, ' of':315, ' Bal':19420, 'ik':1579, 'p':79, 'apan':5359, '".':3263, ' The':576, ' year':1042, ' should':1265, ' be':387, ' ':220, '1':16, '9':24, '4':19, '3':18, '':198, 'Assistant':71703, ':':25, ' Certainly':52366, '!':0, ' Here':5692, ''s':594, ' a':264, ' concise':63594, ' introduction':16800, ' for':369, ' you':498, ':':1447, 'In':641, 'ou':283, 'e':68, ' Re':1032, 'iko':23630, ' (':320, 'female':42634, '),':701, ' born':9223, ' in':304, ' Japan':6323, ' during':2337, ' World':4337, ' War':5004, ' II':7946, ',':11, ' found':1730 ]
[1786181033] n_remain: 22
[1786181033] eval: [ ' found':1730 ]
[1786181033] n_past = 4658
[1786181033] last: [ ' not':537, ' be':387, ' accurate':13382, ' or':476, ' historically':34801, ' representative':18239, '.':13, '<|endoftext|>':151643, 'Human':33975, ':':25, ' Write':9645, ' an':458, ' introduction':16800, ' about':911, ' "':330, 'The':785, ' Japanese':10769, ' occupation':29647, ' of':315, ' Bal':19420, 'ik':1579, 'p':79, 'apan':5359, '".':3263, ' The':576, ' year':1042, ' should':1265, ' be':387, ' ':220, '1':16, '9':24, '4':19, '3':18, '':198, 'Assistant':71703, ':':25, ' Certainly':52366, '!':0, ' Here':5692, ''s':594, ' a':264, ' concise':63594, ' introduction':16800, ' for':369, ' you':498, ':':1447, 'In':641, 'ou':283, 'e':68, ' Re':1032, 'iko':23630, ' (':320, 'female':42634, '),':701, ' born':9223, ' in':304, ' Japan':6323, ' during':2337, ' World':4337, ' War':5004, ' II':7946, ',':11, ' found':1730, ' herself':11675 ]
[1786181033] n_remain: 21
[1786181033] eval: [ ' herself':11675 ]
[1786181033] n_past = 4659
[1786181033] last: [ ' be':387, ' accurate':13382, ' or':476, ' historically':34801, ' representative':18239, '.':13, '<|endoftext|>':151643, 'Human':33975, ':':25, ' Write':9645, ' an':458, ' introduction':16800, ' about':911, ' "':330, 'The':785, ' Japanese':10769, ' occupation':29647, ' of':315, ' Bal':19420, 'ik':1579, 'p':79, 'apan':5359, '".':3263, ' The':576, ' year':1042, ' should':1265, ' be':387, ' ':220, '1':16, '9':24, '4':19, '3':18, '':198, 'Assistant':71703, ':':25, ' Certainly':52366, '!':0, ' Here':5692, ''s':594, ' a':264, ' concise':63594, ' introduction':16800, ' for':369, ' you':498, ':':1447, 'In':641, 'ou':283, 'e':68, ' Re':1032, 'iko':23630, ' (':320, 'female':42634, '),':701, ' born':9223, ' in':304, ' Japan':6323, ' during':2337, ' World':4337, ' War':5004, ' II':7946, ',':11, ' found':1730, ' herself':11675, ' living':5382 ]
[1786181033] n_remain: 20
[1786181033] eval: [ ' living':5382 ]
[1786181033] n_past = 4660
[1786181033] last: [ ' accurate':13382, ' or':476, ' historically':34801, ' representative':18239, '.':13, '<|endoftext|>':151643, 'Human':33975, ':':25, ' Write':9645, ' an':458, ' introduction':16800, ' about':911, ' "':330, 'The':785, ' Japanese':10769, ' occupation':29647, ' of':315, ' Bal':19420, 'ik':1579, 'p':79, 'apan':5359, '".':3263, ' The':576, ' year':1042, ' should':1265, ' be':387, ' ':220, '1':16, '9':24, '4':19, '3':18, '':198, 'Assistant':71703, ':':25, ' Certainly':52366, '!':0, ' Here':5692, ''s':594, ' a':264, ' concise':63594, ' introduction':16800, ' for':369, ' you':498, ':':1447, 'In':641, 'ou':283, 'e':68, ' Re':1032, 'iko':23630, ' (':320, 'female':42634, '),':701, ' born':9223, ' in':304, ' Japan':6323, ' during':2337, ' World':4337, ' War':5004, ' II':7946, ',':11, ' found':1730, ' herself':11675, ' living':5382, ' under':1212 ]
[1786181033] n_remain: 19
[1786181033] eval: [ ' under':1212 ]
[1786181033] n_past = 4661
[1786181033] last: [ ' or':476, ' historically':34801, ' representative':18239, '.':13, '<|endoftext|>':151643, 'Human':33975, ':':25, ' Write':9645, ' an':458, ' introduction':16800, ' about':911, ' "':330, 'The':785, ' Japanese':10769, ' occupation':29647, ' of':315, ' Bal':19420, 'ik':1579, 'p':79, 'apan':5359, '".':3263, ' The':576, ' year':1042, ' should':1265, ' be':387, ' ':220, '1':16, '9':24, '4':19, '3':18, '':198, 'Assistant':71703, ':':25, ' Certainly':52366, '!':0, ' Here':5692, ''s':594, ' a':264, ' concise':63594, ' introduction':16800, ' for':369, ' you':498, ':':1447, 'In':641, 'ou':283, 'e':68, ' Re':1032, 'iko':23630, ' (':320, 'female':42634, '),':701, ' born':9223, ' in':304, ' Japan':6323, ' during':2337, ' World':4337, ' War':5004, ' II':7946, ',':11, ' found':1730, ' herself':11675, ' living':5382, ' under':1212, ' the':279 ]
[1786181033] n_remain: 18
[1786181033] eval: [ ' the':279 ]
[1786181034] n_past = 4662
[1786181034] last: [ ' historically':34801, ' representative':18239, '.':13, '<|endoftext|>':151643, 'Human':33975, ':':25, ' Write':9645, ' an':458, ' introduction':16800, ' about':911, ' "':330, 'The':785, ' Japanese':10769, ' occupation':29647, ' of':315, ' Bal':19420, 'ik':1579, 'p':79, 'apan':5359, '".':3263, ' The':576, ' year':1042, ' should':1265, ' be':387, ' ':220, '1':16, '9':24, '4':19, '3':18, '':198, 'Assistant':71703, ':':25, ' Certainly':52366, '!':0, ' Here':5692, ''s':594, ' a':264, ' concise':63594, ' introduction':16800, ' for':369, ' you':498, ':':1447, 'In':641, 'ou':283, 'e':68, ' Re':1032, 'iko':23630, ' (':320, 'female':42634, '),':701, ' born':9223, ' in':304, ' Japan':6323, ' during':2337, ' World':4337, ' War':5004, ' II':7946, ',':11, ' found':1730, ' herself':11675, ' living':5382, ' under':1212, ' the':279, ' oppressive':77512 ]
[1786181034] n_remain: 17
[1786181034] eval: [ ' oppressive':77512 ]
[1786181034] n_past = 4663
[1786181034] last: [ ' representative':18239, '.':13, '<|endoftext|>':151643, 'Human':33975, ':':25, ' Write':9645, ' an':458, ' introduction':16800, ' about':911, ' "':330, 'The':785, ' Japanese':10769, ' occupation':29647, ' of':315, ' Bal':19420, 'ik':1579, 'p':79, 'apan':5359, '".':3263, ' The':576, ' year':1042, ' should':1265, ' be':387, ' ':220, '1':16, '9':24, '4':19, '3':18, '':198, 'Assistant':71703, ':':25, ' Certainly':52366, '!':0, ' Here':5692, ''s':594, ' a':264, ' concise':63594, ' introduction':16800, ' for':369, ' you':498, ':':1447, 'In':641, 'ou':283, 'e':68, ' Re':1032, 'iko':23630, ' (':320, 'female':42634, '),':701, ' born':9223, ' in':304, ' Japan':6323, ' during':2337, ' World':4337, ' War':5004, ' II':7946, ',':11, ' found':1730, ' herself':11675, ' living':5382, ' under':1212, ' the':279, ' oppressive':77512, ' rule':5912 ]
[1786181034] n_remain: 16
[1786181034] eval: [ ' rule':5912 ]
[1786181034] n_past = 4664
[1786181034] last: [ '.':13, '<|endoftext|>':151643, 'Human':33975, ':':25, ' Write':9645, ' an':458, ' introduction':16800, ' about':911, ' "':330, 'The':785, ' Japanese':10769, ' occupation':29647, ' of':315, ' Bal':19420, 'ik':1579, 'p':79, 'apan':5359, '".':3263, ' The':576, ' year':1042, ' should':1265, ' be':387, ' ':220, '1':16, '9':24, '4':19, '3':18, '':198, 'Assistant':71703, ':':25, ' Certainly':52366, '!':0, ' Here':5692, ''s':594, ' a':264, ' concise':63594, ' introduction':16800, ' for':369, ' you':498, ':':1447, 'In':641, 'ou':283, 'e':68, ' Re':1032, 'iko':23630, ' (':320, 'female':42634, '),':701, ' born':9223, ' in':304, ' Japan':6323, ' during':2337, ' World':4337, ' War':5004, ' II':7946, ',':11, ' found':1730, ' herself':11675, ' living':5382, ' under':1212, ' the':279, ' oppressive':77512, ' rule':5912, ' of':315 ]
[1786181034] n_remain: 15
[1786181034] eval: [ ' of':315 ]
[1786181034] n_past = 4665
[1786181034] last: [ '<|endoftext|>':151643, 'Human':33975, ':':25, ' Write':9645, ' an':458, ' introduction':16800, ' about':911, ' "':330, 'The':785, ' Japanese':10769, ' occupation':29647, ' of':315, ' Bal':19420, 'ik':1579, 'p':79, 'apan':5359, '".':3263, ' The':576, ' year':1042, ' should':1265, ' be':387, ' ':220, '1':16, '9':24, '4':19, '3':18, '':198, 'Assistant':71703, ':':25, ' Certainly':52366, '!':0, ' Here':5692, ''s':594, ' a':264, ' concise':63594, ' introduction':16800, ' for':369, ' you':498, ':':1447, 'In':641, 'ou':283, 'e':68, ' Re':1032, 'iko':23630, ' (':320, 'female':42634, '),':701, ' born':9223, ' in':304, ' Japan':6323, ' during':2337, ' World':4337, ' War':5004, ' II':7946, ',':11, ' found':1730, ' herself':11675, ' living':5382, ' under':1212, ' the':279, ' oppressive':77512, ' rule':5912, ' of':315, ' the':279 ]
[1786181034] n_remain: 14
[1786181034] eval: [ ' the':279 ]
[1786181034] n_past = 4666
[1786181034] last: [ 'Human':33975, ':':25, ' Write':9645, ' an':458, ' introduction':16800, ' about':911, ' "':330, 'The':785, ' Japanese':10769, ' occupation':29647, ' of':315, ' Bal':19420, 'ik':1579, 'p':79, 'apan':5359, '".':3263, ' The':576, ' year':1042, ' should':1265, ' be':387, ' ':220, '1':16, '9':24, '4':19, '3':18, '':198, 'Assistant':71703, ':':25, ' Certainly':52366, '!':0, ' Here':5692, ''s':594, ' a':264, ' concise':63594, ' introduction':16800, ' for':369, ' you':498, ':':1447, 'In':641, 'ou':283, 'e':68, ' Re':1032, 'iko':23630, ' (':320, 'female':42634, '),':701, ' born':9223, ' in':304, ' Japan':6323, ' during':2337, ' World':4337, ' War':5004, ' II':7946, ',':11, ' found':1730, ' herself':11675, ' living':5382, ' under':1212, ' the':279, ' oppressive':77512, ' rule':5912, ' of':315, ' the':279, ' Dutch':23234 ]
[1786181034] n_remain: 13
[1786181034] eval: [ ' Dutch':23234 ]
[1786181035] n_past = 4667
[1786181035] last: [ ':':25, ' Write':9645, ' an':458, ' introduction':16800, ' about':911, ' "':330, 'The':785, ' Japanese':10769, ' occupation':29647, ' of':315, ' Bal':19420, 'ik':1579, 'p':79, 'apan':5359, '".':3263, ' The':576, ' year':1042, ' should':1265, ' be':387, ' ':220, '1':16, '9':24, '4':19, '3':18, '':198, 'Assistant':71703, ':':25, ' Certainly':52366, '!':0, ' Here':5692, ''s':594, ' a':264, ' concise':63594, ' introduction':16800, ' for':369, ' you':498, ':':1447, 'In':641, 'ou':283, 'e':68, ' Re':1032, 'iko':23630, ' (':320, 'female':42634, '),':701, ' born':9223, ' in':304, ' Japan':6323, ' during':2337, ' World':4337, ' War':5004, ' II':7946, ',':11, ' found':1730, ' herself':11675, ' living':5382, ' under':1212, ' the':279, ' oppressive':77512, ' rule':5912, ' of':315, ' the':279, ' Dutch':23234, ' colonial':36583 ]
[1786181035] n_remain: 12
[1786181035] eval: [ ' colonial':36583 ]
[1786181035] n_past = 4668
[1786181035] last: [ ' Write':9645, ' an':458, ' introduction':16800, ' about':911, ' "':330, 'The':785, ' Japanese':10769, ' occupation':29647, ' of':315, ' Bal':19420, 'ik':1579, 'p':79, 'apan':5359, '".':3263, ' The':576, ' year':1042, ' should':1265, ' be':387, ' ':220, '1':16, '9':24, '4':19, '3':18, '':198, 'Assistant':71703, ':':25, ' Certainly':52366, '!':0, ' Here':5692, ''s':594, ' a':264, ' concise':63594, ' introduction':16800, ' for':369, ' you':498, ':':1447, 'In':641, 'ou':283, 'e':68, ' Re':1032, 'iko':23630, ' (':320, 'female':42634, '),':701, ' born':9223, ' in':304, ' Japan':6323, ' during':2337, ' World':4337, ' War':5004, ' II':7946, ',':11, ' found':1730, ' herself':11675, ' living':5382, ' under':1212, ' the':279, ' oppressive':77512, ' rule':5912, ' of':315, ' the':279, ' Dutch':23234, ' colonial':36583, ' administration':8567 ]
[1786181035] n_remain: 11
[1786181035] eval: [ ' administration':8567 ]
[1786181035] n_past = 4669
[1786181035] last: [ ' an':458, ' introduction':16800, ' about':911, ' "':330, 'The':785, ' Japanese':10769, ' occupation':29647, ' of':315, ' Bal':19420, 'ik':1579, 'p':79, 'apan':5359, '".':3263, ' The':576, ' year':1042, ' should':1265, ' be':387, ' ':220, '1':16, '9':24, '4':19, '3':18, '':198, 'Assistant':71703, ':':25, ' Certainly':52366, '!':0, ' Here':5692, ''s':594, ' a':264, ' concise':63594, ' introduction':16800, ' for':369, ' you':498, ':':1447, 'In':641, 'ou':283, 'e':68, ' Re':1032, 'iko':23630, ' (':320, 'female':42634, '),':701, ' born':9223, ' in':304, ' Japan':6323, ' during':2337, ' World':4337, ' War':5004, ' II':7946, ',':11, ' found':1730, ' herself':11675, ' living':5382, ' under':1212, ' the':279, ' oppressive':77512, ' rule':5912, ' of':315, ' the':279, ' Dutch':23234, ' colonial':36583, ' administration':8567, ' when':979 ]
[1786181035] n_remain: 10
[1786181035] eval: [ ' when':979 ]
[1786181035] n_past = 4670
[1786181035] last: [ ' introduction':16800, ' about':911, ' "':330, 'The':785, ' Japanese':10769, ' occupation':29647, ' of':315, ' Bal':19420, 'ik':1579, 'p':79, 'apan':5359, '".':3263, ' The':576, ' year':1042, ' should':1265, ' be':387, ' ':220, '1':16, '9':24, '4':19, '3':18, '':198, 'Assistant':71703, ':':25, ' Certainly':52366, '!':0, ' Here':5692, ''s':594, ' a':264, ' concise':63594, ' introduction':16800, ' for':369, ' you':498, ':':1447, 'In':641, 'ou':283, 'e':68, ' Re':1032, 'iko':23630, ' (':320, 'female':42634, '),':701, ' born':9223, ' in':304, ' Japan':6323, ' during':2337, ' World':4337, ' War':5004, ' II':7946, ',':11, ' found':1730, ' herself':11675, ' living':5382, ' under':1212, ' the':279, ' oppressive':77512, ' rule':5912, ' of':315, ' the':279, ' Dutch':23234, ' colonial':36583, ' administration':8567, ' when':979, ' she':1340 ]
[1786181035] n_remain: 9
[1786181035] eval: [ ' she':1340 ]
[1786181035] n_past = 4671
[1786181035] last: [ ' about':911, ' "':330, 'The':785, ' Japanese':10769, ' occupation':29647, ' of':315, ' Bal':19420, 'ik':1579, 'p':79, 'apan':5359, '".':3263, ' The':576, ' year':1042, ' should':1265, ' be':387, ' ':220, '1':16, '9':24, '4':19, '3':18, '':198, 'Assistant':71703, ':':25, ' Certainly':52366, '!':0, ' Here':5692, ''s':594, ' a':264, ' concise':63594, ' introduction':16800, ' for':369, ' you':498, ':':1447, 'In':641, 'ou':283, 'e':68, ' Re':1032, 'iko':23630, ' (':320, 'female':42634, '),':701, ' born':9223, ' in':304, ' Japan':6323, ' during':2337, ' World':4337, ' War':5004, ' II':7946, ',':11, ' found':1730, ' herself':11675, ' living':5382, ' under':1212, ' the':279, ' oppressive':77512, ' rule':5912, ' of':315, ' the':279, ' Dutch':23234, ' colonial':36583, ' administration':8567, ' when':979, ' she':1340, ' moved':7726 ]
[1786181035] n_remain: 8
[1786181035] eval: [ ' moved':7726 ]
[1786181036] n_past = 4672
[1786181036] last: [ ' "':330, 'The':785, ' Japanese':10769, ' occupation':29647, ' of':315, ' Bal':19420, 'ik':1579, 'p':79, 'apan':5359, '".':3263, ' The':576, ' year':1042, ' should':1265, ' be':387, ' ':220, '1':16, '9':24, '4':19, '3':18, '':198, 'Assistant':71703, ':':25, ' Certainly':52366, '!':0, ' Here':5692, ''s':594, ' a':264, ' concise':63594, ' introduction':16800, ' for':369, ' you':498, ':':1447, 'In':641, 'ou':283, 'e':68, ' Re':1032, 'iko':23630, ' (':320, 'female':42634, '),':701, ' born':9223, ' in':304, ' Japan':6323, ' during':2337, ' World':4337, ' War':5004, ' II':7946, ',':11, ' found':1730, ' herself':11675, ' living':5382, ' under':1212, ' the':279, ' oppressive':77512, ' rule':5912, ' of':315, ' the':279, ' Dutch':23234, ' colonial':36583, ' administration':8567, ' when':979, ' she':1340, ' moved':7726, ' to':311 ]
[1786181036] n_remain: 7
[1786181036] eval: [ ' to':311 ]
[1786181036] n_past = 4673
[1786181036] last: [ 'The':785, ' Japanese':10769, ' occupation':29647, ' of':315, ' Bal':19420, 'ik':1579, 'p':79, 'apan':5359, '".':3263, ' The':576, ' year':1042, ' should':1265, ' be':387, ' ':220, '1':16, '9':24, '4':19, '3':18, '':198, 'Assistant':71703, ':':25, ' Certainly':52366, '!':0, ' Here':5692, ''s':594, ' a':264, ' concise':63594, ' introduction':16800, ' for':369, ' you':498, ':':1447, 'In':641, 'ou':283, 'e':68, ' Re':1032, 'iko':23630, ' (':320, 'female':42634, '),':701, ' born':9223, ' in':304, ' Japan':6323, ' during':2337, ' World':4337, ' War':5004, ' II':7946, ',':11, ' found':1730, ' herself':11675, ' living':5382, ' under':1212, ' the':279, ' oppressive':77512, ' rule':5912, ' of':315, ' the':279, ' Dutch':23234, ' colonial':36583, ' administration':8567, ' when':979, ' she':1340, ' moved':7726, ' to':311, ' Bal':19420 ]
[1786181036] n_remain: 6
[1786181036] eval: [ ' Bal':19420 ]
[1786181036] n_past = 4674
[1786181036] last: [ ' Japanese':10769, ' occupation':29647, ' of':315, ' Bal':19420, 'ik':1579, 'p':79, 'apan':5359, '".':3263, ' The':576, ' year':1042, ' should':1265, ' be':387, ' ':220, '1':16, '9':24, '4':19, '3':18, '':198, 'Assistant':71703, ':':25, ' Certainly':52366, '!':0, ' Here':5692, ''s':594, ' a':264, ' concise':63594, ' introduction':16800, ' for':369, ' you':498, ':':1447, 'In':641, 'ou':283, 'e':68, ' Re':1032, 'iko':23630, ' (':320, 'female':42634, '),':701, ' born':9223, ' in':304, ' Japan':6323, ' during':2337, ' World':4337, ' War':5004, ' II':7946, ',':11, ' found':1730, ' herself':11675, ' living':5382, ' under':1212, ' the':279, ' oppressive':77512, ' rule':5912, ' of':315, ' the':279, ' Dutch':23234, ' colonial':36583, ' administration':8567, ' when':979, ' she':1340, ' moved':7726, ' to':311, ' Bal':19420, 'ik':1579 ]
[1786181036] n_remain: 5
[1786181036] eval: [ 'ik':1579 ]
[1786181036] n_past = 4675
[1786181036] last: [ ' occupation':29647, ' of':315, ' Bal':19420, 'ik':1579, 'p':79, 'apan':5359, '".':3263, ' The':576, ' year':1042, ' should':1265, ' be':387, ' ':220, '1':16, '9':24, '4':19, '3':18, '':198, 'Assistant':71703, ':':25, ' Certainly':52366, '!':0, ' Here':5692, ''s':594, ' a':264, ' concise':63594, ' introduction':16800, ' for':369, ' you':498, ':':1447, 'In':641, 'ou':283, 'e':68, ' Re':1032, 'iko':23630, ' (':320, 'female':42634, '),':701, ' born':9223, ' in':304, ' Japan':6323, ' during':2337, ' World':4337, ' War':5004, ' II':7946, ',':11, ' found':1730, ' herself':11675, ' living':5382, ' under':1212, ' the':279, ' oppressive':77512, ' rule':5912, ' of':315, ' the':279, ' Dutch':23234, ' colonial':36583, ' administration':8567, ' when':979, ' she':1340, ' moved':7726, ' to':311, ' Bal':19420, 'ik':1579, 'p':79 ]
[1786181036] n_remain: 4
[1786181036] eval: [ 'p':79 ]
[1786181036] n_past = 4676
[1786181036] last: [ ' of':315, ' Bal':19420, 'ik':1579, 'p':79, 'apan':5359, '".':3263, ' The':576, ' year':1042, ' should':1265, ' be':387, ' ':220, '1':16, '9':24, '4':19, '3':18, '':198, 'Assistant':71703, ':':25, ' Certainly':52366, '!':0, ' Here':5692, ''s':594, ' a':264, ' concise':63594, ' introduction':16800, ' for':369, ' you':498, ':':1447, 'In':641, 'ou':283, 'e':68, ' Re':1032, 'iko':23630, ' (':320, 'female':42634, '),':701, ' born':9223, ' in':304, ' Japan':6323, ' during':2337, ' World':4337, ' War':5004, ' II':7946, ',':11, ' found':1730, ' herself':11675, ' living':5382, ' under':1212, ' the':279, ' oppressive':77512, ' rule':5912, ' of':315, ' the':279, ' Dutch':23234, ' colonial':36583, ' administration':8567, ' when':979, ' she':1340, ' moved':7726, ' to':311, ' Bal':19420, 'ik':1579, 'p':79, 'apan':5359 ]
[1786181036] n_remain: 3
[1786181036] eval: [ 'apan':5359 ]
[1786181037] n_past = 4677
[1786181037] last: [ ' Bal':19420, 'ik':1579, 'p':79, 'apan':5359, '".':3263, ' The':576, ' year':1042, ' should':1265, ' be':387, ' ':220, '1':16, '9':24, '4':19, '3':18, '':198, 'Assistant':71703, ':':25, ' Certainly':52366, '!':0, ' Here':5692, ''s':594, ' a':264, ' concise':63594, ' introduction':16800, ' for':369, ' you':498, ':':1447, 'In':641, 'ou':283, 'e':68, ' Re':1032, 'iko':23630, ' (':320, 'female':42634, '),':701, ' born':9223, ' in':304, ' Japan':6323, ' during':2337, ' World':4337, ' War':5004, ' II':7946, ',':11, ' found':1730, ' herself':11675, ' living':5382, ' under':1212, ' the':279, ' oppressive':77512, ' rule':5912, ' of':315, ' the':279, ' Dutch':23234, ' colonial':36583, ' administration':8567, ' when':979, ' she':1340, ' moved':7726, ' to':311, ' Bal':19420, 'ik':1579, 'p':79, 'apan':5359, '.':13 ]
[1786181037] n_remain: 2
[1786181037] eval: [ '.':13 ]
[1786181037] n_past = 4678
[1786181037] last: [ 'ik':1579, 'p':79, 'apan':5359, '".':3263, ' The':576, ' year':1042, ' should':1265, ' be':387, ' ':220, '1':16, '9':24, '4':19, '3':18, '':198, 'Assistant':71703, ':':25, ' Certainly':52366, '!':0, ' Here':5692, ''s':594, ' a':264, ' concise':63594, ' introduction':16800, ' for':369, ' you':498, ':':1447, 'In':641, 'ou':283, 'e':68, ' Re':1032, 'iko':23630, ' (':320, 'female':42634, '),':701, ' born':9223, ' in':304, ' Japan':6323, ' during':2337, ' World':4337, ' War':5004, ' II':7946, ',':11, ' found':1730, ' herself':11675, ' living':5382, ' under':1212, ' the':279, ' oppressive':77512, ' rule':5912, ' of':315, ' the':279, ' Dutch':23234, ' colonial':36583, ' administration':8567, ' when':979, ' she':1340, ' moved':7726, ' to':311, ' Bal':19420, 'ik':1579, 'p':79, 'apan':5359, '.':13, ' As':1634 ]
[1786181037] n_remain: 1
[1786181037] eval: [ ' As':1634 ]
[1786181037] n_past = 4679
[1786181037] last: [ 'p':79, 'apan':5359, '".':3263, ' The':576, ' year':1042, ' should':1265, ' be':387, ' ':220, '1':16, '9':24, '4':19, '3':18, '':198, 'Assistant':71703, ':':25, ' Certainly':52366, '!':0, ' Here':5692, ''s':594, ' a':264, ' concise':63594, ' introduction':16800, ' for':369, ' you':498, ':':1447, 'In':641, 'ou':283, 'e':68, ' Re':1032, 'iko':23630, ' (':320, 'female':42634, '),':701, ' born':9223, ' in':304, ' Japan':6323, ' during':2337, ' World':4337, ' War':5004, ' II':7946, ',':11, ' found':1730, ' herself':11675, ' living':5382, ' under':1212, ' the':279, ' oppressive':77512, ' rule':5912, ' of':315, ' the':279, ' Dutch':23234, ' colonial':36583, ' administration':8567, ' when':979, ' she':1340, ' moved':7726, ' to':311, ' Bal':19420, 'ik':1579, 'p':79, 'apan':5359, '.':13, ' As':1634, ' part':949 ]
[1786181037] n_remain: 0
[1786181038] Log end
[1786181038] Log start
[1786181038] llama_generate_text: build = 3029 (b864b50c)
[1786181038] llama_generate_text: built with Clang 18.1.6 for 
[1786181038] llama_generate_text: seed  = 1786181038
[1786181038] llama_generate_text: llama backend init
[1786181038] llama_generate_text: load the model and apply lora adapter, if any
[1786181040] warming up the model with an empty run
[1786181040] n_ctx: 7008
[1786181040] 
[1786181040] system_info: n_threads = 4 / 12 | AVX = 1 | AVX_VNNI = 0 | AVX2 = 1 | AVX512 = 0 | AVX512_VBMI = 0 | AVX512_VNNI = 0 | AVX512_BF16 = 0 | FMA = 1 | NEON = 0 | SVE = 0 | ARM_FMA = 0 | F16C = 1 | FP16_VA = 0 | WASM_SIMD = 0 | BLAS = 1 | SSE3 = 1 | SSSE3 = 1 | VSX = 0 | MATMUL_INT8 = 0 | LLAMAFILE = 1 | 
[1786181040] add_bos: 0
[1786181040] tokenize the prompt
[1786181040] prompt: "Role: archive_ai
Goal: Generate consistent archive content.
Rule FCT: Never invent established facts.
Rule UNK: Use UNKNOWN when evidence is insufficient.
Rule CON: Never contradict established facts.
Rule FMT: Follow output schema.
Rule CHR: Generate a concise character-facing profile statement.
Rule NME: Name the subject using the provided character identity.
Rule SOC: Keep the description grounded in 1940s Indonesian society.
Rule WLD: Use the selected world context and historical period.
Rule LOC: Keep institutions, places, and era references consistent with the selected context.
Rule EVE: Avoid anachronistic administrative or technical details.
Rule LANG: Produce output in the configured language.
Rule IDN: If no language is specified, default to Bahasa Indonesia.
Output language: English

Context:
{
	"ethnicities": [
		{
			"id": "indonesia",
			"name": "Indonesian",
			"name_style": "Indonesia"
		},
		{
			"id": "dutch",
			"name": "Dutch",
			"name_style": "Dutch"
		},
		{
			"id": "japanese",
			"name": "Japanese",
			"name_style": "Japanese"
		},
		{
			"id": "indo_european",
			"name": "Indo-European (Dutch-Indonesian)",
			"name_style": "Mixed Dutch-Indonesian"
		},
		{
			"id": "chinese_indonesian",
			"name": "Chinese Indonesian",
			"name_style": "Chinese-Indonesian"
		}
	],
	"generation_constraints": {
		"fiction_policy": {
			"allow_alternate_history": false,
			"allow_fictional_characters": true,
			"allow_fictional_locations": true,
			"allow_real_historical_figures": false,
			"real_events_reference": true
		},
		"forbidden_elements": {
			"anachronistic_items": [
				"plastic products",
				"synthetic materials",
				"modern clothing brands",
				"modern weapons",
				"modern appliances",
				"modern architecture"
			],
			"fantasy_and_fiction": [
				"magic",
				"supernatural powers",
				"monsters",
				"aliens",
				"time travel",
				"parallel universe",
				"fictional technology"
			],
			"modern_concepts": [
				"modern corporation",
				"modern legal system",
				"modern government structure",
				"modern banking",
				"cryptocurrency",
				"online communication",
				"modern education system",
				"modern medical facilities"
			],
			"social_context": [
				"anachronistic social values",
				"modern slang",
				"modern internet culture",
				"modern political terminology"
			],
			"technology": [
				"smartphone",
				"mobile phone",
				"computer",
				"internet",
				"social media",
				"digital database",
				"modern camera",
				"television",
				"radio communication beyond historical capability",
				"modern vehicles",
				"GPS",
				"artificial intelligence"
			]
		}
	},
	"institutions": [
		{
			"authority": "Local governance",
			"id": "village_administration",
			"name": "Village Administration",
			"timeline": [
				{
					"controller": "local_authority",
					"document_types": [
						"birth_record",
						"ownership_record",
						"witness_statement",
						"residency_certificate"
					],
					"end_year": 1949.0,
					"languages": [
						"indonesian",
						"kutai_malay"
					],
					"start_year": 1940.0
				}
			]
		},
		{
			"authority": "Regional government management",
			"id": "district_administration",
			"name": "District Administration",
			"timeline": [
				{
					"controller": "dutch_colonial",
					"document_types": [
						"official_notice",
						"administrative_report",
						"tax_record",
						"residency_certificate"
					],
					"end_year": 1942.0,
					"languages": [
						"dutch"
					],
					"start_year": 1940.0
				},
				{
					"controller": "japanese_occupation",
					"document_types": [
						"official_notice",
						"administrative_report"
					],
					"end_year": 1945.0,
					"languages": [
						"japanese",
						"indonesian"
					],
					"start_year": 1942.0
				},
				{
					"controller": "indonesian_republic",
					"document_types": [
						"official_notice",
						"administrative_report",
						"residency_certificate"
					],
					"end_year": 1949.0,
					"languages": [
						"indonesian"
					],
					"start_year": 1945.0
				}
			]
		},
		{
			"authority": "Historical record management and document verification",
			"id": "records_department",
			"name": "District Records Department",
			"timeline": [
				{
					"controller": "dutch_colonial",
					"document_types": [
						"archive_report",
						"record_summary",
						"document_verification"
					],
					"end_year": 1942.0,
					"languages": [
						"dutch"
					],
					"start_year": 1940.0
				},
				{
					"controller": "japanese_occupation",
					"document_types": [
						"archive_report",
						"record_summary"
					],
					"end_year": 1945.0,
					"languages": [
						"japanese",
						"indonesian"
					],
					"start_year": 1942.0
				},
				{
					"controller": "indonesian_republic",
					"document_types": [
						"archive_report",
						"record_summary",
						"document_verification"
					],
					"end_year": 1949.0,
					"languages": [
						"indonesian"
					],
					"start_year": 1945.0
				}
			]
		},
		{
			"authority": "Colonial government records",
			"id": "dutch_colonial_administration",
			"name": "Dutch Colonial Administration",
			"timeline": [
				{
					"controller": "dutch_colonial",
					"document_types": [
						"land_record",
						"tax_record",
						"official_notice",
						"administrative_report"
					],
					"end_year": 1942.0,
					"languages": [
						"dutch"
					],
					"start_year": 1940.0
				}
			]
		},
		{
			"authority": "Military government records",
			"id": "japanese_occupation_administration",
			"name": "Japanese Occupation Administration",
			"timeline": [
				{
					"controller": "japanese_occupation",
					"document_types": [
						"official_notice",
						"administrative_report",
						"inventory_record"
					],
					"end_year": 1945.0,
					"languages": [
						"japanese",
						"indonesian"
					],
					"start_year": 1942.0
				}
			]
		},
		{
			"authority": "Early independence government records",
			"id": "indonesian_republic_administration",
			"name": "Indonesian Republic Administration",
			"timeline": [
				{
					"controller": "indonesian_republic",
					"document_types": [
						"official_notice",
						"residency_certificate",
						"citizenship_certificate",
						"administrative_report"
					],
					"end_year": 1949.0,
					"languages": [
						"indonesian"
					],
					"start_year": 1945.0
				}
			]
		},
		{
			"authority": "Agricultural business management",
			"id": "plantation_company",
			"name": "Plantation Company",
			"timeline": [
				{
					"controller": "private_company",
					"document_types": [
						"employment_contract",
						"inventory_record",
						"employment_record",
						"ownership_record"
					],
					"end_year": 1949.0,
					"languages": [
						"dutch",
						"indonesian"
					],
					"start_year": 1940.0
				}
			]
		},
		{
			"authority": "Industrial resource management",
			"id": "oil_company",
			"name": "Oil Company",
			"timeline": [
				{
					"controller": "dutch_company",
					"document_types": [
						"contract",
						"inventory_record",
						"employment_record",
						"report"
					],
					"end_year": 1942.0,
					"languages": [
						"dutch"
					],
					"start_year": 1940.0
				},
				{
					"controller": "japanese_controlled_company",
					"document_types": [
						"inventory_record",
						"administrative_report"
					],
					"end_year": 1945.0,
					"languages": [
						"japanese",
						"indonesian"
					],
					"start_year": 1942.0
				},
				{
					"controller": "indonesian_company",
					"document_types": [
						"contract",
						"employment_record",
						"inventory_record"
					],
					"end_year": 1949.0,
					"languages": [
						"indonesian"
					],
					"start_year": 1945.0
				}
			]
		},
		{
			"authority": "Trade and commerce records",
			"id": "merchant_association",
			"name": "Merchant Association",
			"timeline": [
				{
					"controller": "civilian",
					"document_types": [
						"contract",
						"inventory_record",
						"personal_letter"
					],
					"end_year": 1949.0,
					"languages": [
						"indonesian",
						"kutai_malay"
					],
					"start_year": 1940.0
				}
			]
		},
		{
			"authority": "Community and family records",
			"id": "religious_institution",
			"name": "Religious Institution",
			"timeline": [
				{
					"controller": "community",
					"document_types": [
						"birth_record",
						"marriage_record",
						"marriage_certificate",
						"divorce_certificate"
					],
					"end_year": 1949.0,
					"languages": [
						"indonesian",
						"kutai_malay"
					],
					"start_year": 1940.0
				}
			]
		},
		{
			"authority": "Local customary decisions",
			"id": "traditional_council",
			"name": "Traditional Community Council",
			"timeline": [
				{
					"controller": "local_authority",
					"document_types": [
						"witness_statement",
						"customary_ownership_record",
						"customary_confirmation_letter"
					],
					"end_year": 1949.0,
					"languages": [
						"kutai_malay"
					],
					"start_year": 1940.0
				}
			]
		},
		{
			"authority": "Education records",
			"id": "school_administration",
			"name": "School Administration",
			"timeline": [
				{
					"controller": "dutch_colonial",
					"document_types": [
						"student_record",
						"academic_certificate",
						"attendance_record"
					],
					"end_year": 1942.0,
					"languages": [
						"dutch",
						"indonesian"
					],
					"start_year": 1940.0
				},
				{
					"controller": "japanese_occupation",
					"document_types": [
						"student_record",
						"academic_certificate",
						"attendance_record"
					],
					"end_year": 1945.0,
					"languages": [
						"japanese",
						"indonesian"
					],
					"start_year": 1942.0
				},
				{
					"controller": "indonesian_republic",
					"document_types": [
						"student_record",
						"academic_certificate",
						"attendance_record"
					],
					"end_year": 1949.0,
					"languages": [
						"indonesian"
					],
					"start_year": 1945.0
				}
			]
		},
		{
			"authority": "Health records",
			"id": "medical_institution",
			"name": "Medical Institution",
			"timeline": [
				{
					"controller": "civilian",
					"document_types": [
						"medical_record",
						"medical_certificate",
						"report"
					],
					"end_year": 1949.0,
					"languages": [
						"dutch",
						"indonesian"
					],
					"start_year": 1940.0
				}
			]
		},
		{
			"authority": "Investigation and security records",
			"id": "security_office",
			"name": "Security Office",
			"timeline": [
				{
					"controller": "dutch_colonial",
					"document_types": [
						"investigation_report",
						"official_notice",
						"witness_statement"
					],
					"end_year": 1942.0,
					"languages": [
						"dutch",
						"indonesian"
					],
					"start_year": 1940.0
				},
				{
					"controller": "japanese_occupation",
					"document_types": [
						"investigation_report",
						"official_notice"
					],
					"end_year": 1945.0,
					"languages": [
						"japanese",
						"indonesian"
					],
					"start_year": 1942.0
				}
			]
		},
		{
			"authority": "Private historical records",
			"id": "family_archive",
			"name": "Family Archive",
			"timeline": [
				{
					"controller": "private",
					"document_types": [
						"personal_letter",
						"diary_entry",
						"certificate"
					],
					"end_year": 1949.0,
					"languages": [
						"indonesian",
						"kutai_malay",
						"dutch"
					],
					"start_year": 1940.0
				}
			]
		}
	],
	"languages": [
		{
			"generation": {
				"allowed": true,
				"full_document_generation": true
			},
			"id": "indonesian",
			"name": "Indonesian",
			"usage": [
				"local communication",
				"community records",
				"personal letters"
			]
		},
		{
			"generation": {
				"allowed": true,
				"full_document_generation": true
			},
			"id": "dutch",
			"name": "Dutch",
			"usage": [
				"colonial administration",
				"official records",
				"legal documents"
			]
		},
		{
			"generation": {
				"allowed": true,
				"full_document_generation": true
			},
			"id": "japanese",
			"name": "Japanese",
			"usage": [
				"occupation administration",
				"military records"
			]
		},
		{
			"generation": {
				"allowed": true,
				"full_document_generation": false
			},
			"id": "kutai_malay",
			"name": "Kutai Malay",
			"usage": [
				"personal letters"
			]
		}
	],
	"overview": {
		"description": "A fictional historical setting inspired by Indonesia (Balikpapan) during the 1940s, where society undergoes political transition and administrative changes.",
		"historical_context": [
			"Late Dutch colonial period",
			"Japanese occupation period (1942-1945)",
			"Indonesian independence period after 1945",
			"Political and administrative transition",
			"Located in Balikpapan City"
		],
		"id": "indonesia_1940s",
		"name": "Indonesia 1940s Archive",
		"time_period": {
			"description": "A period involving late colonial administration, Japanese occupation, and early independence era.",
			"end_year": 1949.0,
			"start_year": 1940.0
		}
	},
	"required_elements": {
		"document_properties": [
			"author",
			"date",
			"location",
			"institution",
			"language"
		],
		"setting": [
			"1940s Indonesian society",
			"historical administration",
			"physical documents",
			"paper-based records"
		],
		"technology_level": [
			"handwritten documents",
			"typewriters",
			"postal communication",
			"printed records"
		]
	}
}

User request:
Generate a one-sentence character biography for Catharina Santoso (female, indo_european)."
[1786181040] tokens: [ 'Role':9030, ':':25, ' archive':18132, '_ai':69415, '':198, 'Goal':39992, ':':25, ' Generate':19813, ' consistent':12966, ' archive':18132, ' content':2213, '.':624, 'Rule':11337, ' F':434, 'CT':1162, ':':25, ' Never':14695, ' invent':17023, ' established':9555, ' facts':13064, '.':624, 'Rule':11337, ' UN':6643, 'K':42, ':':25, ' Use':5443, ' UNKNOWN':61395, ' when':979, ' evidence':5904, ' is':374, ' insufficient':38313, '.':624, 'Rule':11337, ' CON':3418, ':':25, ' Never':14695, ' contradict':42461, ' established':9555, ' facts':13064, '.':624, 'Rule':11337, ' F':434, 'MT':8505, ':':25, ' Follow':11112, ' output':2550, ' schema':10802, '.':624, 'Rule':11337, ' CHR':61576, ':':25, ' Generate':19813, ' a':264, ' concise':63594, ' character':3668, '-facing':63306, ' profile':5526, ' statement':5114, '.':624, 'Rule':11337, ' N':451, 'ME':7462, ':':25, ' Name':3988, ' the':279, ' subject':3832, ' using':1667, ' the':279, ' provided':3897, ' character':3668, ' identity':9569, '.':624, 'Rule':11337, ' SOC':37650, ':':25, ' Keep':13655, ' the':279, ' description':4008, ' grounded':44345, ' in':304, ' ':220, '1':16, '9':24, '4':19, '0':15, 's':82, ' Indonesian':58829, ' society':8232, '.':624, 'Rule':11337, ' W':467, 'LD':12335, ':':25, ' Use':5443, ' the':279, ' selected':4091, ' world':1879, ' context':2266, ' and':323, ' historical':13656, ' period':4168, '.':624, 'Rule':11337, ' LOC':27096, ':':25, ' Keep':13655, ' institutions':14336, ',':11, ' places':7482, ',':11, ' and':323, ' era':11385, ' references':15057, ' consistent':12966, ' with':448, ' the':279, ' selected':4091, ' context':2266, '.':624, 'Rule':11337, ' EVE':86635, ':':25, ' Avoid':34006, ' an':458, 'ach':610, 'ron':2248, 'istic':4532, ' administrative':22707, ' or':476, ' technical':10916, ' details':3565, '.':624, 'Rule':11337, ' LANG':65997, ':':25, ' Produce':86888, ' output':2550, ' in':304, ' the':279, ' configured':19755, ' language':4128, '.':624, 'Rule':11337, ' ID':3034, 'N':45, ':':25, ' If':1416, ' no':902, ' language':4128, ' is':374, ' specified':5189, ',':11, ' default':1638, ' to':311, ' Bah':31329, 'asa':15428, ' Indonesia':23968, '.':624, 'Output':5097, ' language':4128, ':':25, ' English':6364, '':271, 'Context':1972, ':':510, '{':515, '':197, '"':1, 'ethnic':80418, 'ities':1361, '":':788, ' [':2278, '':197, '':197, '{':515, '':298, '':197, '"id':28700, '":':788, ' "':330, 'ind':484, 'onesia':56672, '",':756, '':298, '':197, '"name':31486, '":':788, ' "':330, 'Ind':1425, 'ones':3154, 'ian':1103, '",':756, '':298, '':197, '"name':31486, '_style':15117, '":':788, ' "':330, 'Ind':1425, 'onesia':56672, '"':698, '':197, '':197, '},':1583, '':197, '':197, '{':515, '':298, '':197, '"id':28700, '":':788, ' "':330, 'd':67, 'utch':14061, '",':756, '':298, '':197, '"name':31486, '":':788, ' "':330, 'D':35, 'utch':14061, '",':756, '':298, '':197, '"name':31486, '_style':15117, '":':788, ' "':330, 'D':35, 'utch':14061, '"':698, '':197, '':197, '},':1583, '':197, '':197, '{':515, '':298, '':197, '"id':28700, '":':788, ' "':330, 'j':73, 'apanese':28689, '",':756, '':298, '':197, '"name':31486, '":':788, ' "':330, 'Japanese':51466, '",':756, '':298, '':197, '"name':31486, '_style':15117, '":':788, ' "':330, 'Japanese':51466, '"':698, '':197, '':197, '},':1583, '':197, '':197, '{':515, '':298, '':197, '"id':28700, '":':788, ' "':330, 'indo':34999, '_e':2204, 'uropean':73287, '",':756, '':298, '':197, '"name':31486, '":':788, ' "':330, 'Ind':1425, 'o':78, '-European':87635, ' (':320, 'D':35, 'utch':14061, '-':12, 'Ind':1425, 'ones':3154, 'ian':1103, ')",':15752, '':298, '':197, '"name':31486, '_style':15117, '":':788, ' "':330, 'Mixed':86433, ' Dutch':23234, '-':12, 'Ind':1425, 'ones':3154, 'ian':1103, '"':698, '':197, '':197, '},':1583, '':197, '':197, '{':515, '':298, '':197, '"id':28700, '":':788, ' "':330, 'ch':331, 'inese':7346, '_ind':9122, 'ones':3154, 'ian':1103, '",':756, '':298, '':197, '"name':31486, '":':788, ' "':330, 'Chinese':44923, ' Indonesian':58829, '",':756, '':298, '':197, '"name':31486, '_style':15117, '":':788, ' "':330, 'Chinese':44923, '-':12, 'Ind':1425, 'ones':3154, 'ian':1103, '"':698, '':197, '':197, '}':532, '':197, '],':1259, '':197, '"':1, 'generation':80057, '_constraints':60267, '":':788, ' {':341, '':197, '':197, '"':1, 'fiction':57062, '_policy':22773, '":':788, ' {':341, '':298, '':197, '"':1, 'allow':7183, '_altern':79728, 'ate':349, '_history':19802, '":':788, ' false':895, ',':345, '':298, '':197, '"':1, 'allow':7183, '_f':761, 'iction':2479, 'al':278, '_characters':79060, '":':788, ' true':830, ',':345, '':298, '':197, '"':1, 'allow':7183, '_f':761, 'iction':2479, 'al':278, '_locations':45032, '":':788, ' true':830, ',':345, '':298, '':197, '"':1, 'allow':7183, '_real':15266, '_h':1523, 'istorical':95698, '_fig':62141, 'ures':1413, '":':788, ' false':895, ',':345, '':298, '':197, '"':1, 'real':7951, '_events':19691, '_reference':25433, '":':788, ' true':830, '':198, '':197, '':197, '},':1583, '':197, '':197, '"':1, 'for':1958, 'bidden':22108, '_elements':22801, '":':788, ' {':341, '':298, '':197, '"':1, 'an':276, 'ach':610, 'ron':2248, 'istic':4532, '_items':12134, '":':788, ' [':2278, '':571, '':197, '"':1, 'pl':500, 'astic':5064, ' products':3871, '",':756, '':571, '':197, '"':1, 'syn':20339, 'thetic':17556, ' materials':7236, '",':756, '':571, '':197, '"':1, 'modern':49789, ' clothing':17438, ' brands':15721, '",':756, '':571, '':197, '"':1, 'modern':49789, ' weapons':9893, '",':756, '':571, '':197, '"':1, 'modern':49789, ' appliances':33702, '",':756, '':571, '':197, '"':1, 'modern':49789, ' architecture':17646, '"':698, '':298, '':197, '],':1259, '':298, '':197, '"':1, 'fant':60727, 'asy':6405, '_and':8378, '_f':761, 'iction':2479, '":':788, ' [':2278, '':571, '':197, '"':1, 'magic':37451, '",':756, '':571, '':197, '"':1, 'sup':12776, 'ern':932, 'atural':4585, ' powers':13430, '",':756, '':571, '':197, '"':1, 'mon':1645, 'sters':12570, '",':756, '':571, '':197, '"':1, 'ali':7956, 'ens':724, '",':756, '':571, '':197, '"time':32139, ' travel':5821, '",':756, '':571, '':197, '"':1, 'parallel':46103, ' universe':15494, '",':756, '':571, '':197, '"':1, 'fiction':57062, 'al':278, ' technology':5440, '"':698, '':298, '':197, '],':1259, '':298, '':197, '"':1, 'modern':49789, '_con':3382, 'cepts':57771, '":':788, ' [':2278, '':571, '':197, '"':1, 'modern':49789, ' corporation':26669, '",':756, '':571, '':197, '"':1, 'modern':49789, ' legal':5777, ' system':1849, '",':756, '':571, '':197, '"':1, 'modern':49789, ' government':3033, ' structure':5944, '",':756, '':571, '':197, '"':1, 'modern':49789, ' banking':22798, '",':756, '':571, '':197, '"':1, 'crypt':48125, 'ocurrency':77480, '",':756, '':571, '':197, '"':1, 'online':25649, ' communication':10535, '",':756, '':571, '':197, '"':1, 'modern':49789, ' education':6731, ' system':1849, '",':756, '':571, '':197, '"':1, 'modern':49789, ' medical':6457, ' facilities':12786, '"':698, '':298, '':197, '],':1259, '':298, '':197, '"':1, 'social':22386, '_context':8467, '":':788, ' [':2278, '':571, '':197, '"':1, 'an':276, 'ach':610, 'ron':2248, 'istic':4532, ' social':3590, ' values':2750, '",':756, '':571, '':197, '"':1, 'modern':49789, ' slang':79912, '",':756, '':571, '':197, '"':1, 'modern':49789, ' internet':7602, ' culture':7674, '",':756, '':571, '':197, '"':1, 'modern':49789, ' political':4948, ' terminology':56626, '"':698, '':298, '':197, '],':1259, '':298, '':197, '"':1, 'technology':58242, '":':788, ' [':2278, '':571, '':197, '"':1, 'smart':39803, 'phone':4844, '",':756, '':571, '':197, '"':1, 'mobile':14933, ' phone':4540, '",':756, '':571, '':197, '"':1, 'computer':43111, '",':756, '':571, '':197, '"':1, 'internet':85743, '",':756, '':571, '':197, '"':1, 'social':22386, ' media':3687, '",':756, '':571, '':197, '"d':44917, 'igital':10233, ' database':4625, '",':756, '':571, '':197, '"':1, 'modern':49789, ' camera':6249, '",':756, '':571, '':197, '"':1, 'te':665, 'levision':10864, '",':756, '':571, '':197, '"':1, 'radio':12636, ' communication':10535, ' beyond':7797, ' historical':13656, ' capability':22302, '",':756, '':571, '':197, '"':1, 'modern':49789, ' vehicles':11474, '",':756, '':571, '':197, '"':1, 'GPS':63176, '",':756, '':571, '':197, '"':1, 'art':471, 'ificial':16488, ' intelligence':11229, '"':698, '':298, '':197, ']':921, '':197, '':197, '}':532, '':197, '},':1583, '':197, '"in':54401, 'stitutions':92678, '":':788, ' [':2278, '':197, '':197, '{':515, '':298, '':197, '"':1, 'authority':84454, '":':788, ' "':330, 'Local':7319, ' governance':34086, '",':756, '':298, '':197, '"id':28700, '":':788, ' "':330, 'v':85, 'illage':47064, '_admin':12207, 'istration':4048, '",':756, '':298, '':197, '"name':31486, '":':788, ' "':330, 'V':53, 'illage':47064, ' Administration':16713, '",':756, '':298, '':197, '"':1, 'timeline':48960, '":':788, ' [':2278, '':571, '':197, '{':515, '':464, '':197, '"':1, 'controller':7152, '":':788, ' "':330, 'local':2438, '_author':22938, 'ity':487, '",':756, '':464, '':197, '"':1, 'document':6062, '_types':9763, '":':788, ' [':2278, '':1144, '':197, '"':1, 'birth':27713, '_record':14192, '",':756, '':1144, '':197, '"':1, 'ownership':78147, '_record':14192, '",':756, '':1144, '':197, '"w':80377, 'itness':8091, '_statement':37404, '",':756, '':1144, '':197, '"':1, 'res':416, 'idency':25775, '_certificate':63047, '"':698, '':464, '':197, '],':1259, '':464, '':197, '"':1, 'end':408, '_year':14645, '":':788, ' ':220, '1':16, '9':24, '4':19, '9':24, '.':13, '0':15, ',':345, '':464, '':197, '"':1, 'languages':42824, '":':788, ' [':2278, '':1144, '':197, '"':1, 'ind':484, 'ones':3154, 'ian':1103, '",':756, '':1144, '':197, '"k':62911, 'ut':332, 'ai':2143, '_m':717, 'al':278, 'ay':352, '"':698, '':464, '':197, '],':1259, '':464, '':197, '"':1, 'start':2468, '_year':14645, '":':788, ' ':220, '1':16, '9':24, '4':19, '0':15, '.':13, '0':15, '':198, '':571, '':197, '}':532, '':298, '':197, ']':921, '':197, '':197, '},':1583, '':197, '':197, '{':515, '':298, '':197, '"':1, 'authority':84454, '":':788, ' "':330, 'Regional':89807, ' government':3033, ' management':6240, '",':756, '':298, '':197, '"id':28700, '":':788, ' "':330, 'district':35391, '_admin':12207, 'istration':4048, '",':756, '':298, '':197, '"name':31486, '":':788, ' "':330, 'District':47840, ' Administration':16713, '",':756, '':298, '':197, '"':1, 'timeline':48960, '":':788, ' [':2278, '':571, '':197, '{':515, '':464, '':197, '"':1, 'controller':7152, '":':788, ' "':330, 'd':67, 'utch':14061, '_col':10211, 'on':263, 'ial':530, '",':756, '':464, '':197, '"':1, 'document':6062, '_types':9763, '":':788, ' [':2278, '':1144, '':197, '"':1, 'official':32812, '_notice':51807, '",':756, '':1144, '':197, '"':1, 'administr':68849, 'ative':1388, '_report':14813, '",':756, '':1144, '':197, '"':1, 'tax':17616, '_record':14192, '",':756, '':1144, '':197, '"':1, 'res':416, 'idency':25775, '_certificate':63047, '"':698, '':464, '':197, '],':1259, '':464, '':197, '"':1, 'end':408, '_year':14645, '":':788, ' ':220, '1':16, '9':24, '4':19, '2':17, '.':13, '0':15, ',':345, '':464, '':197, '"':1, 'languages':42824, '":':788, ' [':2278, '':1144, '':197, '"d':44917, 'utch':14061, '"':698, '':464, '':197, '],':1259, '':464, '':197, '"':1, 'start':2468, '_year':14645, '":':788, ' ':220, '1':16, '9':24, '4':19, '0':15, '.':13, '0':15, '':198, '':571, '':197, '},':1583, '':571, '':197, '{':515, '':464, '':197, '"':1, 'controller':7152, '":':788, ' "':330, 'j':73, 'apanese':28689, '_':62, 'occupation':58262, '",':756, '':464, '':197, '"':1, 'document':6062, '_types':9763, '":':788, ' [':2278, '':1144, '':197, '"':1, 'official':32812, '_notice':51807, '",':756, '':1144, '':197, '"':1, 'administr':68849, 'ative':1388, '_report':14813, '"':698, '':464, '':197, '],':1259, '':464, '':197, '"':1, 'end':408, '_year':14645, '":':788, ' ':220, '1':16, '9':24, '4':19, '5':20, '.':13, '0':15, ',':345, '':464, '':197, '"':1, 'languages':42824, '":':788, ' [':2278, '':1144, '':197, '"':1, 'j':73, 'apanese':28689, '",':756, '':1144, '':197, '"':1, 'ind':484, 'ones':3154, 'ian':1103, '"':698, '':464, '':197, '],':1259, '':464, '':197, '"':1, 'start':2468, '_year':14645, '":':788, ' ':220, '1':16, '9':24, '4':19, '2':17, '.':13, '0':15, '':198, '':571, '':197, '},':1583, '':571, '':197, '{':515, '':464, '':197, '"':1, 'controller':7152, '":':788, ' "':330, 'ind':484, 'ones':3154, 'ian':1103, '_re':1288, 'public':888, '",':756, '':464, '':197, '"':1, 'document':6062, '_types':9763, '":':788, ' [':2278, '':1144, '':197, '"':1, 'official':32812, '_notice':51807, '",':756, '':1144, '':197, '"':1, 'administr':68849, 'ative':1388, '_report':14813, '",':756, '':1144, '':197, '"':1, 'res':416, 'idency':25775, '_certificate':63047, '"':698, '':464, '':197, '],':1259, '':464, '':197, '"':1, 'end':408, '_year':14645, '":':788, ' ':220, '1':16, '9':24, '4':19, '9':24, '.':13, '0':15, ',':345, '':464, '':197, '"':1, 'languages':42824, '":':788, ' [':2278, '':1144, '':197, '"':1, 'ind':484, 'ones':3154, 'ian':1103, '"':698, '':464, '':197, '],':1259, '':464, '':197, '"':1, 'start':2468, '_year':14645, '":':788, ' ':220, '1':16, '9':24, '4':19, '5':20, '.':13, '0':15, '':198, '':571, '':197, '}':532, '':298, '':197, ']':921, '':197, '':197, '},':1583, '':197, '':197, '{':515, '':298, '':197, '"':1, 'authority':84454, '":':788, ' "':330, 'Histor':48983, 'ical':938, ' record':3255, ' management':6240, ' and':323, ' document':2197, ' verification':22901, '",':756, '':298, '':197, '"id':28700, '":':788, ' "':330, 'records':26203, '_department':71886, '",':756, '':298, '':197, '"name':31486, '":':788, ' "':330, 'District':47840, ' Records':21566, ' Department':5887, '",':756, '':298, '':197, '"':1, 'timeline':48960, '":':788, ' [':2278, '':571, '':197, '{':515, '':464, '':197, '"':1, 'controller':7152, '":':788, ' "':330, 'd':67, 'utch':14061, '_col':10211, 'on':263, 'ial':530, '",':756, '':464, '':197, '"':1, 'document':6062, '_types':9763, '":':788, ' [':2278, '':1144, '':197, '"':1, 'archive':16019, '_report':14813, '",':756, '':1144, '':197, '"':1, 'record':8548, '_summary':27251, '",':756, '':1144, '':197, '"':1, 'document':6062, '_verification':84245, '"':698, '':464, '':197, '],':1259, '':464, '':197, '"':1, 'end':408, '_year':14645, '":':788, ' ':220, '1':16, '9':24, '4':19, '2':17, '.':13, '0':15, ',':345, '':464, '':197, '"':1, 'languages':42824, '":':788, ' [':2278, '':1144, '':197, '"d':44917, 'utch':14061, '"':698, '':464, '':197, '],':1259, '':464, '':197, '"':1, 'start':2468, '_year':14645, '":':788, ' ':220, '1':16, '9':24, '4':19, '0':15, '.':13, '0':15, '':198, '':571, '':197, '},':1583, '':571, '':197, '{':515, '':464, '':197, '"':1, 'controller':7152, '":':788, ' "':330, 'j':73, 'apanese':28689, '_':62, 'occupation':58262, '",':756, '':464, '':197, '"':1, 'document':6062, '_types':9763, '":':788, ' [':2278, '':1144, '':197, '"':1, 'archive':16019, '_report':14813, '",':756, '':1144, '':197, '"':1, 'record':8548, '_summary':27251, '"':698, '':464, '':197, '],':1259, '':464, '':197, '"':1, 'end':408, '_year':14645, '":':788, ' ':220, '1':16, '9':24, '4':19, '5':20, '.':13, '0':15, ',':345, '':464, '':197, '"':1, 'languages':42824, '":':788, ' [':2278, '':1144, '':197, '"':1, 'j':73, 'apanese':28689, '",':756, '':1144, '':197, '"':1, 'ind':484, 'ones':3154, 'ian':1103, '"':698, '':464, '':197, '],':1259, '':464, '':197, '"':1, 'start':2468, '_year':14645, '":':788, ' ':220, '1':16, '9':24, '4':19, '2':17, '.':13, '0':15, '':198, '':571, '':197, '},':1583, '':571, '':197, '{':515, '':464, '':197, '"':1, 'controller':7152, '":':788, ' "':330, 'ind':484, 'ones':3154, 'ian':1103, '_re':1288, 'public':888, '",':756, '':464, '':197, '"':1, 'document':6062, '_types':9763, '":':788, ' [':2278, '':1144, '':197, '"':1, 'archive':16019, '_report':14813, '",':756, '':1144, '':197, '"':1, 'record':8548, '_summary':27251, '",':756, '':1144, '':197, '"':1, 'document':6062, '_verification':84245, '"':698, '':464, '':197, '],':1259, '':464, '':197, '"':1, 'end':408, '_year':14645, '":':788, ' ':220, '1':16, '9':24, '4':19, '9':24, '.':13, '0':15, ',':345, '':464, '':197, '"':1, 'languages':42824, '":':788, ' [':2278, '':1144, '':197, '"':1, 'ind':484, 'ones':3154, 'ian':1103, '"':698, '':464, '':197, '],':1259, '':464, '':197, '"':1, 'start':2468, '_year':14645, '":':788, ' ':220, '1':16, '9':24, '4':19, '5':20, '.':13, '0':15, '':198, '':571, '':197, '}':532, '':298, '':197, ']':921, '':197, '':197, '},':1583, '':197, '':197, '{':515, '':298, '':197, '"':1, 'authority':84454, '":':788, ' "':330, 'Colon':88665, 'ial':530, ' government':3033, ' records':7424, '",':756, '':298, '':197, '"id':28700, '":':788, ' "':330, 'd':67, 'utch':14061, '_col':10211, 'on':263, 'ial':530, '_admin':12207, 'istration':4048, '",':756, '':298, '':197, '"name':31486, '":':788, ' "':330, 'D':35, 'utch':14061, ' Colonial':72748, ' Administration':16713, '",':756, '':298, '':197, '"':1, 'timeline':48960, '":':788, ' [':2278, '':571, '':197, '{':515, '':464, '':197, '"':1, 'controller':7152, '":':788, ' "':330, 'd':67, 'utch':14061, '_col':10211, 'on':263, 'ial':530, '",':756, '':464, '':197, '"':1, 'document':6062, '_types':9763, '":':788, ' [':2278, '':1144, '':197, '"':1, 'land':1933, '_record':14192, '",':756, '':1144, '':197, '"':1, 'tax':17616, '_record':14192, '",':756, '':1144, '':197, '"':1, 'official':32812, '_notice':51807, '",':756, '':1144, '':197, '"':1, 'administr':68849, 'ative':1388, '_report':14813, '"':698, '':464, '':197, '],':1259, '':464, '':197, '"':1, 'end':408, '_year':14645, '":':788, ' ':220, '1':16, '9':24, '4':19, '2':17, '.':13, '0':15, ',':345, '':464, '':197, '"':1, 'languages':42824, '":':788, ' [':2278, '':1144, '':197, '"d':44917, 'utch':14061, '"':698, '':464, '':197, '],':1259, '':464, '':197, '"':1, 'start':2468, '_year':14645, '":':788, ' ':220, '1':16, '9':24, '4':19, '0':15, '.':13, '0':15, '':198, '':571, '':197, '}':532, '':298, '':197, ']':921, '':197, '':197, '},':1583, '':197, '':197, '{':515, '':298, '':197, '"':1, 'authority':84454, '":':788, ' "':330, 'Military':85326, ' government':3033, ' records':7424, '",':756, '':298, '':197, '"id':28700, '":':788, ' "':330, 'j':73, 'apanese':28689, '_':62, 'occupation':58262, '_admin':12207, 'istration':4048, '",':756, '':298, '':197, '"name':31486, '":':788, ' "':330, 'Japanese':51466, ' Occupation':98352, ' Administration':16713, '",':756, '':298, '':197, '"':1, 'timeline':48960, '":':788, ' [':2278, '':571, '':197, '{':515, '':464, '':197, '"':1, 'controller':7152, '":':788, ' "':330, 'j':73, 'apanese':28689, '_':62, 'occupation':58262, '",':756, '':464, '':197, '"':1, 'document':6062, '_types':9763, '":':788, ' [':2278, '':1144, '':197, '"':1, 'official':32812, '_notice':51807, '",':756, '':1144, '':197, '"':1, 'administr':68849, 'ative':1388, '_report':14813, '",':756, '':1144, '':197, '"':1, 'inventory':31093, '_record':14192, '"':698, '':464, '':197, '],':1259, '':464, '':197, '"':1, 'end':408, '_year':14645, '":':788, ' ':220, '1':16, '9':24, '4':19, '5':20, '.':13, '0':15, ',':345, '':464, '':197, '"':1, 'languages':42824, '":':788, ' [':2278, '':1144, '':197, '"':1, 'j':73, 'apanese':28689, '",':756, '':1144, '':197, '"':1, 'ind':484, 'ones':3154, 'ian':1103, '"':698, '':464, '':197, '],':1259, '':464, '':197, '"':1, 'start':2468, '_year':14645, '":':788, ' ':220, '1':16, '9':24, '4':19, '2':17, '.':13, '0':15, '':198, '':571, '':197, '}':532, '':298, '':197, ']':921, '':197, '':197, '},':1583, '':197, '':197, '{':515, '':298, '':197, '"':1, 'authority':84454, '":':788, ' "':330, 'Early':41198, ' independence':23665, ' government':3033, ' records':7424, '",':756, '':298, '':197, '"id':28700, '":':788, ' "':330, 'ind':484, 'ones':3154, 'ian':1103, '_re':1288, 'public':888, '_admin':12207, 'istration':4048, '",':756, '':298, '':197, '"name':31486, '":':788, ' "':330, 'Ind':1425, 'ones':3154, 'ian':1103, ' Republic':5429, ' Administration':16713, '",':756, '':298, '':197, '"':1, 'timeline':48960, '":':788, ' [':2278, '':571, '':197, '{':515, '':464, '':197, '"':1, 'controller':7152, '":':788, ' "':330, 'ind':484, 'ones':3154, 'ian':1103, '_re':1288, 'public':888, '",':756, '':464, '':197, '"':1, 'document':6062, '_types':9763, '":':788, ' [':2278, '':1144, '':197, '"':1, 'official':32812, '_notice':51807, '",':756, '':1144, '':197, '"':1, 'res':416, 'idency':25775, '_certificate':63047, '",':756, '':1144, '':197, '"':1, 'cit':53861, 'izens':28960, 'hip':2151, '_certificate':63047, '",':756, '':1144, '':197, '"':1, 'administr':68849, 'ative':1388, '_report':14813, '"':698, '':464, '':197, '],':1259, '':464, '':197, '"':1, 'end':408, '_year':14645, '":':788, ' ':220, '1':16, '9':24, '4':19, '9':24, '.':13, '0':15, ',':345, '':464, '':197, '"':1, 'languages':42824, '":':788, ' [':2278, '':1144, '':197, '"':1, 'ind':484, 'ones':3154, 'ian':1103, '"':698, '':464, '':197, '],':1259, '':464, '':197, '"':1, 'start':2468, '_year':14645, '":':788, ' ':220, '1':16, '9':24, '4':19, '5':20, '.':13, '0':15, '':198, '':571, '':197, '}':532, '':298, '':197, ']':921, '':197, '':197, '},':1583, '':197, '':197, '{':515, '':298, '':197, '"':1, 'authority':84454, '":':788, ' "':330, 'A':32, 'gricult':12835, 'ural':4176, ' business':2562, ' management':6240, '",':756, '':298, '':197, '"id':28700, '":':788, ' "':330, 'plant':20827, 'ation':367, '_company':33403, '",':756, '':298, '':197, '"name':31486, '":':788, ' "':330, 'Plant':54647, 'ation':367, ' Company':8188, '",':756, '':298, '':197, '"':1, 'timeline':48960, '":':788, ' [':2278, '':571, '':197, '{':515, '':464, '':197, '"':1, 'controller':7152, '":':788, ' "':330, 'private':1996, '_company':33403, '",':756, '':464, '':197, '"':1, 'document':6062, '_types':9763, '":':788, ' [':2278, '':1144, '':197, '"':1, 'employment':20461, '_contract':51499, '",':756, '':1144, '':197, '"':1, 'inventory':31093, '_record':14192, '",':756, '':1144, '':197, '"':1, 'employment':20461, '_record':14192, '",':756, '':1144, '':197, '"':1, 'ownership':78147, '_record':14192, '"':698, '':464, '':197, '],':1259, '':464, '':197, '"':1, 'end':408, '_year':14645, '":':788, ' ':220, '1':16, '9':24, '4':19, '9':24, '.':13, '0':15, ',':345, '':464, '':197, '"':1, 'languages':42824, '":':788, ' [':2278, '':1144, '':197, '"d':44917, 'utch':14061, '",':756, '':1144, '':197, '"':1, 'ind':484, 'ones':3154, 'ian':1103, '"':698, '':464, '':197, '],':1259, '':464, '':197, '"':1, 'start':2468, '_year':14645, '":':788, ' ':220, '1':16, '9':24, '4':19, '0':15, '.':13, '0':15, '':198, '':571, '':197, '}':532, '':298, '':197, ']':921, '':197, '':197, '},':1583, '':197, '':197, '{':515, '':298, '':197, '"':1, 'authority':84454, '":':788, ' "':330, 'Industrial':83112, ' resource':5101, ' management':6240, '",':756, '':298, '':197, '"id':28700, '":':788, ' "':330, 'oil':73813, '_company':33403, '",':756, '':298, '':197, '"name':31486, '":':788, ' "':330, 'Oil':76909, ' Company':8188, '",':756, '':298, '':197, '"':1, 'timeline':48960, '":':788, ' [':2278, '':571, '':197, '{':515, '':464, '':197, '"':1, 'controller':7152, '":':788, ' "':330, 'd':67, 'utch':14061, '_company':33403, '",':756, '':464, '':197, '"':1, 'document':6062, '_types':9763, '":':788, ' [':2278, '':1144, '':197, '"':1, 'contract':20257, '",':756, '':1144, '':197, '"':1, 'inventory':31093, '_record':14192, '",':756, '':1144, '':197, '"':1, 'employment':20461, '_record':14192, '",':756, '':1144, '':197, '"':1, 'report':11736, '"':698, '':464, '':197, '],':1259, '':464, '':197, '"':1, 'end':408, '_year':14645, '":':788, ' ':220, '1':16, '9':24, '4':19, '2':17, '.':13, '0':15, ',':345, '':464, '':197, '"':1, 'languages':42824, '":':788, ' [':2278, '':1144, '':197, '"d':44917, 'utch':14061, '"':698, '':464, '':197, '],':1259, '':464, '':197, '"':1, 'start':2468, '_year':14645, '":':788, ' ':220, '1':16, '9':24, '4':19, '0':15, '.':13, '0':15, '':198, '':571, '':197, '},':1583, '':571, '':197, '{':515, '':464, '':197, '"':1, 'controller':7152, '":':788, ' "':330, 'j':73, 'apanese':28689, '_control':13436, 'led':832, '_company':33403, '",':756, '':464, '':197, '"':1, 'document':6062, '_types':9763, '":':788, ' [':2278, '':1144, '':197, '"':1, 'inventory':31093, '_record':14192, '",':756, '':1144, '':197, '"':1, 'administr':68849, 'ative':1388, '_report':14813, '"':698, '':464, '':197, '],':1259, '':464, '':197, '"':1, 'end':408, '_year':14645, '":':788, ' ':220, '1':16, '9':24, '4':19, '5':20, '.':13, '0':15, ',':345, '':464, '':197, '"':1, 'languages':42824, '":':788, ' [':2278, '':1144, '':197, '"':1, 'j':73, 'apanese':28689, '",':756, '':1144, '':197, '"':1, 'ind':484, 'ones':3154, 'ian':1103, '"':698, '':464, '':197, '],':1259, '':464, '':197, '"':1, 'start':2468, '_year':14645, '":':788, ' ':220, '1':16, '9':24, '4':19, '2':17, '.':13, '0':15, '':198, '':571, '':197, '},':1583, '':571, '':197, '{':515, '':464, '':197, '"':1, 'controller':7152, '":':788, ' "':330, 'ind':484, 'ones':3154, 'ian':1103, '_company':33403, '",':756, '':464, '':197, '"':1, 'document':6062, '_types':9763, '":':788, ' [':2278, '':1144, '':197, '"':1, 'contract':20257, '",':756, '':1144, '':197, '"':1, 'employment':20461, '_record':14192, '",':756, '':1144, '':197, '"':1, 'inventory':31093, '_record':14192, '"':698, '':464, '':197, '],':1259, '':464, '':197, '"':1, 'end':408, '_year':14645, '":':788, ' ':220, '1':16, '9':24, '4':19, '9':24, '.':13, '0':15, ',':345, '':464, '':197, '"':1, 'languages':42824, '":':788, ' [':2278, '':1144, '':197, '"':1, 'ind':484, 'ones':3154, 'ian':1103, '"':698, '':464, '':197, '],':1259, '':464, '':197, '"':1, 'start':2468, '_year':14645, '":':788, ' ':220, '1':16, '9':24, '4':19, '5':20, '.':13, '0':15, '':198, '':571, '':197, '}':532, '':298, '':197, ']':921, '':197, '':197, '},':1583, '':197, '':197, '{':515, '':298, '':197, '"':1, 'authority':84454, '":':788, ' "':330, 'Trade':39173, ' and':323, ' commerce':35654, ' records':7424, '",':756, '':298, '':197, '"id':28700, '":':788, ' "':330, 'merchant':39011, '_associ':58665, 'ation':367, '",':756, '':298, '':197, '"name':31486, '":':788, ' "':330, 'Merchant':84545, ' Association':10024, '",':756, '':298, '':197, '"':1, 'timeline':48960, '":':788, ' [':2278, '':571, '':197, '{':515, '':464, '':197, '"':1, 'controller':7152, '":':788, ' "':330, 'civil':93130, 'ian':1103, '",':756, '':464, '':197, '"':1, 'document':6062, '_types':9763, '":':788, ' [':2278, '':1144, '':197, '"':1, 'contract':20257, '",':756, '':1144, '':197, '"':1, 'inventory':31093, '_record':14192, '",':756, '':1144, '':197, '"':1, 'personal':29612, '_letter':46117, '"':698, '':464, '':197, '],':1259, '':464, '':197, '"':1, 'end':408, '_year':14645, '":':788, ' ':220, '1':16, '9':24, '4':19, '9':24, '.':13, '0':15, ',':345, '':464, '':197, '"':1, 'languages':42824, '":':788, ' [':2278, '':1144, '':197, '"':1, 'ind':484, 'ones':3154, 'ian':1103, '",':756, '':1144, '':197, '"k':62911, 'ut':332, 'ai':2143, '_m':717, 'al':278, 'ay':352, '"':698, '':464, '':197, '],':1259, '':464, '':197, '"':1, 'start':2468, '_year':14645, '":':788, ' ':220, '1':16, '9':24, '4':19, '0':15, '.':13, '0':15, '':198, '':571, '':197, '}':532, '':298, '':197, ']':921, '':197, '':197, '},':1583, '':197, '':197, '{':515, '':298, '':197, '"':1, 'authority':84454, '":':788, ' "':330, 'Community':33768, ' and':323, ' family':2997, ' records':7424, '",':756, '':298, '':197, '"id':28700, '":':788, ' "':330, 'religious':96150, '_in':1243, 'stitution':10446, '",':756, '':298, '':197, '"name':31486, '":':788, ' "':330, 'Rel':6740, 'igious':22153, ' Institution':42864, '",':756, '':298, '':197, '"':1, 'timeline':48960, '":':788, ' [':2278, '':571, '':197, '{':515, '':464, '':197, '"':1, 'controller':7152, '":':788, ' "':330, 'community':28402, '",':756, '':464, '':197, '"':1, 'document':6062, '_types':9763, '":':788, ' [':2278, '':1144, '':197, '"':1, 'birth':27713, '_record':14192, '",':756, '':1144, '':197, '"':1, 'mar':5612, 'riage':8775, '_record':14192, '",':756, '':1144, '':197, '"':1, 'mar':5612, 'riage':8775, '_certificate':63047, '",':756, '':1144, '':197, '"':1, 'div':611, 'orce':16316, '_certificate':63047, '"':698, '':464, '':197, '],':1259, '':464, '':197, '"':1, 'end':408, '_year':14645, '":':788, ' ':220, '1':16, '9':24, '4':19, '9':24, '.':13, '0':15, ',':345, '':464, '':197, '"':1, 'languages':42824, '":':788, ' [':2278, '':1144, '':197, '"':1, 'ind':484, 'ones':3154, 'ian':1103, '",':756, '':1144, '':197, '"k':62911, 'ut':332, 'ai':2143, '_m':717, 'al':278, 'ay':352, '"':698, '':464, '':197, '],':1259, '':464, '':197, '"':1, 'start':2468, '_year':14645, '":':788, ' ':220, '1':16, '9':24, '4':19, '0':15, '.':13, '0':15, '':198, '':571, '':197, '}':532, '':298, '':197, ']':921, '':197, '':197, '},':1583, '':197, '':197, '{':515, '':298, '':197, '"':1, 'authority':84454, '":':788, ' "':330, 'Local':7319, ' customary':72248, ' decisions':11181, '",':756, '':298, '':197, '"id':28700, '":':788, ' "':330, 'traditional':86908, '_c':666, 'ouncil':6690, '",':756, '':298, '':197, '"name':31486, '":':788, ' "':330, 'Traditional':84682, ' Community':12062, ' Council':9074, '",':756, '':298, '':197, '"':1, 'timeline':48960, '":':788, ' [':2278, '':571, '':197, '{':515, '':464, '':197, '"':1, 'controller':7152, '":':788, ' "':330, 'local':2438, '_author':22938, 'ity':487, '",':756, '':464, '':197, '"':1, 'document':6062, '_types':9763, '":':788, ' [':2278, '':1144, '':197, '"w':80377, 'itness':8091, '_statement':37404, '",':756, '':1144, '':197, '"':1, 'custom':9163, 'ary':658, '_':62, 'ownership':78147, '_record':14192, '",':756, '':1144, '':197, '"':1, 'custom':9163, 'ary':658, '_confirmation':37681, '_letter':46117, '"':698, '':464, '':197, '],':1259, '':464, '':197, '"':1, 'end':408, '_year':14645, '":':788, ' ':220, '1':16, '9':24, '4':19, '9':24, '.':13, '0':15, ',':345, '':464, '':197, '"':1, 'languages':42824, '":':788, ' [':2278, '':1144, '':197, '"k':62911, 'ut':332, 'ai':2143, '_m':717, 'al':278, 'ay':352, '"':698, '':464, '':197, '],':1259, '':464, '':197, '"':1, 'start':2468, '_year':14645, '":':788, ' ':220, '1':16, '9':24, '4':19, '0':15, '.':13, '0':15, '':198, '':571, '':197, '}':532, '':298, '':197, ']':921, '':197, '':197, '},':1583, '':197, '':197, '{':515, '':298, '':197, '"':1, 'authority':84454, '":':788, ' "':330, 'Education':39134, ' records':7424, '",':756, '':298, '':197, '"id':28700, '":':788, ' "':330, 'school':21850, '_admin':12207, 'istration':4048, '",':756, '':298, '':197, '"name':31486, '":':788, ' "':330, 'School':32749, ' Administration':16713, '",':756, '':298, '':197, '"':1, 'timeline':48960, '":':788, ' [':2278, '':571, '':197, '{':515, '':464, '':197, '"':1, 'controller':7152, '":':788, ' "':330, 'd':67, 'utch':14061, '_col':10211, 'on':263, 'ial':530, '",':756, '':464, '':197, '"':1, 'document':6062, '_types':9763, '":':788, ' [':2278, '':1144, '':197, '"':1, 'student':12038, '_record':14192, '",':756, '':1144, '':197, '"':1, 'academic':90256, '_certificate':63047, '",':756, '':1144, '':197, '"':1, 'attendance':62625, '_record':14192, '"':698, '':464, '':197, '],':1259, '':464, '':197, '"':1, 'end':408, '_year':14645, '":':788, ' ':220, '1':16, '9':24, '4':19, '2':17, '.':13, '0':15, ',':345, '':464, '':197, '"':1, 'languages':42824, '":':788, ' [':2278, '':1144, '':197, '"d':44917, 'utch':14061, '",':756, '':1144, '':197, '"':1, 'ind':484, 'ones':3154, 'ian':1103, '"':698, '':464, '':197, '],':1259, '':464, '':197, '"':1, 'start':2468, '_year':14645, '":':788, ' ':220, '1':16, '9':24, '4':19, '0':15, '.':13, '0':15, '':198, '':571, '':197, '},':1583, '':571, '':197, '{':515, '':464, '':197, '"':1, 'controller':7152, '":':788, ' "':330, 'j':73, 'apanese':28689, '_':62, 'occupation':58262, '",':756, '':464, '':197, '"':1, 'document':6062, '_types':9763, '":':788, ' [':2278, '':1144, '':197, '"':1, 'student':12038, '_record':14192, '",':756, '':1144, '':197, '"':1, 'academic':90256, '_certificate':63047, '",':756, '':1144, '':197, '"':1, 'attendance':62625, '_record':14192, '"':698, '':464, '':197, '],':1259, '':464, '':197, '"':1, 'end':408, '_year':14645, '":':788, ' ':220, '1':16, '9':24, '4':19, '5':20, '.':13, '0':15, ',':345, '':464, '':197, '"':1, 'languages':42824, '":':788, ' [':2278, '':1144, '':197, '"':1, 'j':73, 'apanese':28689, '",':756, '':1144, '':197, '"':1, 'ind':484, 'ones':3154, 'ian':1103, '"':698, '':464, '':197, '],':1259, '':464, '':197, '"':1, 'start':2468, '_year':14645, '":':788, ' ':220, '1':16, '9':24, '4':19, '2':17, '.':13, '0':15, '':198, '':571, '':197, '},':1583, '':571, '':197, '{':515, '':464, '':197, '"':1, 'controller':7152, '":':788, ' "':330, 'ind':484, 'ones':3154, 'ian':1103, '_re':1288, 'public':888, '",':756, '':464, '':197, '"':1, 'document':6062, '_types':9763, '":':788, ' [':2278, '':1144, '':197, '"':1, 'student':12038, '_record':14192, '",':756, '':1144, '':197, '"':1, 'academic':90256, '_certificate':63047, '",':756, '':1144, '':197, '"':1, 'attendance':62625, '_record':14192, '"':698, '':464, '':197, '],':1259, '':464, '':197, '"':1, 'end':408, '_year':14645, '":':788, ' ':220, '1':16, '9':24, '4':19, '9':24, '.':13, '0':15, ',':345, '':464, '':197, '"':1, 'languages':42824, '":':788, ' [':2278, '':1144, '':197, '"':1, 'ind':484, 'ones':3154, 'ian':1103, '"':698, '':464, '':197, '],':1259, '':464, '':197, '"':1, 'start':2468, '_year':14645, '":':788, ' ':220, '1':16, '9':24, '4':19, '5':20, '.':13, '0':15, '':198, '':571, '':197, '}':532, '':298, '':197, ']':921, '':197, '':197, '},':1583, '':197, '':197, '{':515, '':298, '':197, '"':1, 'authority':84454, '":':788, ' "':330, 'Health':14542, ' records':7424, '",':756, '':298, '':197, '"id':28700, '":':788, ' "':330, 'medical':68116, '_in':1243, 'stitution':10446, '",':756, '':298, '':197, '"name':31486, '":':788, ' "':330, 'Medical':52554, ' Institution':42864, '",':756, '':298, '':197, '"':1, 'timeline':48960, '":':788, ' [':2278, '':571, '':197, '{':515, '':464, '':197, '"':1, 'controller':7152, '":':788, ' "':330, 'civil':93130, 'ian':1103, '",':756, '':464, '':197, '"':1, 'document':6062, '_types':9763, '":':788, ' [':2278, '':1144, '':197, '"':1, 'medical':68116, '_record':14192, '",':756, '':1144, '':197, '"':1, 'medical':68116, '_certificate':63047, '",':756, '':1144, '':197, '"':1, 'report':11736, '"':698, '':464, '':197, '],':1259, '':464, '':197, '"':1, 'end':408, '_year':14645, '":':788, ' ':220, '1':16, '9':24, '4':19, '9':24, '.':13, '0':15, ',':345, '':464, '':197, '"':1, 'languages':42824, '":':788, ' [':2278, '':1144, '':197, '"d':44917, 'utch':14061, '",':756, '':1144, '':197, '"':1, 'ind':484, 'ones':3154, 'ian':1103, '"':698, '':464, '':197, '],':1259, '':464, '':197, '"':1, 'start':2468, '_year':14645, '":':788, ' ':220, '1':16, '9':24, '4':19, '0':15, '.':13, '0':15, '':198, '':571, '':197, '}':532, '':298, '':197, ']':921, '':197, '':197, '},':1583, '':197, '':197, '{':515, '':298, '':197, '"':1, 'authority':84454, '":':788, ' "':330, 'Invest':33876, 'igation':17930, ' and':323, ' security':4763, ' records':7424, '",':756, '':298, '':197, '"id':28700, '":':788, ' "':330, 'security':17039, '_office':79604, '",':756, '':298, '':197, '"name':31486, '":':788, ' "':330, 'Security':15352, ' Office':8246, '",':756, '':298, '':197, '"':1, 'timeline':48960, '":':788, ' [':2278, '':571, '':197, '{':515, '':464, '':197, '"':1, 'controller':7152, '":':788, ' "':330, 'd':67, 'utch':14061, '_col':10211, 'on':263, 'ial':530, '",':756, '':464, '':197, '"':1, 'document':6062, '_types':9763, '":':788, ' [':2278, '':1144, '':197, '"':1, 'invest':42014, 'igation':17930, '_report':14813, '",':756, '':1144, '':197, '"':1, 'official':32812, '_notice':51807, '",':756, '':1144, '':197, '"w':80377, 'itness':8091, '_statement':37404, '"':698, '':464, '':197, '],':1259, '':464, '':197, '"':1, 'end':408, '_year':14645, '":':788, ' ':220, '1':16, '9':24, '4':19, '2':17, '.':13, '0':15, ',':345, '':464, '':197, '"':1, 'languages':42824, '":':788, ' [':2278, '':1144, '':197, '"d':44917, 'utch':14061, '",':756, '':1144, '':197, '"':1, 'ind':484, 'ones':3154, 'ian':1103, '"':698, '':464, '':197, '],':1259, '':464, '':197, '"':1, 'start':2468, '_year':14645, '":':788, ' ':220, '1':16, '9':24, '4':19, '0':15, '.':13, '0':15, '':198, '':571, '':197, '},':1583, '':571, '':197, '{':515, '':464, '':197, '"':1, 'controller':7152, '":':788, ' "':330, 'j':73, 'apanese':28689, '_':62, 'occupation':58262, '",':756, '':464, '':197, '"':1, 'document':6062, '_types':9763, '":':788, ' [':2278, '':1144, '':197, '"':1, 'invest':42014, 'igation':17930, '_report':14813, '",':756, '':1144, '':197, '"':1, 'official':32812, '_notice':51807, '"':698, '':464, '':197, '],':1259, '':464, '':197, '"':1, 'end':408, '_year':14645, '":':788, ' ':220, '1':16, '9':24, '4':19, '5':20, '.':13, '0':15, ',':345, '':464, '':197, '"':1, 'languages':42824, '":':788, ' [':2278, '':1144, '':197, '"':1, 'j':73, 'apanese':28689, '",':756, '':1144, '':197, '"':1, 'ind':484, 'ones':3154, 'ian':1103, '"':698, '':464, '':197, '],':1259, '':464, '':197, '"':1, 'start':2468, '_year':14645, '":':788, ' ':220, '1':16, '9':24, '4':19, '2':17, '.':13, '0':15, '':198, '':571, '':197, '}':532, '':298, '':197, ']':921, '':197, '':197, '},':1583, '':197, '':197, '{':515, '':298, '':197, '"':1, 'authority':84454, '":':788, ' "':330, 'Private':16787, ' historical':13656, ' records':7424, '",':756, '':298, '':197, '"id':28700, '":':788, ' "':330, 'family':18984, '_archive':42873, '",':756, '':298, '':197, '"name':31486, '":':788, ' "':330, 'Family':15192, ' Archive':29702, '",':756, '':298, '':197, '"':1, 'timeline':48960, '":':788, ' [':2278, '':571, '':197, '{':515, '':464, '':197, '"':1, 'controller':7152, '":':788, ' "':330, 'private':1996, '",':756, '':464, '':197, '"':1, 'document':6062, '_types':9763, '":':788, ' [':2278, '':1144, '':197, '"':1, 'personal':29612, '_letter':46117, '",':756, '':1144, '':197, '"':1, 'di':8579, 'ary':658, '_entry':9078, '",':756, '':1144, '':197, '"':1, 'certificate':63586, '"':698, '':464, '':197, '],':1259, '':464, '':197, '"':1, 'end':408, '_year':14645, '":':788, ' ':220, '1':16, '9':24, '4':19, '9':24, '.':13, '0':15, ',':345, '':464, '':197, '"':1, 'languages':42824, '":':788, ' [':2278, '':1144, '':197, '"':1, 'ind':484, 'ones':3154, 'ian':1103, '",':756, '':1144, '':197, '"k':62911, 'ut':332, 'ai':2143, '_m':717, 'al':278, 'ay':352, '",':756, '':1144, '':197, '"d':44917, 'utch':14061, '"':698, '':464, '':197, '],':1259, '':464, '':197, '"':1, 'start':2468, '_year':14645, '":':788, ' ':220, '1':16, '9':24, '4':19, '0':15, '.':13, '0':15, '':198, '':571, '':197, '}':532, '':298, '':197, ']':921, '':197, '':197, '}':532, '':197, '],':1259, '':197, '"':1, 'languages':42824, '":':788, ' [':2278, '':197, '':197, '{':515, '':298, '':197, '"':1, 'generation':80057, '":':788, ' {':341, '':571, '':197, '"':1, 'allowed':20967, '":':788, ' true':830, ',':345, '':571, '':197, '"':1, 'full':8878, '_document':26231, '_generation':64191, '":':788, ' true':830, '':198, '':298, '':197, '},':1583, '':298, '':197, '"id':28700, '":':788, ' "':330, 'ind':484, 'ones':3154, 'ian':1103, '",':756, '':298, '':197, '"name':31486, '":':788, ' "':330, 'Ind':1425, 'ones':3154, 'ian':1103, '",':756, '':298, '':197, '"':1, 'usage':17698, '":':788, ' [':2278, '':571, '':197, '"':1, 'local':2438, ' communication':10535, '",':756, '':571, '':197, '"':1, 'community':28402, ' records':7424, '",':756, '':571, '':197, '"':1, 'personal':29612, ' letters':11931, '"':698, '':298, '':197, ']':921, '':197, '':197, '},':1583, '':197, '':197, '{':515, '':298, '':197, '"':1, 'generation':80057, '":':788, ' {':341, '':571, '':197, '"':1, 'allowed':20967, '":':788, ' true':830, ',':345, '':571, '':197, '"':1, 'full':8878, '_document':26231, '_generation':64191, '":':788, ' true':830, '':198, '':298, '':197, '},':1583, '':298, '':197, '"id':28700, '":':788, ' "':330, 'd':67, 'utch':14061, '",':756, '':298, '':197, '"name':31486, '":':788, ' "':330, 'D':35, 'utch':14061, '",':756, '':298, '':197, '"':1, 'usage':17698, '":':788, ' [':2278, '':571, '':197, '"':1, 'colon':76824, 'ial':530, ' administration':8567, '",':756, '':571, '':197, '"':1, 'official':32812, ' records':7424, '",':756, '':571, '':197, '"':1, 'legal':6428, ' documents':9293, '"':698, '':298, '':197, ']':921, '':197, '':197, '},':1583, '':197, '':197, '{':515, '':298, '':197, '"':1, 'generation':80057, '":':788, ' {':341, '':571, '':197, '"':1, 'allowed':20967, '":':788, ' true':830, ',':345, '':571, '':197, '"':1, 'full':8878, '_document':26231, '_generation':64191, '":':788, ' true':830, '':198, '':298, '':197, '},':1583, '':298, '':197, '"id':28700, '":':788, ' "':330, 'j':73, 'apanese':28689, '",':756, '':298, '':197, '"name':31486, '":':788, ' "':330, 'Japanese':51466, '",':756, '':298, '':197, '"':1, 'usage':17698, '":':788, ' [':2278, '':571, '':197, '"':1, 'occupation':58262, ' administration':8567, '",':756, '':571, '':197, '"':1, 'm':76, 'ilitary':20247, ' records':7424, '"':698, '':298, '':197, ']':921, '':197, '':197, '},':1583, '':197, '':197, '{':515, '':298, '':197, '"':1, 'generation':80057, '":':788, ' {':341, '':571, '':197, '"':1, 'allowed':20967, '":':788, ' true':830, ',':345, '':571, '':197, '"':1, 'full':8878, '_document':26231, '_generation':64191, '":':788, ' false':895, '':198, '':298, '':197, '},':1583, '':298, '':197, '"id':28700, '":':788, ' "':330, 'k':74, 'ut':332, 'ai':2143, '_m':717, 'al':278, 'ay':352, '",':756, '':298, '':197, '"name':31486, '":':788, ' "':330, 'K':42, 'ut':332, 'ai':2143, ' Malay':79140, '",':756, '':298, '':197, '"':1, 'usage':17698, '":':788, ' [':2278, '':571, '':197, '"':1, 'personal':29612, ' letters':11931, '"':698, '':298, '':197, ']':921, '':197, '':197, '}':532, '':197, '],':1259, '':197, '"':1, 'overview':49278, '":':788, ' {':341, '':197, '':197, '"description':67993, '":':788, ' "':330, 'A':32, ' fictional':43582, ' historical':13656, ' setting':6243, ' inspired':14606, ' by':553, ' Indonesia':23968, ' (':320, 'Bal':37889, 'ik':1579, 'p':79, 'apan':5359, ')':8, ' during':2337, ' the':279, ' ':220, '1':16, '9':24, '4':19, '0':15, 's':82, ',':11, ' where':1380, ' society':8232, ' undergo':36671, 'es':288, ' political':4948, ' transition':9142, ' and':323, ' administrative':22707, ' changes':4344, '.",':10346, '':197, '':197, '"':1, 'histor':43441, 'ical':938, '_context':8467, '":':788, ' [':2278, '':298, '':197, '"':1, 'Late':61457, ' Dutch':23234, ' colonial':36583, ' period':4168, '",':756, '':298, '':197, '"':1, 'Japanese':51466, ' occupation':29647, ' period':4168, ' (':320, '1':16, '9':24, '4':19, '2':17, '-':12, '1':16, '9':24, '4':19, '5':20, ')",':15752, '':298, '':197, '"':1, 'Ind':1425, 'ones':3154, 'ian':1103, ' independence':23665, ' period':4168, ' after':1283, ' ':220, '1':16, '9':24, '4':19, '5':20, '",':756, '':298, '':197, '"':1, 'Political':80047, ' and':323, ' administrative':22707, ' transition':9142, '",':756, '':298, '':197, '"':1, 'Located':47752, ' in':304, ' Bal':19420, 'ik':1579, 'p':79, 'apan':5359, ' City':4311, '"':698, '':197, '':197, '],':1259, '':197, '':197, '"id':28700, '":':788, ' "':330, 'ind':484, 'onesia':56672, '_':62, '1':16, '9':24, '4':19, '0':15, 's':82, '",':756, '':197, '':197, '"name':31486, '":':788, ' "':330, 'Ind':1425, 'onesia':56672, ' ':220, '1':16, '9':24, '4':19, '0':15, 's':82, ' Archive':29702, '",':756, '':197, '':197, '"time':32139, '_period':20818, '":':788, ' {':341, '':298, '':197, '"description':67993, '":':788, ' "':330, 'A':32, ' period':4168, ' involving':15860, ' late':3309, ' colonial':36583, ' administration':8567, ',':11, ' Japanese':10769, ' occupation':29647, ',':11, ' and':323, ' early':4124, ' independence':23665, ' era':11385, '.",':10346, '':298, '':197, '"':1, 'end':408, '_year':14645, '":':788, ' ':220, '1':16, '9':24, '4':19, '9':24, '.':13, '0':15, ',':345, '':298, '':197, '"':1, 'start':2468, '_year':14645, '":':788, ' ':220, '1':16, '9':24, '4':19, '0':15, '.':13, '0':15, '':198, '':197, '':197, '}':532, '':197, '},':1583, '':197, '"':1, 'required':6279, '_elements':22801, '":':788, ' {':341, '':197, '':197, '"':1, 'document':6062, '_properties':25158, '":':788, ' [':2278, '':298, '':197, '"':1, 'author':3094, '",':756, '':298, '':197, '"':1, 'date':1028, '",':756, '':298, '':197, '"':1, 'location':2527, '",':756, '':298, '':197, '"in':54401, 'stitution':10446, '",':756, '':298, '':197, '"':1, 'language':11528, '"':698, '':197, '':197, '],':1259, '':197, '':197, '"':1, 'setting':15320, '":':788, ' [':2278, '':298, '':197, '"':1, '1':16, '9':24, '4':19, '0':15, 's':82, ' Indonesian':58829, ' society':8232, '",':756, '':298, '':197, '"':1, 'histor':43441, 'ical':938, ' administration':8567, '",':756, '':298, '':197, '"':1, 'physical':46592, ' documents':9293, '",':756, '':298, '':197, '"':1, 'paper':19166, '-based':5980, ' records':7424, '"':698, '':197, '':197, '],':1259, '':197, '':197, '"':1, 'technology':58242, '_level':8274, '":':788, ' [':2278, '':298, '':197, '"':1, 'hand':10661, 'written':25569, ' documents':9293, '",':756, '':298, '':197, '"':1, 'typ':3653, 'ew':365, 'riters':31829, '",':756, '':298, '':197, '"':1, 'postal':33170, ' communication':10535, '",':756, '':298, '':197, '"':1, 'printed':52213, ' records':7424, '"':698, '':197, '':197, ']':921, '':197, '}':532, '}':630, 'User':1474, ' request':1681, ':':510, 'Generate':31115, ' a':264, ' one':825, '-s':1331, 'entence':18380, ' character':3668, ' biography':47245, ' for':369, ' Cath':12234, 'ar':277, 'ina':2210, ' Sant':22896, 'oso':27147, ' (':320, 'female':42634, ',':11, ' indo':41000, '_e':2204, 'uropean':73287, ').':568 ]
[1786181040] recalculate the cached logits (check): embd_inp.empty() false, n_matching_session_tokens 0, embd_inp.size() 4282, session_tokens.size() 0, embd_inp.size() 4282
[1786181040] inp_pfx: [ '':271, '###':14374, ' Instruction':29051, ':':1447 ]
[1786181040] inp_sfx: [ '':271, '###':14374, ' Response':5949, ':':1447 ]
[1786181040] cml_pfx: [ '':198, '<|im_start|>':151644, 'user':872, '':198 ]
[1786181040] cml_sfx: [ '<|im_end|>':151645, '':198, '<|im_start|>':151644, 'assistant':77091, '':198 ]
[1786181040] sampling: 
	repeat_last_n = 64, repeat_penalty = 1.150, frequency_penalty = 0.000, presence_penalty = 0.000
	top_k = 40, tfs_z = 1.000, top_p = 0.900, min_p = 0.050, typical_p = 1.000, temp = 0.700
	mirostat = 0, mirostat_lr = 0.100, mirostat_ent = 5.000
[1786181040] sampling order: 
CFG -> Penalties -> top_k -> tfs_z -> typical_p -> top_p -> min_p -> temperature 
[1786181040] generate: n_ctx = 7008, n_batch = 2048, n_predict = 400, n_keep = 0
[1786181040] 

[1786181040] embd_inp.size(): 4282, n_consumed: 0
[1786181040] eval: [ 'Role':9030, ':':25, ' archive':18132, '_ai':69415, '':198, 'Goal':39992, ':':25, ' Generate':19813, ' consistent':12966, ' archive':18132, ' content':2213, '.':624, 'Rule':11337, ' F':434, 'CT':1162, ':':25, ' Never':14695, ' invent':17023, ' established':9555, ' facts':13064, '.':624, 'Rule':11337, ' UN':6643, 'K':42, ':':25, ' Use':5443, ' UNKNOWN':61395, ' when':979, ' evidence':5904, ' is':374, ' insufficient':38313, '.':624, 'Rule':11337, ' CON':3418, ':':25, ' Never':14695, ' contradict':42461, ' established':9555, ' facts':13064, '.':624, 'Rule':11337, ' F':434, 'MT':8505, ':':25, ' Follow':11112, ' output':2550, ' schema':10802, '.':624, 'Rule':11337, ' CHR':61576, ':':25, ' Generate':19813, ' a':264, ' concise':63594, ' character':3668, '-facing':63306, ' profile':5526, ' statement':5114, '.':624, 'Rule':11337, ' N':451, 'ME':7462, ':':25, ' Name':3988, ' the':279, ' subject':3832, ' using':1667, ' the':279, ' provided':3897, ' character':3668, ' identity':9569, '.':624, 'Rule':11337, ' SOC':37650, ':':25, ' Keep':13655, ' the':279, ' description':4008, ' grounded':44345, ' in':304, ' ':220, '1':16, '9':24, '4':19, '0':15, 's':82, ' Indonesian':58829, ' society':8232, '.':624, 'Rule':11337, ' W':467, 'LD':12335, ':':25, ' Use':5443, ' the':279, ' selected':4091, ' world':1879, ' context':2266, ' and':323, ' historical':13656, ' period':4168, '.':624, 'Rule':11337, ' LOC':27096, ':':25, ' Keep':13655, ' institutions':14336, ',':11, ' places':7482, ',':11, ' and':323, ' era':11385, ' references':15057, ' consistent':12966, ' with':448, ' the':279, ' selected':4091, ' context':2266, '.':624, 'Rule':11337, ' EVE':86635, ':':25, ' Avoid':34006, ' an':458, 'ach':610, 'ron':2248, 'istic':4532, ' administrative':22707, ' or':476, ' technical':10916, ' details':3565, '.':624, 'Rule':11337, ' LANG':65997, ':':25, ' Produce':86888, ' output':2550, ' in':304, ' the':279, ' configured':19755, ' language':4128, '.':624, 'Rule':11337, ' ID':3034, 'N':45, ':':25, ' If':1416, ' no':902, ' language':4128, ' is':374, ' specified':5189, ',':11, ' default':1638, ' to':311, ' Bah':31329, 'asa':15428, ' Indonesia':23968, '.':624, 'Output':5097, ' language':4128, ':':25, ' English':6364, '':271, 'Context':1972, ':':510, '{':515, '':197, '"':1, 'ethnic':80418, 'ities':1361, '":':788, ' [':2278, '':197, '':197, '{':515, '':298, '':197, '"id':28700, '":':788, ' "':330, 'ind':484, 'onesia':56672, '",':756, '':298, '':197, '"name':31486, '":':788, ' "':330, 'Ind':1425, 'ones':3154, 'ian':1103, '",':756, '':298, '':197, '"name':31486, '_style':15117, '":':788, ' "':330, 'Ind':1425, 'onesia':56672, '"':698, '':197, '':197, '},':1583, '':197, '':197, '{':515, '':298, '':197, '"id':28700, '":':788, ' "':330, 'd':67, 'utch':14061, '",':756, '':298, '':197, '"name':31486, '":':788, ' "':330, 'D':35, 'utch':14061, '",':756, '':298, '':197, '"name':31486, '_style':15117, '":':788, ' "':330, 'D':35, 'utch':14061, '"':698, '':197, '':197, '},':1583, '':197, '':197, '{':515, '':298, '':197, '"id':28700, '":':788, ' "':330, 'j':73, 'apanese':28689, '",':756, '':298, '':197, '"name':31486, '":':788, ' "':330, 'Japanese':51466, '",':756, '':298, '':197, '"name':31486, '_style':15117, '":':788, ' "':330, 'Japanese':51466, '"':698, '':197, '':197, '},':1583, '':197, '':197, '{':515, '':298, '':197, '"id':28700, '":':788, ' "':330, 'indo':34999, '_e':2204, 'uropean':73287, '",':756, '':298, '':197, '"name':31486, '":':788, ' "':330, 'Ind':1425, 'o':78, '-European':87635, ' (':320, 'D':35, 'utch':14061, '-':12, 'Ind':1425, 'ones':3154, 'ian':1103, ')",':15752, '':298, '':197, '"name':31486, '_style':15117, '":':788, ' "':330, 'Mixed':86433, ' Dutch':23234, '-':12, 'Ind':1425, 'ones':3154, 'ian':1103, '"':698, '':197, '':197, '},':1583, '':197, '':197, '{':515, '':298, '':197, '"id':28700, '":':788, ' "':330, 'ch':331, 'inese':7346, '_ind':9122, 'ones':3154, 'ian':1103, '",':756, '':298, '':197, '"name':31486, '":':788, ' "':330, 'Chinese':44923, ' Indonesian':58829, '",':756, '':298, '':197, '"name':31486, '_style':15117, '":':788, ' "':330, 'Chinese':44923, '-':12, 'Ind':1425, 'ones':3154, 'ian':1103, '"':698, '':197, '':197, '}':532, '':197, '],':1259, '':197, '"':1, 'generation':80057, '_constraints':60267, '":':788, ' {':341, '':197, '':197, '"':1, 'fiction':57062, '_policy':22773, '":':788, ' {':341, '':298, '':197, '"':1, 'allow':7183, '_altern':79728, 'ate':349, '_history':19802, '":':788, ' false':895, ',':345, '':298, '':197, '"':1, 'allow':7183, '_f':761, 'iction':2479, 'al':278, '_characters':79060, '":':788, ' true':830, ',':345, '':298, '':197, '"':1, 'allow':7183, '_f':761, 'iction':2479, 'al':278, '_locations':45032, '":':788, ' true':830, ',':345, '':298, '':197, '"':1, 'allow':7183, '_real':15266, '_h':1523, 'istorical':95698, '_fig':62141, 'ures':1413, '":':788, ' false':895, ',':345, '':298, '':197, '"':1, 'real':7951, '_events':19691, '_reference':25433, '":':788, ' true':830, '':198, '':197, '':197, '},':1583, '':197, '':197, '"':1, 'for':1958, 'bidden':22108, '_elements':22801, '":':788, ' {':341, '':298, '':197, '"':1, 'an':276, 'ach':610, 'ron':2248, 'istic':4532, '_items':12134, '":':788, ' [':2278, '':571, '':197, '"':1, 'pl':500, 'astic':5064, ' products':3871, '",':756, '':571, '':197, '"':1, 'syn':20339, 'thetic':17556, ' materials':7236, '",':756, '':571, '':197, '"':1, 'modern':49789, ' clothing':17438, ' brands':15721, '",':756, '':571, '':197, '"':1, 'modern':49789, ' weapons':9893, '",':756, '':571, '':197, '"':1, 'modern':49789, ' appliances':33702, '",':756, '':571, '':197, '"':1, 'modern':49789, ' architecture':17646, '"':698, '':298, '':197, '],':1259, '':298, '':197, '"':1, 'fant':60727, 'asy':6405, '_and':8378, '_f':761, 'iction':2479, '":':788, ' [':2278, '':571, '':197, '"':1, 'magic':37451, '",':756, '':571, '':197, '"':1, 'sup':12776, 'ern':932, 'atural':4585, ' powers':13430, '",':756, '':571, '':197, '"':1, 'mon':1645, 'sters':12570, '",':756, '':571, '':197, '"':1, 'ali':7956, 'ens':724, '",':756, '':571, '':197, '"time':32139, ' travel':5821, '",':756, '':571, '':197, '"':1, 'parallel':46103, ' universe':15494, '",':756, '':571, '':197, '"':1, 'fiction':57062, 'al':278, ' technology':5440, '"':698, '':298, '':197, '],':1259, '':298, '':197, '"':1, 'modern':49789, '_con':3382, 'cepts':57771, '":':788, ' [':2278, '':571, '':197, '"':1, 'modern':49789, ' corporation':26669, '",':756, '':571, '':197, '"':1, 'modern':49789, ' legal':5777, ' system':1849, '",':756, '':571, '':197, '"':1, 'modern':49789, ' government':3033, ' structure':5944, '",':756, '':571, '':197, '"':1, 'modern':49789, ' banking':22798, '",':756, '':571, '':197, '"':1, 'crypt':48125, 'ocurrency':77480, '",':756, '':571, '':197, '"':1, 'online':25649, ' communication':10535, '",':756, '':571, '':197, '"':1, 'modern':49789, ' education':6731, ' system':1849, '",':756, '':571, '':197, '"':1, 'modern':49789, ' medical':6457, ' facilities':12786, '"':698, '':298, '':197, '],':1259, '':298, '':197, '"':1, 'social':22386, '_context':8467, '":':788, ' [':2278, '':571, '':197, '"':1, 'an':276, 'ach':610, 'ron':2248, 'istic':4532, ' social':3590, ' values':2750, '",':756, '':571, '':197, '"':1, 'modern':49789, ' slang':79912, '",':756, '':571, '':197, '"':1, 'modern':49789, ' internet':7602, ' culture':7674, '",':756, '':571, '':197, '"':1, 'modern':49789, ' political':4948, ' terminology':56626, '"':698, '':298, '':197, '],':1259, '':298, '':197, '"':1, 'technology':58242, '":':788, ' [':2278, '':571, '':197, '"':1, 'smart':39803, 'phone':4844, '",':756, '':571, '':197, '"':1, 'mobile':14933, ' phone':4540, '",':756, '':571, '':197, '"':1, 'computer':43111, '",':756, '':571, '':197, '"':1, 'internet':85743, '",':756, '':571, '':197, '"':1, 'social':22386, ' media':3687, '",':756, '':571, '':197, '"d':44917, 'igital':10233, ' database':4625, '",':756, '':571, '':197, '"':1, 'modern':49789, ' camera':6249, '",':756, '':571, '':197, '"':1, 'te':665, 'levision':10864, '",':756, '':571, '':197, '"':1, 'radio':12636, ' communication':10535, ' beyond':7797, ' historical':13656, ' capability':22302, '",':756, '':571, '':197, '"':1, 'modern':49789, ' vehicles':11474, '",':756, '':571, '':197, '"':1, 'GPS':63176, '",':756, '':571, '':197, '"':1, 'art':471, 'ificial':16488, ' intelligence':11229, '"':698, '':298, '':197, ']':921, '':197, '':197, '}':532, '':197, '},':1583, '':197, '"in':54401, 'stitutions':92678, '":':788, ' [':2278, '':197, '':197, '{':515, '':298, '':197, '"':1, 'authority':84454, '":':788, ' "':330, 'Local':7319, ' governance':34086, '",':756, '':298, '':197, '"id':28700, '":':788, ' "':330, 'v':85, 'illage':47064, '_admin':12207, 'istration':4048, '",':756, '':298, '':197, '"name':31486, '":':788, ' "':330, 'V':53, 'illage':47064, ' Administration':16713, '",':756, '':298, '':197, '"':1, 'timeline':48960, '":':788, ' [':2278, '':571, '':197, '{':515, '':464, '':197, '"':1, 'controller':7152, '":':788, ' "':330, 'local':2438, '_author':22938, 'ity':487, '",':756, '':464, '':197, '"':1, 'document':6062, '_types':9763, '":':788, ' [':2278, '':1144, '':197, '"':1, 'birth':27713, '_record':14192, '",':756, '':1144, '':197, '"':1, 'ownership':78147, '_record':14192, '",':756, '':1144, '':197, '"w':80377, 'itness':8091, '_statement':37404, '",':756, '':1144, '':197, '"':1, 'res':416, 'idency':25775, '_certificate':63047, '"':698, '':464, '':197, '],':1259, '':464, '':197, '"':1, 'end':408, '_year':14645, '":':788, ' ':220, '1':16, '9':24, '4':19, '9':24, '.':13, '0':15, ',':345, '':464, '':197, '"':1, 'languages':42824, '":':788, ' [':2278, '':1144, '':197, '"':1, 'ind':484, 'ones':3154, 'ian':1103, '",':756, '':1144, '':197, '"k':62911, 'ut':332, 'ai':2143, '_m':717, 'al':278, 'ay':352, '"':698, '':464, '':197, '],':1259, '':464, '':197, '"':1, 'start':2468, '_year':14645, '":':788, ' ':220, '1':16, '9':24, '4':19, '0':15, '.':13, '0':15, '':198, '':571, '':197, '}':532, '':298, '':197, ']':921, '':197, '':197, '},':1583, '':197, '':197, '{':515, '':298, '':197, '"':1, 'authority':84454, '":':788, ' "':330, 'Regional':89807, ' government':3033, ' management':6240, '",':756, '':298, '':197, '"id':28700, '":':788, ' "':330, 'district':35391, '_admin':12207, 'istration':4048, '",':756, '':298, '':197, '"name':31486, '":':788, ' "':330, 'District':47840, ' Administration':16713, '",':756, '':298, '':197, '"':1, 'timeline':48960, '":':788, ' [':2278, '':571, '':197, '{':515, '':464, '':197, '"':1, 'controller':7152, '":':788, ' "':330, 'd':67, 'utch':14061, '_col':10211, 'on':263, 'ial':530, '",':756, '':464, '':197, '"':1, 'document':6062, '_types':9763, '":':788, ' [':2278, '':1144, '':197, '"':1, 'official':32812, '_notice':51807, '",':756, '':1144, '':197, '"':1, 'administr':68849, 'ative':1388, '_report':14813, '",':756, '':1144, '':197, '"':1, 'tax':17616, '_record':14192, '",':756, '':1144, '':197, '"':1, 'res':416, 'idency':25775, '_certificate':63047, '"':698, '':464, '':197, '],':1259, '':464, '':197, '"':1, 'end':408, '_year':14645, '":':788, ' ':220, '1':16, '9':24, '4':19, '2':17, '.':13, '0':15, ',':345, '':464, '':197, '"':1, 'languages':42824, '":':788, ' [':2278, '':1144, '':197, '"d':44917, 'utch':14061, '"':698, '':464, '':197, '],':1259, '':464, '':197, '"':1, 'start':2468, '_year':14645, '":':788, ' ':220, '1':16, '9':24, '4':19, '0':15, '.':13, '0':15, '':198, '':571, '':197, '},':1583, '':571, '':197, '{':515, '':464, '':197, '"':1, 'controller':7152, '":':788, ' "':330, 'j':73, 'apanese':28689, '_':62, 'occupation':58262, '",':756, '':464, '':197, '"':1, 'document':6062, '_types':9763, '":':788, ' [':2278, '':1144, '':197, '"':1, 'official':32812, '_notice':51807, '",':756, '':1144, '':197, '"':1, 'administr':68849, 'ative':1388, '_report':14813, '"':698, '':464, '':197, '],':1259, '':464, '':197, '"':1, 'end':408, '_year':14645, '":':788, ' ':220, '1':16, '9':24, '4':19, '5':20, '.':13, '0':15, ',':345, '':464, '':197, '"':1, 'languages':42824, '":':788, ' [':2278, '':1144, '':197, '"':1, 'j':73, 'apanese':28689, '",':756, '':1144, '':197, '"':1, 'ind':484, 'ones':3154, 'ian':1103, '"':698, '':464, '':197, '],':1259, '':464, '':197, '"':1, 'start':2468, '_year':14645, '":':788, ' ':220, '1':16, '9':24, '4':19, '2':17, '.':13, '0':15, '':198, '':571, '':197, '},':1583, '':571, '':197, '{':515, '':464, '':197, '"':1, 'controller':7152, '":':788, ' "':330, 'ind':484, 'ones':3154, 'ian':1103, '_re':1288, 'public':888, '",':756, '':464, '':197, '"':1, 'document':6062, '_types':9763, '":':788, ' [':2278, '':1144, '':197, '"':1, 'official':32812, '_notice':51807, '",':756, '':1144, '':197, '"':1, 'administr':68849, 'ative':1388, '_report':14813, '",':756, '':1144, '':197, '"':1, 'res':416, 'idency':25775, '_certificate':63047, '"':698, '':464, '':197, '],':1259, '':464, '':197, '"':1, 'end':408, '_year':14645, '":':788, ' ':220, '1':16, '9':24, '4':19, '9':24, '.':13, '0':15, ',':345, '':464, '':197, '"':1, 'languages':42824, '":':788, ' [':2278, '':1144, '':197, '"':1, 'ind':484, 'ones':3154, 'ian':1103, '"':698, '':464, '':197, '],':1259, '':464, '':197, '"':1, 'start':2468, '_year':14645, '":':788, ' ':220, '1':16, '9':24, '4':19, '5':20, '.':13, '0':15, '':198, '':571, '':197, '}':532, '':298, '':197, ']':921, '':197, '':197, '},':1583, '':197, '':197, '{':515, '':298, '':197, '"':1, 'authority':84454, '":':788, ' "':330, 'Histor':48983, 'ical':938, ' record':3255, ' management':6240, ' and':323, ' document':2197, ' verification':22901, '",':756, '':298, '':197, '"id':28700, '":':788, ' "':330, 'records':26203, '_department':71886, '",':756, '':298, '':197, '"name':31486, '":':788, ' "':330, 'District':47840, ' Records':21566, ' Department':5887, '",':756, '':298, '':197, '"':1, 'timeline':48960, '":':788, ' [':2278, '':571, '':197, '{':515, '':464, '':197, '"':1, 'controller':7152, '":':788, ' "':330, 'd':67, 'utch':14061, '_col':10211, 'on':263, 'ial':530, '",':756, '':464, '':197, '"':1, 'document':6062, '_types':9763, '":':788, ' [':2278, '':1144, '':197, '"':1, 'archive':16019, '_report':14813, '",':756, '':1144, '':197, '"':1, 'record':8548, '_summary':27251, '",':756, '':1144, '':197, '"':1, 'document':6062, '_verification':84245, '"':698, '':464, '':197, '],':1259, '':464, '':197, '"':1, 'end':408, '_year':14645, '":':788, ' ':220, '1':16, '9':24, '4':19, '2':17, '.':13, '0':15, ',':345, '':464, '':197, '"':1, 'languages':42824, '":':788, ' [':2278, '':1144, '':197, '"d':44917, 'utch':14061, '"':698, '':464, '':197, '],':1259, '':464, '':197, '"':1, 'start':2468, '_year':14645, '":':788, ' ':220, '1':16, '9':24, '4':19, '0':15, '.':13, '0':15, '':198, '':571, '':197, '},':1583, '':571, '':197, '{':515, '':464, '':197, '"':1, 'controller':7152, '":':788, ' "':330, 'j':73, 'apanese':28689, '_':62, 'occupation':58262, '",':756, '':464, '':197, '"':1, 'document':6062, '_types':9763, '":':788, ' [':2278, '':1144, '':197, '"':1, 'archive':16019, '_report':14813, '",':756, '':1144, '':197, '"':1, 'record':8548, '_summary':27251, '"':698, '':464, '':197, '],':1259, '':464, '':197, '"':1, 'end':408, '_year':14645, '":':788, ' ':220, '1':16, '9':24, '4':19, '5':20, '.':13, '0':15, ',':345, '':464, '':197, '"':1, 'languages':42824, '":':788, ' [':2278, '':1144, '':197, '"':1, 'j':73, 'apanese':28689, '",':756, '':1144, '':197, '"':1, 'ind':484, 'ones':3154, 'ian':1103, '"':698, '':464, '':197, '],':1259, '':464, '':197, '"':1, 'start':2468, '_year':14645, '":':788, ' ':220, '1':16, '9':24, '4':19, '2':17, '.':13, '0':15, '':198, '':571, '':197, '},':1583, '':571, '':197, '{':515, '':464, '':197, '"':1, 'controller':7152, '":':788, ' "':330, 'ind':484, 'ones':3154, 'ian':1103, '_re':1288, 'public':888, '",':756, '':464, '':197, '"':1, 'document':6062, '_types':9763, '":':788, ' [':2278, '':1144, '':197, '"':1, 'archive':16019, '_report':14813, '",':756, '':1144, '':197, '"':1, 'record':8548, '_summary':27251, '",':756, '':1144, '':197, '"':1, 'document':6062, '_verification':84245, '"':698, '':464, '':197, '],':1259, '':464, '':197, '"':1, 'end':408, '_year':14645, '":':788, ' ':220, '1':16, '9':24, '4':19, '9':24, '.':13, '0':15, ',':345, '':464, '':197, '"':1, 'languages':42824, '":':788, ' [':2278, '':1144, '':197, '"':1, 'ind':484, 'ones':3154, 'ian':1103, '"':698, '':464, '':197, '],':1259, '':464, '':197, '"':1, 'start':2468, '_year':14645, '":':788, ' ':220, '1':16, '9':24, '4':19, '5':20, '.':13, '0':15, '':198, '':571, '':197, '}':532, '':298, '':197, ']':921, '':197, '':197, '},':1583, '':197, '':197, '{':515, '':298, '':197, '"':1, 'authority':84454, '":':788, ' "':330, 'Colon':88665, 'ial':530, ' government':3033, ' records':7424, '",':756, '':298, '':197, '"id':28700, '":':788, ' "':330, 'd':67, 'utch':14061, '_col':10211, 'on':263, 'ial':530, '_admin':12207, 'istration':4048, '",':756, '':298, '':197, '"name':31486, '":':788, ' "':330, 'D':35, 'utch':14061, ' Colonial':72748, ' Administration':16713, '",':756, '':298, '':197, '"':1, 'timeline':48960, '":':788, ' [':2278, '':571, '':197, '{':515, '':464, '':197, '"':1, 'controller':7152, '":':788, ' "':330, 'd':67, 'utch':14061, '_col':10211, 'on':263, 'ial':530, '",':756, '':464, '':197, '"':1, 'document':6062, '_types':9763, '":':788, ' [':2278, '':1144, '':197, '"':1, 'land':1933, '_record':14192, '",':756, '':1144, '':197, '"':1, 'tax':17616, '_record':14192, '",':756, '':1144, '':197, '"':1, 'official':32812, '_notice':51807, '",':756, '':1144, '':197, '"':1, 'administr':68849, 'ative':1388, '_report':14813, '"':698, '':464, '':197, '],':1259, '':464, '':197, '"':1, 'end':408, '_year':14645, '":':788, ' ':220, '1':16, '9':24, '4':19, '2':17, '.':13, '0':15, ',':345, '':464, '':197, '"':1, 'languages':42824, '":':788, ' [':2278, '':1144, '':197, '"d':44917, 'utch':14061, '"':698, '':464, '':197, '],':1259, '':464, '':197, '"':1, 'start':2468, '_year':14645, '":':788, ' ':220, '1':16, '9':24, '4':19, '0':15, '.':13, '0':15, '':198, '':571, '':197, '}':532, '':298, '':197, ']':921, '':197, '':197, '},':1583, '':197, '':197, '{':515, '':298, '':197, '"':1, 'authority':84454, '":':788, ' "':330, 'Military':85326, ' government':3033, ' records':7424, '",':756, '':298, '':197, '"id':28700, '":':788, ' "':330, 'j':73, 'apanese':28689, '_':62, 'occupation':58262, '_admin':12207, 'istration':4048, '",':756, '':298, '':197, '"name':31486, '":':788, ' "':330, 'Japanese':51466, ' Occupation':98352, ' Administration':16713, '",':756, '':298, '':197, '"':1, 'timeline':48960, '":':788, ' [':2278, '':571, '':197, '{':515, '':464, '':197, '"':1, 'controller':7152, '":':788, ' "':330, 'j':73, 'apanese':28689, '_':62, 'occupation':58262, '",':756, '':464, '':197, '"':1, 'document':6062, '_types':9763, '":':788, ' [':2278, '':1144, '':197, '"':1, 'official':32812, '_notice':51807, '",':756, '':1144, '':197, '"':1, 'administr':68849, 'ative':1388, '_report':14813, '",':756, '':1144, '':197, '"':1, 'inventory':31093, '_record':14192, '"':698, '':464, '':197, '],':1259, '':464, '':197, '"':1, 'end':408, '_year':14645, '":':788, ' ':220, '1':16, '9':24, '4':19, '5':20, '.':13, '0':15, ',':345, '':464, '':197, '"':1, 'languages':42824, '":':788, ' [':2278, '':1144, '':197, '"':1, 'j':73, 'apanese':28689, '",':756, '':1144, '':197, '"':1, 'ind':484, 'ones':3154, 'ian':1103, '"':698, '':464, '':197, '],':1259, '':464, '':197, '"':1, 'start':2468, '_year':14645, '":':788, ' ':220, '1':16, '9':24, '4':19, '2':17, '.':13, '0':15, '':198, '':571, '':197, '}':532, '':298, '':197, ']':921, '':197, '':197, '},':1583, '':197, '':197, '{':515, '':298, '':197, '"':1, 'authority':84454, '":':788, ' "':330, 'Early':41198, ' independence':23665, ' government':3033, ' records':7424, '",':756, '':298, '':197, '"id':28700, '":':788, ' "':330, 'ind':484, 'ones':3154, 'ian':1103, '_re':1288, 'public':888, '_admin':12207, 'istration':4048, '",':756, '':298, '':197, '"name':31486, '":':788, ' "':330, 'Ind':1425, 'ones':3154, 'ian':1103, ' Republic':5429, ' Administration':16713, '",':756, '':298, '':197, '"':1, 'timeline':48960, '":':788, ' [':2278, '':571, '':197, '{':515, '':464, '':197, '"':1, 'controller':7152, '":':788, ' "':330, 'ind':484, 'ones':3154, 'ian':1103, '_re':1288, 'public':888, '",':756, '':464, '':197, '"':1, 'document':6062, '_types':9763, '":':788, ' [':2278, '':1144, '':197, '"':1, 'official':32812, '_notice':51807, '",':756, '':1144, '':197, '"':1, 'res':416, 'idency':25775, '_certificate':63047, '",':756, '':1144, '':197, '"':1, 'cit':53861, 'izens':28960, 'hip':2151, '_certificate':63047, '",':756, '':1144, '':197, '"':1, 'administr':68849, 'ative':1388, '_report':14813, '"':698, '':464, '':197, '],':1259, '':464, '':197, '"':1, 'end':408, '_year':14645, '":':788, ' ':220, '1':16, '9':24, '4':19, '9':24, '.':13, '0':15, ',':345, '':464, '':197, '"':1, 'languages':42824, '":':788, ' [':2278, '':1144, '':197, '"':1, 'ind':484, 'ones':3154, 'ian':1103, '"':698, '':464, '':197, '],':1259, '':464, '':197, '"':1, 'start':2468, '_year':14645, '":':788, ' ':220, '1':16, '9':24, '4':19, '5':20, '.':13, '0':15, '':198, '':571, '':197, '}':532, '':298, '':197, ']':921, '':197, '':197, '},':1583, '':197, '':197, '{':515, '':298, '':197, '"':1, 'authority':84454, '":':788, ' "':330, 'A':32, 'gricult':12835, 'ural':4176, ' business':2562, ' management':6240, '",':756, '':298, '':197, '"id':28700, '":':788, ' "':330, 'plant':20827, 'ation':367, '_company':33403, '",':756, '':298, '':197, '"name':31486, '":':788, ' "':330, 'Plant':54647, 'ation':367, ' Company':8188, '",':756, '':298, '':197, '"':1, 'timeline':48960, '":':788, ' [':2278, '':571, '':197, '{':515, '':464, '':197, '"':1, 'controller':7152, '":':788, ' "':330, 'private':1996, '_company':33403, '",':756, '':464, '':197, '"':1, 'document':6062, '_types':9763, '":':788, ' [':2278, '':1144, '':197, '"':1, 'employment':20461, '_contract':51499, '",':756, '':1144, '':197, '"':1, 'inventory':31093, '_record':14192, '",':756, '':1144, '':197, '"':1, 'employment':20461, '_record':14192, '",':756, '':1144, '':197, '"':1, 'ownership':78147, '_record':14192, '"':698, '':464, '':197, '],':1259, '':464, '':197, '"':1, 'end':408, '_year':14645, '":':788, ' ':220, '1':16, '9':24, '4':19, '9':24, '.':13, '0':15, ',':345, '':464, '':197, '"':1, 'languages':42824, '":':788, ' [':2278 ]
[1786181052] n_past = 2048
[1786181052] embd_inp.size(): 4282, n_consumed: 2048
[1786181052] eval: [ '':1144, '':197, '"d':44917, 'utch':14061, '",':756, '':1144, '':197, '"':1, 'ind':484, 'ones':3154, 'ian':1103, '"':698, '':464, '':197, '],':1259, '':464, '':197, '"':1, 'start':2468, '_year':14645, '":':788, ' ':220, '1':16, '9':24, '4':19, '0':15, '.':13, '0':15, '':198, '':571, '':197, '}':532, '':298, '':197, ']':921, '':197, '':197, '},':1583, '':197, '':197, '{':515, '':298, '':197, '"':1, 'authority':84454, '":':788, ' "':330, 'Industrial':83112, ' resource':5101, ' management':6240, '",':756, '':298, '':197, '"id':28700, '":':788, ' "':330, 'oil':73813, '_company':33403, '",':756, '':298, '':197, '"name':31486, '":':788, ' "':330, 'Oil':76909, ' Company':8188, '",':756, '':298, '':197, '"':1, 'timeline':48960, '":':788, ' [':2278, '':571, '':197, '{':515, '':464, '':197, '"':1, 'controller':7152, '":':788, ' "':330, 'd':67, 'utch':14061, '_company':33403, '",':756, '':464, '':197, '"':1, 'document':6062, '_types':9763, '":':788, ' [':2278, '':1144, '':197, '"':1, 'contract':20257, '",':756, '':1144, '':197, '"':1, 'inventory':31093, '_record':14192, '",':756, '':1144, '':197, '"':1, 'employment':20461, '_record':14192, '",':756, '':1144, '':197, '"':1, 'report':11736, '"':698, '':464, '':197, '],':1259, '':464, '':197, '"':1, 'end':408, '_year':14645, '":':788, ' ':220, '1':16, '9':24, '4':19, '2':17, '.':13, '0':15, ',':345, '':464, '':197, '"':1, 'languages':42824, '":':788, ' [':2278, '':1144, '':197, '"d':44917, 'utch':14061, '"':698, '':464, '':197, '],':1259, '':464, '':197, '"':1, 'start':2468, '_year':14645, '":':788, ' ':220, '1':16, '9':24, '4':19, '0':15, '.':13, '0':15, '':198, '':571, '':197, '},':1583, '':571, '':197, '{':515, '':464, '':197, '"':1, 'controller':7152, '":':788, ' "':330, 'j':73, 'apanese':28689, '_control':13436, 'led':832, '_company':33403, '",':756, '':464, '':197, '"':1, 'document':6062, '_types':9763, '":':788, ' [':2278, '':1144, '':197, '"':1, 'inventory':31093, '_record':14192, '",':756, '':1144, '':197, '"':1, 'administr':68849, 'ative':1388, '_report':14813, '"':698, '':464, '':197, '],':1259, '':464, '':197, '"':1, 'end':408, '_year':14645, '":':788, ' ':220, '1':16, '9':24, '4':19, '5':20, '.':13, '0':15, ',':345, '':464, '':197, '"':1, 'languages':42824, '":':788, ' [':2278, '':1144, '':197, '"':1, 'j':73, 'apanese':28689, '",':756, '':1144, '':197, '"':1, 'ind':484, 'ones':3154, 'ian':1103, '"':698, '':464, '':197, '],':1259, '':464, '':197, '"':1, 'start':2468, '_year':14645, '":':788, ' ':220, '1':16, '9':24, '4':19, '2':17, '.':13, '0':15, '':198, '':571, '':197, '},':1583, '':571, '':197, '{':515, '':464, '':197, '"':1, 'controller':7152, '":':788, ' "':330, 'ind':484, 'ones':3154, 'ian':1103, '_company':33403, '",':756, '':464, '':197, '"':1, 'document':6062, '_types':9763, '":':788, ' [':2278, '':1144, '':197, '"':1, 'contract':20257, '",':756, '':1144, '':197, '"':1, 'employment':20461, '_record':14192, '",':756, '':1144, '':197, '"':1, 'inventory':31093, '_record':14192, '"':698, '':464, '':197, '],':1259, '':464, '':197, '"':1, 'end':408, '_year':14645, '":':788, ' ':220, '1':16, '9':24, '4':19, '9':24, '.':13, '0':15, ',':345, '':464, '':197, '"':1, 'languages':42824, '":':788, ' [':2278, '':1144, '':197, '"':1, 'ind':484, 'ones':3154, 'ian':1103, '"':698, '':464, '':197, '],':1259, '':464, '':197, '"':1, 'start':2468, '_year':14645, '":':788, ' ':220, '1':16, '9':24, '4':19, '5':20, '.':13, '0':15, '':198, '':571, '':197, '}':532, '':298, '':197, ']':921, '':197, '':197, '},':1583, '':197, '':197, '{':515, '':298, '':197, '"':1, 'authority':84454, '":':788, ' "':330, 'Trade':39173, ' and':323, ' commerce':35654, ' records':7424, '",':756, '':298, '':197, '"id':28700, '":':788, ' "':330, 'merchant':39011, '_associ':58665, 'ation':367, '",':756, '':298, '':197, '"name':31486, '":':788, ' "':330, 'Merchant':84545, ' Association':10024, '",':756, '':298, '':197, '"':1, 'timeline':48960, '":':788, ' [':2278, '':571, '':197, '{':515, '':464, '':197, '"':1, 'controller':7152, '":':788, ' "':330, 'civil':93130, 'ian':1103, '",':756, '':464, '':197, '"':1, 'document':6062, '_types':9763, '":':788, ' [':2278, '':1144, '':197, '"':1, 'contract':20257, '",':756, '':1144, '':197, '"':1, 'inventory':31093, '_record':14192, '",':756, '':1144, '':197, '"':1, 'personal':29612, '_letter':46117, '"':698, '':464, '':197, '],':1259, '':464, '':197, '"':1, 'end':408, '_year':14645, '":':788, ' ':220, '1':16, '9':24, '4':19, '9':24, '.':13, '0':15, ',':345, '':464, '':197, '"':1, 'languages':42824, '":':788, ' [':2278, '':1144, '':197, '"':1, 'ind':484, 'ones':3154, 'ian':1103, '",':756, '':1144, '':197, '"k':62911, 'ut':332, 'ai':2143, '_m':717, 'al':278, 'ay':352, '"':698, '':464, '':197, '],':1259, '':464, '':197, '"':1, 'start':2468, '_year':14645, '":':788, ' ':220, '1':16, '9':24, '4':19, '0':15, '.':13, '0':15, '':198, '':571, '':197, '}':532, '':298, '':197, ']':921, '':197, '':197, '},':1583, '':197, '':197, '{':515, '':298, '':197, '"':1, 'authority':84454, '":':788, ' "':330, 'Community':33768, ' and':323, ' family':2997, ' records':7424, '",':756, '':298, '':197, '"id':28700, '":':788, ' "':330, 'religious':96150, '_in':1243, 'stitution':10446, '",':756, '':298, '':197, '"name':31486, '":':788, ' "':330, 'Rel':6740, 'igious':22153, ' Institution':42864, '",':756, '':298, '':197, '"':1, 'timeline':48960, '":':788, ' [':2278, '':571, '':197, '{':515, '':464, '':197, '"':1, 'controller':7152, '":':788, ' "':330, 'community':28402, '",':756, '':464, '':197, '"':1, 'document':6062, '_types':9763, '":':788, ' [':2278, '':1144, '':197, '"':1, 'birth':27713, '_record':14192, '",':756, '':1144, '':197, '"':1, 'mar':5612, 'riage':8775, '_record':14192, '",':756, '':1144, '':197, '"':1, 'mar':5612, 'riage':8775, '_certificate':63047, '",':756, '':1144, '':197, '"':1, 'div':611, 'orce':16316, '_certificate':63047, '"':698, '':464, '':197, '],':1259, '':464, '':197, '"':1, 'end':408, '_year':14645, '":':788, ' ':220, '1':16, '9':24, '4':19, '9':24, '.':13, '0':15, ',':345, '':464, '':197, '"':1, 'languages':42824, '":':788, ' [':2278, '':1144, '':197, '"':1, 'ind':484, 'ones':3154, 'ian':1103, '",':756, '':1144, '':197, '"k':62911, 'ut':332, 'ai':2143, '_m':717, 'al':278, 'ay':352, '"':698, '':464, '':197, '],':1259, '':464, '':197, '"':1, 'start':2468, '_year':14645, '":':788, ' ':220, '1':16, '9':24, '4':19, '0':15, '.':13, '0':15, '':198, '':571, '':197, '}':532, '':298, '':197, ']':921, '':197, '':197, '},':1583, '':197, '':197, '{':515, '':298, '':197, '"':1, 'authority':84454, '":':788, ' "':330, 'Local':7319, ' customary':72248, ' decisions':11181, '",':756, '':298, '':197, '"id':28700, '":':788, ' "':330, 'traditional':86908, '_c':666, 'ouncil':6690, '",':756, '':298, '':197, '"name':31486, '":':788, ' "':330, 'Traditional':84682, ' Community':12062, ' Council':9074, '",':756, '':298, '':197, '"':1, 'timeline':48960, '":':788, ' [':2278, '':571, '':197, '{':515, '':464, '':197, '"':1, 'controller':7152, '":':788, ' "':330, 'local':2438, '_author':22938, 'ity':487, '",':756, '':464, '':197, '"':1, 'document':6062, '_types':9763, '":':788, ' [':2278, '':1144, '':197, '"w':80377, 'itness':8091, '_statement':37404, '",':756, '':1144, '':197, '"':1, 'custom':9163, 'ary':658, '_':62, 'ownership':78147, '_record':14192, '",':756, '':1144, '':197, '"':1, 'custom':9163, 'ary':658, '_confirmation':37681, '_letter':46117, '"':698, '':464, '':197, '],':1259, '':464, '':197, '"':1, 'end':408, '_year':14645, '":':788, ' ':220, '1':16, '9':24, '4':19, '9':24, '.':13, '0':15, ',':345, '':464, '':197, '"':1, 'languages':42824, '":':788, ' [':2278, '':1144, '':197, '"k':62911, 'ut':332, 'ai':2143, '_m':717, 'al':278, 'ay':352, '"':698, '':464, '':197, '],':1259, '':464, '':197, '"':1, 'start':2468, '_year':14645, '":':788, ' ':220, '1':16, '9':24, '4':19, '0':15, '.':13, '0':15, '':198, '':571, '':197, '}':532, '':298, '':197, ']':921, '':197, '':197, '},':1583, '':197, '':197, '{':515, '':298, '':197, '"':1, 'authority':84454, '":':788, ' "':330, 'Education':39134, ' records':7424, '",':756, '':298, '':197, '"id':28700, '":':788, ' "':330, 'school':21850, '_admin':12207, 'istration':4048, '",':756, '':298, '':197, '"name':31486, '":':788, ' "':330, 'School':32749, ' Administration':16713, '",':756, '':298, '':197, '"':1, 'timeline':48960, '":':788, ' [':2278, '':571, '':197, '{':515, '':464, '':197, '"':1, 'controller':7152, '":':788, ' "':330, 'd':67, 'utch':14061, '_col':10211, 'on':263, 'ial':530, '",':756, '':464, '':197, '"':1, 'document':6062, '_types':9763, '":':788, ' [':2278, '':1144, '':197, '"':1, 'student':12038, '_record':14192, '",':756, '':1144, '':197, '"':1, 'academic':90256, '_certificate':63047, '",':756, '':1144, '':197, '"':1, 'attendance':62625, '_record':14192, '"':698, '':464, '':197, '],':1259, '':464, '':197, '"':1, 'end':408, '_year':14645, '":':788, ' ':220, '1':16, '9':24, '4':19, '2':17, '.':13, '0':15, ',':345, '':464, '':197, '"':1, 'languages':42824, '":':788, ' [':2278, '':1144, '':197, '"d':44917, 'utch':14061, '",':756, '':1144, '':197, '"':1, 'ind':484, 'ones':3154, 'ian':1103, '"':698, '':464, '':197, '],':1259, '':464, '':197, '"':1, 'start':2468, '_year':14645, '":':788, ' ':220, '1':16, '9':24, '4':19, '0':15, '.':13, '0':15, '':198, '':571, '':197, '},':1583, '':571, '':197, '{':515, '':464, '':197, '"':1, 'controller':7152, '":':788, ' "':330, 'j':73, 'apanese':28689, '_':62, 'occupation':58262, '",':756, '':464, '':197, '"':1, 'document':6062, '_types':9763, '":':788, ' [':2278, '':1144, '':197, '"':1, 'student':12038, '_record':14192, '",':756, '':1144, '':197, '"':1, 'academic':90256, '_certificate':63047, '",':756, '':1144, '':197, '"':1, 'attendance':62625, '_record':14192, '"':698, '':464, '':197, '],':1259, '':464, '':197, '"':1, 'end':408, '_year':14645, '":':788, ' ':220, '1':16, '9':24, '4':19, '5':20, '.':13, '0':15, ',':345, '':464, '':197, '"':1, 'languages':42824, '":':788, ' [':2278, '':1144, '':197, '"':1, 'j':73, 'apanese':28689, '",':756, '':1144, '':197, '"':1, 'ind':484, 'ones':3154, 'ian':1103, '"':698, '':464, '':197, '],':1259, '':464, '':197, '"':1, 'start':2468, '_year':14645, '":':788, ' ':220, '1':16, '9':24, '4':19, '2':17, '.':13, '0':15, '':198, '':571, '':197, '},':1583, '':571, '':197, '{':515, '':464, '':197, '"':1, 'controller':7152, '":':788, ' "':330, 'ind':484, 'ones':3154, 'ian':1103, '_re':1288, 'public':888, '",':756, '':464, '':197, '"':1, 'document':6062, '_types':9763, '":':788, ' [':2278, '':1144, '':197, '"':1, 'student':12038, '_record':14192, '",':756, '':1144, '':197, '"':1, 'academic':90256, '_certificate':63047, '",':756, '':1144, '':197, '"':1, 'attendance':62625, '_record':14192, '"':698, '':464, '':197, '],':1259, '':464, '':197, '"':1, 'end':408, '_year':14645, '":':788, ' ':220, '1':16, '9':24, '4':19, '9':24, '.':13, '0':15, ',':345, '':464, '':197, '"':1, 'languages':42824, '":':788, ' [':2278, '':1144, '':197, '"':1, 'ind':484, 'ones':3154, 'ian':1103, '"':698, '':464, '':197, '],':1259, '':464, '':197, '"':1, 'start':2468, '_year':14645, '":':788, ' ':220, '1':16, '9':24, '4':19, '5':20, '.':13, '0':15, '':198, '':571, '':197, '}':532, '':298, '':197, ']':921, '':197, '':197, '},':1583, '':197, '':197, '{':515, '':298, '':197, '"':1, 'authority':84454, '":':788, ' "':330, 'Health':14542, ' records':7424, '",':756, '':298, '':197, '"id':28700, '":':788, ' "':330, 'medical':68116, '_in':1243, 'stitution':10446, '",':756, '':298, '':197, '"name':31486, '":':788, ' "':330, 'Medical':52554, ' Institution':42864, '",':756, '':298, '':197, '"':1, 'timeline':48960, '":':788, ' [':2278, '':571, '':197, '{':515, '':464, '':197, '"':1, 'controller':7152, '":':788, ' "':330, 'civil':93130, 'ian':1103, '",':756, '':464, '':197, '"':1, 'document':6062, '_types':9763, '":':788, ' [':2278, '':1144, '':197, '"':1, 'medical':68116, '_record':14192, '",':756, '':1144, '':197, '"':1, 'medical':68116, '_certificate':63047, '",':756, '':1144, '':197, '"':1, 'report':11736, '"':698, '':464, '':197, '],':1259, '':464, '':197, '"':1, 'end':408, '_year':14645, '":':788, ' ':220, '1':16, '9':24, '4':19, '9':24, '.':13, '0':15, ',':345, '':464, '':197, '"':1, 'languages':42824, '":':788, ' [':2278, '':1144, '':197, '"d':44917, 'utch':14061, '",':756, '':1144, '':197, '"':1, 'ind':484, 'ones':3154, 'ian':1103, '"':698, '':464, '':197, '],':1259, '':464, '':197, '"':1, 'start':2468, '_year':14645, '":':788, ' ':220, '1':16, '9':24, '4':19, '0':15, '.':13, '0':15, '':198, '':571, '':197, '}':532, '':298, '':197, ']':921, '':197, '':197, '},':1583, '':197, '':197, '{':515, '':298, '':197, '"':1, 'authority':84454, '":':788, ' "':330, 'Invest':33876, 'igation':17930, ' and':323, ' security':4763, ' records':7424, '",':756, '':298, '':197, '"id':28700, '":':788, ' "':330, 'security':17039, '_office':79604, '",':756, '':298, '':197, '"name':31486, '":':788, ' "':330, 'Security':15352, ' Office':8246, '",':756, '':298, '':197, '"':1, 'timeline':48960, '":':788, ' [':2278, '':571, '':197, '{':515, '':464, '':197, '"':1, 'controller':7152, '":':788, ' "':330, 'd':67, 'utch':14061, '_col':10211, 'on':263, 'ial':530, '",':756, '':464, '':197, '"':1, 'document':6062, '_types':9763, '":':788, ' [':2278, '':1144, '':197, '"':1, 'invest':42014, 'igation':17930, '_report':14813, '",':756, '':1144, '':197, '"':1, 'official':32812, '_notice':51807, '",':756, '':1144, '':197, '"w':80377, 'itness':8091, '_statement':37404, '"':698, '':464, '':197, '],':1259, '':464, '':197, '"':1, 'end':408, '_year':14645, '":':788, ' ':220, '1':16, '9':24, '4':19, '2':17, '.':13, '0':15, ',':345, '':464, '':197, '"':1, 'languages':42824, '":':788, ' [':2278, '':1144, '':197, '"d':44917, 'utch':14061, '",':756, '':1144, '':197, '"':1, 'ind':484, 'ones':3154, 'ian':1103, '"':698, '':464, '':197, '],':1259, '':464, '':197, '"':1, 'start':2468, '_year':14645, '":':788, ' ':220, '1':16, '9':24, '4':19, '0':15, '.':13, '0':15, '':198, '':571, '':197, '},':1583, '':571, '':197, '{':515, '':464, '':197, '"':1, 'controller':7152, '":':788, ' "':330, 'j':73, 'apanese':28689, '_':62, 'occupation':58262, '",':756, '':464, '':197, '"':1, 'document':6062, '_types':9763, '":':788, ' [':2278, '':1144, '':197, '"':1, 'invest':42014, 'igation':17930, '_report':14813, '",':756, '':1144, '':197, '"':1, 'official':32812, '_notice':51807, '"':698, '':464, '':197, '],':1259, '':464, '':197, '"':1, 'end':408, '_year':14645, '":':788, ' ':220, '1':16, '9':24, '4':19, '5':20, '.':13, '0':15, ',':345, '':464, '':197, '"':1, 'languages':42824, '":':788, ' [':2278, '':1144, '':197, '"':1, 'j':73, 'apanese':28689, '",':756, '':1144, '':197, '"':1, 'ind':484, 'ones':3154, 'ian':1103, '"':698, '':464, '':197, '],':1259, '':464, '':197, '"':1, 'start':2468, '_year':14645, '":':788, ' ':220, '1':16, '9':24, '4':19, '2':17, '.':13, '0':15, '':198, '':571, '':197, '}':532, '':298, '':197, ']':921, '':197, '':197, '},':1583, '':197, '':197, '{':515, '':298, '':197, '"':1, 'authority':84454, '":':788, ' "':330, 'Private':16787, ' historical':13656, ' records':7424, '",':756, '':298, '':197, '"id':28700, '":':788, ' "':330, 'family':18984, '_archive':42873, '",':756, '':298, '':197, '"name':31486, '":':788, ' "':330, 'Family':15192, ' Archive':29702, '",':756, '':298, '':197, '"':1, 'timeline':48960, '":':788, ' [':2278, '':571, '':197, '{':515, '':464, '':197, '"':1, 'controller':7152, '":':788, ' "':330, 'private':1996, '",':756, '':464, '':197, '"':1, 'document':6062, '_types':9763, '":':788, ' [':2278, '':1144, '':197, '"':1, 'personal':29612, '_letter':46117, '",':756, '':1144, '':197, '"':1, 'di':8579, 'ary':658, '_entry':9078, '",':756, '':1144, '':197, '"':1, 'certificate':63586, '"':698, '':464, '':197, '],':1259, '':464, '':197, '"':1, 'end':408, '_year':14645, '":':788, ' ':220, '1':16, '9':24, '4':19, '9':24, '.':13, '0':15, ',':345, '':464, '':197, '"':1, 'languages':42824, '":':788, ' [':2278, '':1144, '':197, '"':1, 'ind':484, 'ones':3154, 'ian':1103, '",':756, '':1144, '':197, '"k':62911, 'ut':332, 'ai':2143, '_m':717, 'al':278, 'ay':352, '",':756, '':1144, '':197, '"d':44917, 'utch':14061, '"':698, '':464, '':197, '],':1259, '':464, '':197, '"':1, 'start':2468, '_year':14645, '":':788, ' ':220, '1':16, '9':24, '4':19, '0':15, '.':13, '0':15, '':198, '':571, '':197, '}':532, '':298, '':197, ']':921, '':197, '':197, '}':532, '':197, '],':1259, '':197, '"':1, 'languages':42824, '":':788, ' [':2278, '':197, '':197, '{':515, '':298, '':197, '"':1, 'generation':80057, '":':788, ' {':341, '':571, '':197, '"':1, 'allowed':20967, '":':788, ' true':830, ',':345, '':571, '':197, '"':1, 'full':8878, '_document':26231, '_generation':64191, '":':788, ' true':830, '':198, '':298, '':197, '},':1583, '':298, '':197, '"id':28700, '":':788, ' "':330, 'ind':484, 'ones':3154, 'ian':1103, '",':756, '':298, '':197, '"name':31486, '":':788, ' "':330, 'Ind':1425, 'ones':3154, 'ian':1103, '",':756, '':298, '':197, '"':1, 'usage':17698, '":':788, ' [':2278, '':571, '':197, '"':1, 'local':2438, ' communication':10535, '",':756, '':571, '':197, '"':1, 'community':28402, ' records':7424, '",':756, '':571, '':197, '"':1, 'personal':29612, ' letters':11931, '"':698, '':298, '':197, ']':921, '':197, '':197, '},':1583, '':197, '':197, '{':515, '':298, '':197, '"':1, 'generation':80057, '":':788, ' {':341, '':571, '':197, '"':1, 'allowed':20967, '":':788, ' true':830, ',':345, '':571, '':197, '"':1, 'full':8878, '_document':26231, '_generation':64191, '":':788, ' true':830, '':198, '':298, '':197, '},':1583, '':298, '':197, '"id':28700, '":':788, ' "':330, 'd':67, 'utch':14061, '",':756, '':298, '':197, '"name':31486, '":':788, ' "':330, 'D':35, 'utch':14061, '",':756, '':298, '':197, '"':1, 'usage':17698, '":':788, ' [':2278, '':571, '':197, '"':1, 'colon':76824, 'ial':530, ' administration':8567, '",':756, '':571, '':197, '"':1, 'official':32812, ' records':7424, '",':756, '':571, '':197, '"':1, 'legal':6428, ' documents':9293, '"':698, '':298, '':197, ']':921, '':197, '':197, '},':1583, '':197, '':197, '{':515, '':298, '':197, '"':1, 'generation':80057, '":':788, ' {':341, '':571, '':197, '"':1, 'allowed':20967, '":':788, ' true':830, ',':345, '':571, '':197, '"':1, 'full':8878, '_document':26231, '_generation':64191, '":':788, ' true':830, '':198, '':298, '':197, '},':1583, '':298, '':197, '"id':28700, '":':788, ' "':330, 'j':73, 'apanese':28689, '",':756, '':298, '':197, '"name':31486, '":':788, ' "':330, 'Japanese':51466, '",':756, '':298, '':197, '"':1, 'usage':17698, '":':788, ' [':2278, '':571, '':197, '"':1, 'occupation':58262, ' administration':8567, '",':756, '':571, '':197, '"':1, 'm':76, 'ilitary':20247, ' records':7424, '"':698, '':298, '':197, ']':921, '':197, '':197, '},':1583, '':197, '':197, '{':515, '':298, '':197, '"':1, 'generation':80057, '":':788, ' {':341, '':571, '':197, '"':1, 'allowed':20967, '":':788, ' true':830, ',':345, '':571, '':197, '"':1, 'full':8878, '_document':26231, '_generation':64191, '":':788, ' false':895, '':198, '':298, '':197, '},':1583, '':298, '':197, '"id':28700, '":':788, ' "':330, 'k':74, 'ut':332, 'ai':2143, '_m':717, 'al':278, 'ay':352, '",':756, '':298, '':197, '"name':31486, '":':788, ' "':330, 'K':42, 'ut':332, 'ai':2143, ' Malay':79140, '",':756, '':298, '':197, '"':1, 'usage':17698, '":':788, ' [':2278, '':571, '':197, '"':1, 'personal':29612, ' letters':11931, '"':698, '':298, '':197, ']':921, '':197, '':197, '}':532, '':197, '],':1259, '':197, '"':1, 'overview':49278, '":':788, ' {':341, '':197, '':197, '"description':67993, '":':788, ' "':330, 'A':32, ' fictional':43582, ' historical':13656, ' setting':6243, ' inspired':14606, ' by':553, ' Indonesia':23968, ' (':320, 'Bal':37889, 'ik':1579, 'p':79, 'apan':5359, ')':8, ' during':2337, ' the':279, ' ':220, '1':16, '9':24, '4':19, '0':15, 's':82, ',':11, ' where':1380, ' society':8232, ' undergo':36671, 'es':288, ' political':4948, ' transition':9142, ' and':323, ' administrative':22707, ' changes':4344, '.",':10346, '':197, '':197, '"':1, 'histor':43441, 'ical':938, '_context':8467, '":':788, ' [':2278, '':298, '':197, '"':1, 'Late':61457, ' Dutch':23234, ' colonial':36583, ' period':4168, '",':756, '':298, '':197, '"':1, 'Japanese':51466, ' occupation':29647, ' period':4168, ' (':320, '1':16, '9':24, '4':19, '2':17, '-':12, '1':16, '9':24, '4':19, '5':20, ')",':15752, '':298, '':197, '"':1, 'Ind':1425, 'ones':3154, 'ian':1103, ' independence':23665, ' period':4168, ' after':1283, ' ':220, '1':16, '9':24, '4':19, '5':20, '",':756, '':298, '':197, '"':1, 'Political':80047, ' and':323, ' administrative':22707, ' transition':9142, '",':756, '':298, '':197, '"':1, 'Located':47752, ' in':304, ' Bal':19420, 'ik':1579, 'p':79, 'apan':5359, ' City':4311, '"':698, '':197, '':197, '],':1259, '':197, '':197, '"id':28700, '":':788, ' "':330, 'ind':484, 'onesia':56672, '_':62, '1':16, '9':24, '4':19, '0':15, 's':82, '",':756, '':197, '':197, '"name':31486, '":':788, ' "':330, 'Ind':1425, 'onesia':56672, ' ':220, '1':16, '9':24, '4':19, '0':15, 's':82, ' Archive':29702, '",':756, '':197, '':197, '"time':32139, '_period':20818, '":':788, ' {':341, '':298, '':197, '"description':67993, '":':788, ' "':330, 'A':32, ' period':4168, ' involving':15860, ' late':3309, ' colonial':36583 ]
[1786181065] n_past = 4096
[1786181065] embd_inp.size(): 4282, n_consumed: 4096
[1786181065] eval: [ ' administration':8567, ',':11, ' Japanese':10769, ' occupation':29647, ',':11, ' and':323, ' early':4124, ' independence':23665, ' era':11385, '.",':10346, '':298, '':197, '"':1, 'end':408, '_year':14645, '":':788, ' ':220, '1':16, '9':24, '4':19, '9':24, '.':13, '0':15, ',':345, '':298, '':197, '"':1, 'start':2468, '_year':14645, '":':788, ' ':220, '1':16, '9':24, '4':19, '0':15, '.':13, '0':15, '':198, '':197, '':197, '}':532, '':197, '},':1583, '':197, '"':1, 'required':6279, '_elements':22801, '":':788, ' {':341, '':197, '':197, '"':1, 'document':6062, '_properties':25158, '":':788, ' [':2278, '':298, '':197, '"':1, 'author':3094, '",':756, '':298, '':197, '"':1, 'date':1028, '",':756, '':298, '':197, '"':1, 'location':2527, '",':756, '':298, '':197, '"in':54401, 'stitution':10446, '",':756, '':298, '':197, '"':1, 'language':11528, '"':698, '':197, '':197, '],':1259, '':197, '':197, '"':1, 'setting':15320, '":':788, ' [':2278, '':298, '':197, '"':1, '1':16, '9':24, '4':19, '0':15, 's':82, ' Indonesian':58829, ' society':8232, '",':756, '':298, '':197, '"':1, 'histor':43441, 'ical':938, ' administration':8567, '",':756, '':298, '':197, '"':1, 'physical':46592, ' documents':9293, '",':756, '':298, '':197, '"':1, 'paper':19166, '-based':5980, ' records':7424, '"':698, '':197, '':197, '],':1259, '':197, '':197, '"':1, 'technology':58242, '_level':8274, '":':788, ' [':2278, '':298, '':197, '"':1, 'hand':10661, 'written':25569, ' documents':9293, '",':756, '':298, '':197, '"':1, 'typ':3653, 'ew':365, 'riters':31829, '",':756, '':298, '':197, '"':1, 'postal':33170, ' communication':10535, '",':756, '':298, '':197, '"':1, 'printed':52213, ' records':7424, '"':698, '':197, '':197, ']':921, '':197, '}':532, '}':630, 'User':1474, ' request':1681, ':':510, 'Generate':31115, ' a':264, ' one':825, '-s':1331, 'entence':18380, ' character':3668, ' biography':47245, ' for':369, ' Cath':12234, 'ar':277, 'ina':2210, ' Sant':22896, 'oso':27147, ' (':320, 'female':42634, ',':11, ' indo':41000, '_e':2204, 'uropean':73287, ').':568 ]
[1786181067] n_past = 4282
[1786181067] last: [ '],':1259, '':197, '':197, '"':1, 'technology':58242, '_level':8274, '":':788, ' [':2278, '':298, '':197, '"':1, 'hand':10661, 'written':25569, ' documents':9293, '",':756, '':298, '':197, '"':1, 'typ':3653, 'ew':365, 'riters':31829, '",':756, '':298, '':197, '"':1, 'postal':33170, ' communication':10535, '",':756, '':298, '':197, '"':1, 'printed':52213, ' records':7424, '"':698, '':197, '':197, ']':921, '':197, '}':532, '}':630, 'User':1474, ' request':1681, ':':510, 'Generate':31115, ' a':264, ' one':825, '-s':1331, 'entence':18380, ' character':3668, ' biography':47245, ' for':369, ' Cath':12234, 'ar':277, 'ina':2210, ' Sant':22896, 'oso':27147, ' (':320, 'female':42634, ',':11, ' indo':41000, '_e':2204, 'uropean':73287, ').':568, '<|endoftext|>':151643 ]
[1786181067] n_remain: 399
[1786181067] eval: [ '<|endoftext|>':151643 ]
[1786181067] n_past = 4283
[1786181067] last: [ '':197, '':197, '"':1, 'technology':58242, '_level':8274, '":':788, ' [':2278, '':298, '':197, '"':1, 'hand':10661, 'written':25569, ' documents':9293, '",':756, '':298, '':197, '"':1, 'typ':3653, 'ew':365, 'riters':31829, '",':756, '':298, '':197, '"':1, 'postal':33170, ' communication':10535, '",':756, '':298, '':197, '"':1, 'printed':52213, ' records':7424, '"':698, '':197, '':197, ']':921, '':197, '}':532, '}':630, 'User':1474, ' request':1681, ':':510, 'Generate':31115, ' a':264, ' one':825, '-s':1331, 'entence':18380, ' character':3668, ' biography':47245, ' for':369, ' Cath':12234, 'ar':277, 'ina':2210, ' Sant':22896, 'oso':27147, ' (':320, 'female':42634, ',':11, ' indo':41000, '_e':2204, 'uropean':73287, ').':568, '<|endoftext|>':151643, 'Human':33975 ]
[1786181067] n_remain: 398
[1786181067] eval: [ 'Human':33975 ]
[1786181068] n_past = 4284
[1786181068] last: [ '':197, '"':1, 'technology':58242, '_level':8274, '":':788, ' [':2278, '':298, '':197, '"':1, 'hand':10661, 'written':25569, ' documents':9293, '",':756, '':298, '':197, '"':1, 'typ':3653, 'ew':365, 'riters':31829, '",':756, '':298, '':197, '"':1, 'postal':33170, ' communication':10535, '",':756, '':298, '':197, '"':1, 'printed':52213, ' records':7424, '"':698, '':197, '':197, ']':921, '':197, '}':532, '}':630, 'User':1474, ' request':1681, ':':510, 'Generate':31115, ' a':264, ' one':825, '-s':1331, 'entence':18380, ' character':3668, ' biography':47245, ' for':369, ' Cath':12234, 'ar':277, 'ina':2210, ' Sant':22896, 'oso':27147, ' (':320, 'female':42634, ',':11, ' indo':41000, '_e':2204, 'uropean':73287, ').':568, '<|endoftext|>':151643, 'Human':33975, ':':25 ]
[1786181068] n_remain: 397
[1786181068] eval: [ ':':25 ]
